PartNumber,Description,Value,Tolerance_pct,Voltage_V,Type,URL,Price
"Mundorf SESG-0,0010T5.1500","Mundorf SESG-0,0010T5.1500 | 0,001 µF | 5% | 1500 V",0.001,5.0,1500.0,Film Capacitor,https://www.soundimports.eu/en/mundorf-sesg-00010t51500.html,33.02
Audyn Q4/001/400,"Audyn Q4/001/400 | 0,01 µF | 5% | 400 V",0.01,5.0,400.0,Film Capacitor,https://www.soundimports.eu/en/audyn-q4-001-400.html,2.44
Dayton Audio DFFC-0.01,"Dayton Audio DFFC-0.01 | 0,01 µF | 5% | 400 V",0.01,5.0,400.0,Film Capacitor,https://www.soundimports.eu/en/dayton-audio-dffc-001.html,3.26
"Mundorf ME-0,010T5.650","Mundorf ME-0,010T5.650 | 0,01 µF | 5% | 650 V",0.01,5.0,650.0,Film Capacitor,https://www.soundimports.eu/en/mundorf-me-0010t5650.html,11.53
"Mundorf MEO-0,010T5.650","Mundorf MEO-0,010T5.650 | 0,01 µF | 5% | 650 V | Oil",0.01,5.0,650.0,Film Capacitor,https://www.soundimports.eu/en/mundorf-meo0010t5650.html,13.18
Jantzen Audio 001-7302,"Jantzen Audio 001-7302 | 0,01 µF | 5% | 630 V",0.01,5.0,630.0,Film Capacitor,https://www.soundimports.eu/en/jantzen-audio-001-7302.html,14.83
"Mundorf MESGO-0,010T5.650","Mundorf MESGO-0,010T5.650 | 0,01 µF | 5% | 650 V",0.01,5.0,650.0,Film Capacitor,https://www.soundimports.eu/en/mundorf-mesgo-0010t5650.html,24.75
Audyn FFC0010,"Audyn FFC0010 | 0,01 µF | 20% | 400 V",0.01,20.0,400.0,Film Capacitor,https://www.soundimports.eu/en/audyn-ffc0010.html,28.06
"Mundorf SESG-0,010T3.1500","Mundorf SESG-0,010T3.1500 | 0,01 µF | 3% | 1500 V",0.01,3.0,1500.0,Film Capacitor,https://www.soundimports.eu/en/mundorf-sesg-0010t31500.html,33.02
Intertechnik GLIK010,"Intertechnik GLIK010 | 0,01 µF | 1% | 1000 V | MICA Cap",0.01,1.0,1000.0,Film Capacitor,https://www.soundimports.eu/en/it-intertechnik-glik010.html,74.34
Jantzen Audio 001-7304,"Jantzen Audio 001-7304 | 0,022 µF | 5% | 630 V",0.022,5.0,630.0,Film Capacitor,https://www.soundimports.eu/en/jantzen-audio-001-7304.html,14.83
Audyn FFC0022,"Audyn FFC0022 | 0,022 µF | 20% | 400 V",0.022,20.0,400.0,Film Capacitor,https://www.soundimports.eu/en/audyn-ffc0022.html,24.75
Audyn FFC0033,"Audyn FFC0033 | 0,033 µF | 20% | 400 V",0.033,20.0,400.0,Film Capacitor,https://www.soundimports.eu/en/audyn-ffc0033.html,31.36
Audyn FFC0047,"Audyn FFC0047 | 0,047 µF | 20% | 400 V",0.047,20.0,400.0,Film Capacitor,https://www.soundimports.eu/en/audyn-ffc0047.html,34.09
Jantzen Audio 001-0200,"Jantzen Audio 001-0200 | 0,10 µF | 5% | 400 V",0.1,5.0,400.0,Film Capacitor,https://www.soundimports.eu/en/jantzen-audio-001-0200.html,0.82
Dayton Audio DMPC-0.10,"Dayton Audio DMPC-0.10 | 0,10 µF | 5% | 250 V",0.1,5.0,250.0,Film Capacitor,https://www.soundimports.eu/en/dayton-audio-dmpc-010.html,1.23
Audyn Q6/010/600,"Audyn Q6/010/600 | 0,10 µF | 5% | 600 V",0.1,5.0,600.0,Film Capacitor,https://www.soundimports.eu/en/audyn-q6-010-600.html,2.44
Audyn Q4/010/400,"Audyn Q4/010/400 | 0,10 µF | 5% | 400 V",0.1,5.0,400.0,Film Capacitor,https://www.soundimports.eu/en/audyn-q4-010-400.html,2.69
Dayton Audio DFFC-0.10,"Dayton Audio DFFC-0.10 | 0,10 µF | 5% | 400 V",0.1,5.0,400.0,Film Capacitor,https://www.soundimports.eu/en/dayton-audio-dffc-010.html,2.85
Audyn KPQS/0.1/400,"Audyn KPQS/0.1/400 | 0,10 µF | 5% | 400 V",0.1,5.0,400.0,Film Capacitor,https://www.soundimports.eu/en/audyn-kpqs-0-1-400.html,3.51
Audyn KPQS/010/630,"Audyn KPQS/010/630 | 0,10 µF | 5% | 630 V",0.1,5.0,630.0,Film Capacitor,https://www.soundimports.eu/en/audyn-kpqs-010-630.html,3.68
Audyn MKTA/0.10/100,"Audyn MKTA/0.10/100 | 0,1 µF | 5% | 100 V",0.1,5.0,100.0,Film Capacitor,https://www.soundimports.eu/en/audyn-mkta-0-10-100.html,3.68
"Mundorf MCAP630-0,10","Mundorf MCAP630-0,10 | 0,10 µF | 3% | 630 V",0.1,3.0,630.0,Film Capacitor,https://www.soundimports.eu/en/mundorf-mcap630-010.html,5.74
Audyn PLUS/0.10/12,"Audyn PLUS/0.10/12 | 0,10 µF | 2% | 1200 V",0.1,2.0,1200.0,Film Capacitor,https://www.soundimports.eu/en/audyn-plus-0-10-12.html,6.82
"Mundorf ME-0,10T5.650","Mundorf ME-0,10T5.650 | 0,10 µF | 5% | 650 V",0.1,5.0,650.0,Film Capacitor,https://www.soundimports.eu/en/mundorf-me-010t5650.html,11.53
Jantzen Audio 001-0502,"Jantzen Audio 001-0502 | 0,10 µF | 2% | 1200 V",0.1,2.0,1200.0,Film Capacitor,https://www.soundimports.eu/en/jantzen-audio-001-0502.html,11.94
"Mundorf MEO-0,10T5.650","Mundorf MEO-0,10T5.650 | 0,10 µF | 5% | 650 V | Oil",0.1,5.0,650.0,Film Capacitor,https://www.soundimports.eu/en/mundorf-meo010t5650.html,13.18
Jantzen Audio 001-0602,"Jantzen Audio 001-0602 | 0,10 µF | 2% | 1200 V",0.1,2.0,1200.0,Film Capacitor,https://www.soundimports.eu/en/jantzen-audio-001-0602.html,16.07
"Mundorf SUP8-0,10","Mundorf SUP8-0,10 | 0,10 µF | 2% | 1400 V",0.1,2.0,1400.0,Film Capacitor,https://www.soundimports.eu/en/mundorf-sup8-010.html,16.49
Audyn KPSN/010/630,"Audyn KPSN/010/630 | 0,10 µF | 5% | 630 V",0.1,5.0,630.0,Film Capacitor,https://www.soundimports.eu/en/audyn-kpsn-010-630.html,16.49
Audyn REF/0.10/600,"Audyn REF/0.10/600 | 0,10 µF | 2% | 600 V",0.1,2.0,600.0,Film Capacitor,https://www.soundimports.eu/en/audyn-ref-0-10-600.html,19.38
"Mundorf MESGO-0,10T5.650","Mundorf MESGO-0,10T5.650 | 0,1 µF | 5% | 650 V",0.1,5.0,650.0,Film Capacitor,https://www.soundimports.eu/en/mundorf-mesgo-010t5650.html,24.75
Jantzen Audio 001-7306,"Jantzen Audio 001-7306 | 0,10 µF | 5% | 630 V",0.1,5.0,630.0,Film Capacitor,https://www.soundimports.eu/en/jantzen-audio-001-7306.html,24.75
Audyn ATC/0.10/630,"Audyn ATC/0.10/630 | 0,10 µF | 2% | 630 V",0.1,2.0,630.0,Film Capacitor,https://www.soundimports.eu/en/audyn-atc-0-10-630.html,32.19
Audyn FFC0100,"Audyn FFC0100 | 0,10 µF | 10% | 400 V",0.1,10.0,400.0,Film Capacitor,https://www.soundimports.eu/en/audyn-ffc0100.html,32.19
"Mundorf SESG-0,10T2.1000","Mundorf SESG-0,10T2.1000 | 0,1 µF | 2% | 1000 V",0.1,2.0,1000.0,Film Capacitor,https://www.soundimports.eu/en/mundorf-sesg-010t21000.html,33.02
Jantzen Audio 001-0202,"Jantzen Audio 001-0202 | 0,12 µF | 5% | 400 V",0.12,5.0,400.0,Film Capacitor,https://www.soundimports.eu/en/jantzen-audio-001-0202.html,0.82
Jantzen Audio 001-0204,"Jantzen Audio 001-0204 | 0,15 µF | 5% | 400 V",0.15,5.0,400.0,Film Capacitor,https://www.soundimports.eu/en/jantzen-audio-001-0204.html,0.82
Audyn Q6/015/600,"Audyn Q6/015/600 | 0,15 µF | 5% | 600 V",0.15,5.0,600.0,Film Capacitor,https://www.soundimports.eu/en/audyn-q6-015-600.html,2.44
Audyn Q4/015/400,"Audyn Q4/015/400 | 0,15 µF | 5% | 400 V",0.15,5.0,400.0,Film Capacitor,https://www.soundimports.eu/en/audyn-q4-015-400.html,2.85
Audyn MKTA/0.15/100,"Audyn MKTA/0.15/100 | 0,15 µF | 5% | 100 V",0.15,5.0,100.0,Film Capacitor,https://www.soundimports.eu/en/audyn-mkta-0-15-100.html,3.68
ClarityCap PX,"ClarityCap PX | 0,15 µF | 5% | 250 V",0.15,5.0,250.0,Film Capacitor,https://www.soundimports.eu/en/claritycap-px0u15j250vdc.html,4.12
"Mundorf MCAP630-0,15","Mundorf MCAP630-0,15 | 0,15 µF | 3% | 630 V",0.15,3.0,630.0,Film Capacitor,https://www.soundimports.eu/en/mundorf-mcap630-015.html,5.74
Audyn PLUS/0.15/12,"Audyn PLUS/0.15/12 | 0,15 µF | 2% | 1200 V",0.15,2.0,1200.0,Film Capacitor,https://www.soundimports.eu/en/audyn-plus-0-15-12.html,7.4
"Mundorf ME-0,15T5.450","Mundorf ME-0,15T5.450 | 0,15 µF | 5% | 450 V",0.15,5.0,450.0,Film Capacitor,https://www.soundimports.eu/en/mundorf-me-015t5450.html,11.53
Jantzen Audio 001-0506,"Jantzen Audio 001-0506 | 0,15 µF | 2% | 1200 V",0.15,2.0,1200.0,Film Capacitor,https://www.soundimports.eu/en/jantzen-audio-001-0506.html,12.36
"Mundorf MEO-0,15T5.450","Mundorf MEO-0,15T5.450 | 0,15 µF | 5% | 450 V | Oil",0.15,5.0,450.0,Film Capacitor,https://www.soundimports.eu/en/mundorf-meo015t5450.html,13.18
Jantzen Audio 001-0606,"Jantzen Audio 001-0606 | 0,15 µF | 2% | 1200 V",0.15,2.0,1200.0,Film Capacitor,https://www.soundimports.eu/en/jantzen-audio-001-0606.html,16.07
Audyn KPSN/015/630,"Audyn KPSN/015/630 | 0,15 µF | 5% | 630 V",0.15,5.0,630.0,Film Capacitor,https://www.soundimports.eu/en/audyn-kpsn-015-630.html,17.73
"Mundorf MESGO-0,15T5.450","Mundorf MESGO-0,15T5.450 | 0,15 µF | 5% | 450 V | Oil",0.15,5.0,450.0,Film Capacitor,https://www.soundimports.eu/en/mundorf-mesgo-015t5-450.html,24.75
"Mundorf SESG-0,15T2.1000","Mundorf SESG-0,15T2.1000 | 0,15 µF | 2% | 1000 V",0.15,2.0,1000.0,Film Capacitor,https://www.soundimports.eu/en/mundorf-sesg-015t21000.html,37.15
Audyn FFC0150,"Audyn FFC0150 | 0,15 µF | 10% | 400 V",0.15,10.0,400.0,Film Capacitor,https://www.soundimports.eu/en/audyn-ffc0150.html,39.63
Jantzen Audio 001-0206,"Jantzen Audio 001-0206 | 0,18 µF | 5% | 400 V",0.18,5.0,400.0,Film Capacitor,https://www.soundimports.eu/en/jantzen-audio-001-0206.html,1.23
Dayton Audio DMPC-0.22,"Dayton Audio DMPC-0.22 | 0,22 µF | 5% | 250 V",0.22,5.0,250.0,Film Capacitor,https://www.soundimports.eu/en/dayton-audio-dmpc-022.html,1.03
Dayton Audio PMPC-0.22,"Dayton Audio PMPC-0.22 | 0,22 µF | 1% | 250 V",0.22,1.0,250.0,Film Capacitor,https://www.soundimports.eu/en/dayton-audio-pmpc-022.html,1.2
Jantzen Audio 001-0208,"Jantzen Audio 001-0208 | 0,22 µF | 5% | 400 V",0.22,5.0,400.0,Film Capacitor,https://www.soundimports.eu/en/jantzen-audio-001-0208.html,1.23
Audyn Q4/022/400,"Audyn Q4/022/400  | 0,22 µF | 5% | 400 V",0.22,5.0,400.0,Film Capacitor,https://www.soundimports.eu/en/audyn-q4-022-400.html,2.85
Audyn Q6/022/600,"Audyn Q6/022/600 | 0,22 µF | 5% | 600 V",0.22,5.0,600.0,Film Capacitor,https://www.soundimports.eu/en/audyn-q6-022-600.html,2.85
Dayton Audio DFFC-0.22,"Dayton Audio DFFC-0.22 | 0,22 µF | 5% | 400 V",0.22,5.0,400.0,Film Capacitor,https://www.soundimports.eu/en/dayton-audio-dffc-022.html,2.85
Audyn KPQS/022/400,"Audyn KPQS/022/400 | 0,22 µF | 5% | 400 V",0.22,5.0,400.0,Film Capacitor,https://www.soundimports.eu/en/audyn-kpqs-022-400.html,3.51
Audyn KPQS/022/630,"Audyn KPQS/022/630 | 0,22 µF | 5% | 630 V",0.22,5.0,630.0,Film Capacitor,https://www.soundimports.eu/en/audyn-kpqs-022-630.html,3.68
Audyn MKTA/0.22/100,"Audyn MKTA/0.22/100 | 0,22 µF | 5% | 100 V",0.22,5.0,100.0,Film Capacitor,https://www.soundimports.eu/en/audyn-mkta-0-22-100.html,4.09
ClarityCap PX,"ClarityCap PX | 0,22 µF | 5% | 250 V",0.22,5.0,250.0,Film Capacitor,https://www.soundimports.eu/en/claritycap-px0u22j250vdc.html,4.12
"Mundorf MCAP630-0,22","Mundorf MCAP630-0,22 | 0,22 µF | 3% | 630 V",0.22,3.0,630.0,Film Capacitor,https://www.soundimports.eu/en/mundorf-mcap630-022.html,5.33
Audyn PLUS/0.22/12,"Audyn PLUS/0.22/12 | 0,22 µF | 2% | 1200 V",0.22,2.0,1200.0,Film Capacitor,https://www.soundimports.eu/en/audyn-plus-0-22-12.html,7.4
"Mundorf ME-0,22T4.450","Mundorf ME-0,22T4.450 | 0,22 µF | 4% | 450 V",0.22,4.0,450.0,Film Capacitor,https://www.soundimports.eu/en/mundorf-me-022t4450.html,11.53
Jantzen Audio 001-0510,"Jantzen Audio 001-0510 | 0,22 µF | 2% | 1200 V",0.22,2.0,1200.0,Film Capacitor,https://www.soundimports.eu/en/jantzen-audio-001-0510.html,12.36
"Mundorf MEO-0,22T4.450","Mundorf MEO-0,22T4.450 | 0,22 µF | 4% | 450 V | Oil",0.22,4.0,450.0,Film Capacitor,https://www.soundimports.eu/en/mundorf-meo022t4450.html,13.18
Audyn KPSN/022/250,"Audyn KPSN/022/250 | 0,22 µF | 2% | 250 V",0.22,2.0,250.0,Film Capacitor,https://www.soundimports.eu/en/audyn-kpsn-022-250.html,13.35
"Mundorf SUP8-0,22","Mundorf SUP8-0,22 | 0,22 µF | 2% | 1400 V",0.22,2.0,1400.0,Film Capacitor,https://www.soundimports.eu/en/mundorf-sup8-022.html,16.49
Jantzen Audio 001-0610,"Jantzen Audio 001-0610 | 0,22 µF | 2% | 1200 V",0.22,2.0,1200.0,Film Capacitor,https://www.soundimports.eu/en/jantzen-audio-001-0610.html,16.49
Audyn KPSN/022/630,"Audyn KPSN/022/630 | 0,22 µF | 5% | 630 V",0.22,5.0,630.0,Film Capacitor,https://www.soundimports.eu/en/audyn-kpsn-022-630.html,17.31
Audyn REF/0.22/600,"Audyn REF/0.22/600 | 0,22 µF | 2% | 600 V",0.22,2.0,600.0,Film Capacitor,https://www.soundimports.eu/en/audyn-ref-0-22-600.html,22.69
"Mundorf MESGO-0,22T4.450","Mundorf MESGO-0,22T4.450 | 0,22 µF | 4% | 450 V",0.22,4.0,450.0,Film Capacitor,https://www.soundimports.eu/en/mundorf-mesgo-022t4450.html,24.75
Jantzen Audio 001-7308,"Jantzen Audio 001-7308 | 0,22 µF | 5% | 630 V",0.22,5.0,630.0,Film Capacitor,https://www.soundimports.eu/en/jantzen-audio-001-7308.html,24.75
Audyn FFC0220,"Audyn FFC0220 | 0,22 µF | 10% | 400 V",0.22,10.0,400.0,Film Capacitor,https://www.soundimports.eu/en/audyn-ffc0220.html,37.4
"Mundorf SESG-0,22T2.1000","Mundorf SESG-0,22T2.1000 | 0,22 µF | 2% | 1000 V",0.22,2.0,1000.0,Film Capacitor,https://www.soundimports.eu/en/mundorf-sesg-022t21000.html,41.28
Audyn ATC/0.22/630,"Audyn ATC/0.22/630 | 0,22 µF | 2% | 630 V",0.22,2.0,630.0,Film Capacitor,https://www.soundimports.eu/en/audyn-atc-0-22-630.html,45.0
Jantzen Audio 001-0210,"Jantzen Audio 001-0210 | 0,27 µF | 5% | 400 V",0.27,5.0,400.0,Film Capacitor,https://www.soundimports.eu/en/jantzen-audio-001-0210.html,1.23
"Mundorf ME-0,27T4.450","Mundorf ME-0,27T4.450 | 0,27 µF | 4% | 450 V",0.27,4.0,450.0,Film Capacitor,https://www.soundimports.eu/en/mundorf-me-027t4450.html,11.53
Jantzen Audio 001-0212,"Jantzen Audio 001-0212 | 0,30 µF | 5% | 400 V",0.3,5.0,400.0,Film Capacitor,https://www.soundimports.eu/en/jantzen-audio-001-0212.html,1.23
Dayton Audio DMPC-0.33,"Dayton Audio DMPC-0.33 | 0,33 µF | 5% | 250 V",0.33,5.0,250.0,Film Capacitor,https://www.soundimports.eu/en/dayton-audio-dmpc-033.html,1.03
Jantzen Audio 001-0214,"Jantzen Audio 001-0214 | 0,33 µF | 5% | 400 V",0.33,5.0,400.0,Film Capacitor,https://www.soundimports.eu/en/jantzen-audio-001-0214.html,1.23
Audyn Q4/033/400,"Audyn Q4/033/400 | 0,33 µF | 5% | 400 V",0.33,5.0,400.0,Film Capacitor,https://www.soundimports.eu/en/audyn-q4-033-400.html,2.85
Audyn Q6/033/600,"Audyn Q6/033/600 | 0,33 µF | 5% | 600 V",0.33,5.0,600.0,Film Capacitor,https://www.soundimports.eu/en/audyn-q6-033-600.html,2.85
Dayton Audio DFFC-0.33,"Dayton Audio DFFC-0.33 | 0,33 µF | 5% | 400 V",0.33,5.0,400.0,Film Capacitor,https://www.soundimports.eu/en/dayton-audio-dffc-033.html,3.26
Audyn KPQS/033/400,"Audyn KPQS/033/400 | 0,33 µF | 5% | 400 V",0.33,5.0,400.0,Film Capacitor,https://www.soundimports.eu/en/audyn-kpqs-033-400.html,3.51
Audyn KPQS/033/630,"Audyn KPQS/033/630 | 0,33 µF | 5% | 630 V",0.33,5.0,630.0,Film Capacitor,https://www.soundimports.eu/en/audyn-kpqs-033-630.html,3.68
Audyn MKTA/0.33/100,"Audyn MKTA/0.33/100 | 0,33 µF | 5% | 100 V",0.33,5.0,100.0,Film Capacitor,https://www.soundimports.eu/en/audyn-mkta-0-33-100.html,3.68
ClarityCap PX,"ClarityCap PX | 0,33 µF | 5% | 250 V",0.33,5.0,250.0,Film Capacitor,https://www.soundimports.eu/en/claritycap-px0u33j250vdc.html,4.12
"Mundorf MCAP630-0,33","Mundorf MCAP630-0,33 | 0,33 µF | 3% | 630 V",0.33,3.0,630.0,Film Capacitor,https://www.soundimports.eu/en/mundorf-mcap630-033.html,5.74
Audyn PLUS/0.33/12,"Audyn PLUS/0.33/12 | 0,33 µF | 2% | 1200 V",0.33,2.0,1200.0,Film Capacitor,https://www.soundimports.eu/en/audyn-plus-0-33-12.html,8.22
"Mundorf ME-0,33T3.450","Mundorf ME-0,33T3.450 | 0,33 µF | 3% | 450 V",0.33,3.0,450.0,Film Capacitor,https://www.soundimports.eu/en/mundorf-me-033t3450.html,11.53
"Mundorf MEO-0,33T3.450","Mundorf MEO-0,33T3.450 | 0,33 µF | 3% | 450 V | Oil",0.33,3.0,450.0,Film Capacitor,https://www.soundimports.eu/en/mundorf-meo033t3450.html,13.18
Jantzen Audio 001-0514,"Jantzen Audio 001-0514 | 0,33 µF | 2% | 1200 V",0.33,2.0,1200.0,Film Capacitor,https://www.soundimports.eu/en/jantzen-audio-001-0514.html,14.42
Audyn KPSN/033/250,"Audyn KPSN/033/250 | 0,33 µF | 2% | 250 V",0.33,2.0,250.0,Film Capacitor,https://www.soundimports.eu/en/audyn-kpsn-033-250.html,15.66
"Mundorf SUP8-0,33","Mundorf SUP8-0,33 | 0,33 µF | 2% | 1400 V",0.33,2.0,1400.0,Film Capacitor,https://www.soundimports.eu/en/mundorf-sup8-033.html,16.49
Jantzen Audio 001-0614,"Jantzen Audio 001-0614 | 0,33 µF | 2% | 1200 V",0.33,2.0,1200.0,Film Capacitor,https://www.soundimports.eu/en/jantzen-audio-001-0614.html,17.73
"Mundorf MESGO-0,33T3.450","Mundorf MESGO-0,33T3.450 | 0,33 µF | 3% | 450 V",0.33,3.0,450.0,Film Capacitor,https://www.soundimports.eu/en/mundorf-mesgo-033t3450.html,24.75
Audyn KPSN/033/630,"Audyn KPSN/033/630 | 0,33 µF | 5% | 630 V",0.33,5.0,630.0,Film Capacitor,https://www.soundimports.eu/en/audyn-kpsn-033-630.html,26.82
ClarityCap MR,"ClarityCap MR | 0,33 µF | 3% | 400 V",0.33,3.0,400.0,Film Capacitor,https://www.soundimports.eu/en/claritycap-mr330nh400vdc.html,28.06
Audyn REF/0.33/600,"Audyn REF/0.33/600 | 0,33 µF | 2% | 600 V",0.33,2.0,600.0,Film Capacitor,https://www.soundimports.eu/en/audyn-ref-0-33-600.html,28.06
Jantzen Audio 001-7310,"Jantzen Audio 001-7310 | 0,33 µF | 5% | 630 V",0.33,5.0,630.0,Film Capacitor,https://www.soundimports.eu/en/jantzen-audio-001-7310.html,37.15
Audyn FFC0330,"Audyn FFC0330 | 0,33 µF | 10% | 400 V",0.33,10.0,400.0,Film Capacitor,https://www.soundimports.eu/en/audyn-ffc0330.html,39.05
"Mundorf SESG-0,33T2.1000","Mundorf SESG-0,33T2.1000 | 0,33 µF | 2% | 1000 V",0.33,2.0,1000.0,Film Capacitor,https://www.soundimports.eu/en/mundorf-sesg-033t21000.html,49.55
Audyn ATC/0.33/630,"Audyn ATC/0.33/630 | 0,33 µF | 2% | 630 V",0.33,2.0,630.0,Film Capacitor,https://www.soundimports.eu/en/audyn-atc-0-33-630.html,54.09
Jantzen Audio 001-0216,"Jantzen Audio 001-0216 | 0,39 µF | 5% | 400 V",0.39,5.0,400.0,Film Capacitor,https://www.soundimports.eu/en/jantzen-audio-001-0216.html,1.23
Audyn MKTA/0.39/100,"Audyn MKTA/0.39/100 | 0,39 µF | 5% | 100 V",0.39,5.0,100.0,Film Capacitor,https://www.soundimports.eu/en/audyn-mkta-0-39-100.html,3.68
"Mundorf ME-0,39T3.450","Mundorf ME-0,39T3.450 | 0,39 µF | 3% | 450 V",0.39,3.0,450.0,Film Capacitor,https://www.soundimports.eu/en/mundorf-me-039t3450.html,11.53
Jantzen Audio 001-0516,"Jantzen Audio 001-0516 | 0,39 µF | 2% | 1200 V",0.39,2.0,1200.0,Film Capacitor,https://www.soundimports.eu/en/jantzen-audio-001-0516.html,15.66
Jantzen Audio 001-0616,"Jantzen Audio 001-0616 | 0,39 µF | 2% | 1200 V",0.39,2.0,1200.0,Film Capacitor,https://www.soundimports.eu/en/jantzen-audio-001-0616.html,17.73
Jantzen Audio 001-0218,"Jantzen Audio 001-0218 | 0,43 µF | 5% | 400 V",0.43,5.0,400.0,Film Capacitor,https://www.soundimports.eu/en/jantzen-audio-001-0218.html,1.23
Dayton Audio DMPC-0.47,"Dayton Audio DMPC-0.47 | 0,47 µF | 5% | 250 V",0.47,5.0,250.0,Film Capacitor,https://www.soundimports.eu/en/dayton-audio-dmpc-047.html,1.03
Jantzen Audio 001-0220,"Jantzen Audio 001-0220 | 0,47 µF | 5% | 400 V",0.47,5.0,400.0,Film Capacitor,https://www.soundimports.eu/en/jantzen-audio-001-0220.html,1.23
Dayton Audio PMPC-0.47,"Dayton Audio PMPC-0.47 | 0,47 µF | 1% | 250 V",0.47,1.0,250.0,Film Capacitor,https://www.soundimports.eu/en/dayton-audio-pmpc-047.html,1.64
Audyn Q4/047/400,"Audyn Q4/047/400 | 0,47 µF | 5% | 400 V",0.47,5.0,400.0,Film Capacitor,https://www.soundimports.eu/en/audyn-q4-047-400.html,2.85
Audyn Q6/047/600,"Audyn Q6/047/600 | 0,47 µF | 5% | 600 V",0.47,5.0,600.0,Film Capacitor,https://www.soundimports.eu/en/audyn-q6-047-600.html,2.85
Audyn KPQS/047/400,"Audyn KPQS/047/400 | 0,47 µF | 5% | 400 V",0.47,5.0,400.0,Film Capacitor,https://www.soundimports.eu/en/audyn-kpqs-047-400.html,3.51
Audyn MKTA/0.47/100,"Audyn MKTA/0.47/100 | 0,47 µF | 5% | 100 V",0.47,5.0,100.0,Film Capacitor,https://www.soundimports.eu/en/audyn-mkta-0-47-100.html,3.68
Dayton Audio DFFC-0.47,"Dayton Audio DFFC-0.47 | 0,47 µF | 5% | 400 V",0.47,5.0,400.0,Film Capacitor,https://www.soundimports.eu/en/dayton-audio-dffc-047.html,3.68
Audyn KPQS/047/630,"Audyn KPQS/047/630 | 0,47 µF | 5% | 630 V",0.47,5.0,630.0,Film Capacitor,https://www.soundimports.eu/en/audyn-kpqs-047-630.html,4.09
ClarityCap PX,"ClarityCap PX | 0,47 µF | 5% | 250 V",0.47,5.0,250.0,Film Capacitor,https://www.soundimports.eu/en/claritycap-px0u47j250vdc.html,4.12
ClarityCap ESA,"ClarityCap ESA | 0,47 µF | 3% | 250 V",0.47,3.0,250.0,Film Capacitor,https://www.soundimports.eu/en/claritycap-esa470nh250vdc.html,5.17
"Mundorf MCAP630-0,47","Mundorf MCAP630-0,47 | 0,47 µF | 3% | 630 V",0.47,3.0,630.0,Film Capacitor,https://www.soundimports.eu/en/mundorf-mcap630-047.html,5.74
Audyn PLUS/0.47/08,"Audyn PLUS/0.47/08 | 0,47 µF | 2% | 800 V",0.47,2.0,800.0,Film Capacitor,https://www.soundimports.eu/en/audyn-plus-0-47-08.html,8.64
"Mundorf ME-0,47T3.450","Mundorf ME-0,47T3.450 | 0,47 µF | 3% | 450 V",0.47,3.0,450.0,Film Capacitor,https://www.soundimports.eu/en/mundorf-me-047t3450.html,11.53
Jantzen Audio 001-0518,"Jantzen Audio 001-0518 | 0,47 µF | 2% | 800 V",0.47,2.0,800.0,Film Capacitor,https://www.soundimports.eu/en/jantzen-audio-001-0518.html,11.94
"Mundorf MEO-0,47T3.450","Mundorf MEO-0,47T3.450 | 0,47 µF | 3% | 450 V | Oil",0.47,3.0,450.0,Film Capacitor,https://www.soundimports.eu/en/mundorf-meo047t3450.html,13.18
"Mundorf SUP8-0,47","Mundorf SUP8-0,47 | 0,47 µF | 2% | 600 V",0.47,2.0,600.0,Film Capacitor,https://www.soundimports.eu/en/mundorf-sup8-047.html,16.49
Jantzen Audio 001-0618,"Jantzen Audio 001-0618 | 0,47 µF | 2% | 800 V",0.47,2.0,800.0,Film Capacitor,https://www.soundimports.eu/en/jantzen-audio-001-0618.html,17.73
Audyn KPSN/047/250,"Audyn KPSN/047/250 | 0,47 µF | 2% | 250 V",0.47,2.0,250.0,Film Capacitor,https://www.soundimports.eu/en/audyn-kpsn-047-250.html,21.86
"Mundorf MESGO-0,47T3.450","Mundorf MESGO-0,47T3.450 | 0,47 µF | 3% | 450 V",0.47,3.0,450.0,Film Capacitor,https://www.soundimports.eu/en/mundorf-mesgo-047t3450.html,24.75
Jantzen Audio 001-7012,"Jantzen Audio 001-7012 | 0,47 µF | 3% | 100 V",0.47,3.0,100.0,Film Capacitor,https://www.soundimports.eu/en/jantzen-audio-001-7012.html,25.58
ClarityCap MR,"ClarityCap MR | 0,47 µF | 3% | 400 V",0.47,3.0,400.0,Film Capacitor,https://www.soundimports.eu/en/claritycap-mr470nh400vdc.html,28.88
Audyn REF/0.47/600,"Audyn REF/0.47/600 | 0,47 µF | 2% | 600 V",0.47,2.0,600.0,Film Capacitor,https://www.soundimports.eu/en/audyn-ref-0-47-600.html,30.54
Audyn FFC0470,"Audyn FFC0470 | 0,47 µF | 10% | 400 V",0.47,10.0,400.0,Film Capacitor,https://www.soundimports.eu/en/audyn-ffc0470.html,41.28
Jantzen Audio 001-7312,"Jantzen Audio 001-7312 | 0,47 µF | 5% | 630 V",0.47,5.0,630.0,Film Capacitor,https://www.soundimports.eu/en/jantzen-audio-001-7312.html,49.55
"Mundorf SESG-0,47T2.1000","Mundorf SESG-0,47T2.1000 | 0,47 µF | 2% | 1000 V",0.47,2.0,1000.0,Film Capacitor,https://www.soundimports.eu/en/mundorf-sesg-047t21000.html,57.81
Audyn ATC/0.47/630,"Audyn ATC/0.47/630 | 0,47 µF | 2% | 630 V",0.47,2.0,630.0,Film Capacitor,https://www.soundimports.eu/en/audyn-atc-0-47-630.html,68.97
Jantzen Audio 001-0222,"Jantzen Audio 001-0222 | 0,51 µF | 5% | 400 V",0.51,5.0,400.0,Film Capacitor,https://www.soundimports.eu/en/jantzen-audio-001-0222.html,1.23
Jantzen Audio 001-0224,"Jantzen Audio 001-0224 | 0,56 µF | 5% | 400 V",0.56,5.0,400.0,Film Capacitor,https://www.soundimports.eu/en/jantzen-audio-001-0224.html,1.23
Audyn Q4/056/400,"Audyn Q4/056/400 | 0,56 µF | 5% | 400 V",0.56,5.0,400.0,Film Capacitor,https://www.soundimports.eu/en/audyn-q4-056-400.html,2.85
Audyn Q6/056/600,"Audyn Q6/056/600 | 0,56 µF | 5% | 600 V",0.56,5.0,600.0,Film Capacitor,https://www.soundimports.eu/en/audyn-q6-056-600.html,2.85
Audyn MKTA/0.56/100,"Audyn MKTA/0.56/100 | 0,56 µF | 5% | 100 V",0.56,5.0,100.0,Film Capacitor,https://www.soundimports.eu/en/audyn-mkta-0-56-100.html,3.68
Audyn KPQS/056/400,"Audyn KPQS/056/400 | 0,56 µF | 5% | 400 V",0.56,5.0,400.0,Film Capacitor,https://www.soundimports.eu/en/audyn-kpqs-056-400.html,3.84
Audyn KPQS/056/630,"Audyn KPQS/056/630 | 0,56 µF | 5% | 630 V",0.56,5.0,630.0,Film Capacitor,https://www.soundimports.eu/en/audyn-kpqs-056-630.html,4.09
Audyn PLUS/0.56/08,"Audyn PLUS/0.56/08 | 0,56 µF | 2% | 800 V",0.56,2.0,800.0,Film Capacitor,https://www.soundimports.eu/en/audyn-plus-0-56-08.html,9.05
"Mundorf ME-0,56T3.450","Mundorf ME-0,56T3.450 | 0,56 µF | 3% | 450 V",0.56,3.0,450.0,Film Capacitor,https://www.soundimports.eu/en/mundorf-me-056t3450.html,11.53
Jantzen Audio 001-0522,"Jantzen Audio 001-0522 | 0,56 µF | 2% | 800 V",0.56,2.0,800.0,Film Capacitor,https://www.soundimports.eu/en/jantzen-audio-001-0522.html,11.53
Jantzen Audio 001-0622,"Jantzen Audio 001-0622 | 0,56 µF | 2% | 800 V",0.56,2.0,800.0,Film Capacitor,https://www.soundimports.eu/en/jantzen-audio-001-0622.html,18.14
Audyn KPSN/056/250,"Audyn KPSN/056/250 | 0,56 µF | 2% | 250 V",0.56,2.0,250.0,Film Capacitor,https://www.soundimports.eu/en/audyn-kpsn-056-250.html,23.1
Jantzen Audio 001-7014,"Jantzen Audio 001-7014 | 0,56 µF | 3% | 100 V",0.56,3.0,100.0,Film Capacitor,https://www.soundimports.eu/en/jantzen-audio-001-7014.html,27.64
Audyn REF/0.56/600,"Audyn REF/0.56/600 | 0,56 µF | 2% | 600 V",0.56,2.0,600.0,Film Capacitor,https://www.soundimports.eu/en/audyn-ref-0-56-600.html,33.02
Audyn KPSN/056/630,"Audyn KPSN/056/630 | 0,56 µF | 5% | 630 V",0.56,5.0,630.0,Film Capacitor,https://www.soundimports.eu/en/audyn-kpsn-056-630.html,37.15
Audyn ATC/0.56/630,"Audyn ATC/0.56/630 | 0,56 µF | 2% | 630 V",0.56,2.0,630.0,Film Capacitor,https://www.soundimports.eu/en/audyn-atc-0-56-630.html,70.25
Dayton Audio DMPC-0.68,"Dayton Audio DMPC-0.68 | 0,68 µF | 5% | 250 V",0.68,5.0,250.0,Film Capacitor,https://www.soundimports.eu/en/dayton-audio-dmpc-068.html,1.03
Jantzen Audio 001-0226,"Jantzen Audio 001-0226 | 0,68 µF | 5% | 400 V",0.68,5.0,400.0,Film Capacitor,https://www.soundimports.eu/en/jantzen-audio-001-0226.html,1.23
Audyn Q6/068/600,"Audyn Q6/068/600 | 0,68 µF | 5% | 600 V",0.68,5.0,600.0,Film Capacitor,https://www.soundimports.eu/en/audyn-q6-068-600.html,2.85
Audyn Q4/068/400,"Audyn Q4/068/400 | 0,68 µF | 5% | 400 V",0.68,5.0,400.0,Film Capacitor,https://www.soundimports.eu/en/audyn-q4-068-400.html,2.85
Audyn KPQS/068/400,"Audyn KPQS/068/400 | 0,68 µF | 5% | 400 V",0.68,5.0,400.0,Film Capacitor,https://www.soundimports.eu/en/audyn-kpqs-068-400.html,3.84
Audyn MKTA/0.68/100,"Audyn MKTA/0.68/100 | 0,68 µF | 5% | 100 V",0.68,5.0,100.0,Film Capacitor,https://www.soundimports.eu/en/audyn-mkta-0-68-100.html,4.09
Audyn KPQS/068/630,"Audyn KPQS/068/630 | 0,68 µF | 5% | 630 V",0.68,5.0,630.0,Film Capacitor,https://www.soundimports.eu/en/audyn-kpqs-068-630.html,4.09
ClarityCap PX,"ClarityCap PX | 0,68 µF | 5% | 250 V",0.68,5.0,250.0,Film Capacitor,https://www.soundimports.eu/en/claritycap-px0u68j250vdc.html,4.12
ClarityCap ESA,"ClarityCap ESA | 0,68 µF | 3% | 250 V",0.68,3.0,250.0,Film Capacitor,https://www.soundimports.eu/en/claritycap-esa680nh250vdc.html,5.33
"Mundorf MCAP630-0,68","Mundorf MCAP630-0,68 | 0,68 µF | 3% | 630 V",0.68,3.0,630.0,Film Capacitor,https://www.soundimports.eu/en/mundorf-mcap630-068.html,5.74
Audyn PLUS/0.68/08,"Audyn PLUS/0.68/08 | 0,68 µF | 2% | 800 V",0.68,2.0,800.0,Film Capacitor,https://www.soundimports.eu/en/audyn-plus-0-68-08.html,9.05
"Mundorf ME-0,68T3.450","Mundorf ME-0,68T3.450 | 0,68 µF | 3% | 450 V",0.68,3.0,450.0,Film Capacitor,https://www.soundimports.eu/en/mundorf-me-068t3450.html,11.53
Jantzen Audio 001-0526,"Jantzen Audio 001-0526 | 0,68 µF | 2% | 800 V",0.68,2.0,800.0,Film Capacitor,https://www.soundimports.eu/en/jantzen-audio-001-0526.html,11.94
"Mundorf MEO-0,68T3.450","Mundorf MEO-0,68T3.450 | 0,68 µF | 3% | 450 V | Oil",0.68,3.0,450.0,Film Capacitor,https://www.soundimports.eu/en/mundorf-meo068t3450.html,13.18
"Mundorf SUP8-0,68","Mundorf SUP8-0,68 | 0,68 µF | 2% | 600 V",0.68,2.0,600.0,Film Capacitor,https://www.soundimports.eu/en/mundorf-sup8-068.html,17.31
Jantzen Audio 001-0626,"Jantzen Audio 001-0626 | 0,68 µF | 2% | 800 V",0.68,2.0,800.0,Film Capacitor,https://www.soundimports.eu/en/jantzen-audio-001-0626.html,18.55
Audyn KPSN/068/250,"Audyn KPSN/068/250 | 0,68 µF | 2% | 250 V",0.68,2.0,250.0,Film Capacitor,https://www.soundimports.eu/en/audyn-kpsn-068-250.html,24.75
"Mundorf MESGO-0,68T3.450","Mundorf MESGO-0,68T3.450 | 0,68 µF | 3% | 450 V",0.68,3.0,450.0,Film Capacitor,https://www.soundimports.eu/en/mundorf-mesgo-068t3450.html,26.41
Jantzen Audio 001-7016,"Jantzen Audio 001-7016 | 0,68 µF | 3% | 100 V",0.68,3.0,100.0,Film Capacitor,https://www.soundimports.eu/en/jantzen-audio-001-7016.html,29.3
ClarityCap MR,"ClarityCap MR | 0,68 µF | 3% | 400 V",0.68,3.0,400.0,Film Capacitor,https://www.soundimports.eu/en/claritycap-mr680nh400vdc.html,30.12
Audyn KPSN/068/630,"Audyn KPSN/068/630 | 0,68 µF | 5% | 630 V",0.68,5.0,630.0,Film Capacitor,https://www.soundimports.eu/en/audyn-kpsn-068-630.html,35.5
Audyn REF/0.68/600,"Audyn REF/0.68/600 | 0,68 µF | 2% | 600 V",0.68,2.0,600.0,Film Capacitor,https://www.soundimports.eu/en/audyn-ref-0-68-600.html,36.32
Audyn FFC0680,"Audyn FFC0680 | 0,68 µF | 10% | 400 V",0.68,10.0,400.0,Film Capacitor,https://www.soundimports.eu/en/audyn-ffc0680.html,51.61
"Mundorf SESG-0,68T2.1000","Mundorf SESG-0,68T2.1000 | 0,68 µF | 2% | 1000 V",0.68,2.0,1000.0,Film Capacitor,https://www.soundimports.eu/en/mundorf-sesg-068t21000.html,66.07
Audyn ATC/0.68/630,"Audyn ATC/0.68/630 | 0,68 µF | 2% | 630 V",0.68,2.0,630.0,Film Capacitor,https://www.soundimports.eu/en/audyn-atc-0-68-630.html,72.11
Jantzen Audio 001-0228,"Jantzen Audio 001-0228 | 0,82 µF | 5% | 400 V",0.82,5.0,400.0,Film Capacitor,https://www.soundimports.eu/en/jantzen-audio-001-0228.html,1.23
Audyn Q4/082/400,"Audyn Q4/082/400 | 0,82 µF | 5% | 400 V",0.82,5.0,400.0,Film Capacitor,https://www.soundimports.eu/en/audyn-q4-082-400.html,2.85
Audyn Q6/082/600,"Audyn Q6/082/600 | 0,82 µF | 5% | 600 V",0.82,5.0,600.0,Film Capacitor,https://www.soundimports.eu/en/audyn-q6-082-600.html,2.85
Audyn KPQS/082/400,"Audyn KPQS/082/400 | 0,82 µF | 5% | 400 V",0.82,5.0,400.0,Film Capacitor,https://www.soundimports.eu/en/audyn-kpqs-082-400.html,3.84
Audyn KPQS/082/630,"Audyn KPQS/082/630 | 0,82 µF | 5% | 630 V",0.82,5.0,630.0,Film Capacitor,https://www.soundimports.eu/en/audyn-kpqs-082-630.html,4.09
Audyn MKTA/0.82/100,"Audyn MKTA/0.82/100 | 0,82 µF | 5% | 100 V",0.82,5.0,100.0,Film Capacitor,https://www.soundimports.eu/en/audyn-mkta-0-82-100.html,4.09
Audyn PLUS/0.82/08,"Audyn PLUS/0.82/08 | 0,82 µF | 2% | 800 V",0.82,2.0,800.0,Film Capacitor,https://www.soundimports.eu/en/audyn-plus-0-82-08.html,9.46
"Mundorf ME-0,82T3.450","Mundorf ME-0,82T3.450 | 0,82 µF | 3% | 450 V",0.82,3.0,450.0,Film Capacitor,https://www.soundimports.eu/en/mundorf-me-082t3450.html,11.53
Jantzen Audio 001-0530,"Jantzen Audio 001-0530 | 0,82 µF | 2% | 800 V",0.82,2.0,800.0,Film Capacitor,https://www.soundimports.eu/en/jantzen-audio-001-0530.html,11.94
Jantzen Audio 001-0630,"Jantzen Audio 001-0630 | 0,82 µF | 2% | 800 V",0.82,2.0,800.0,Film Capacitor,https://www.soundimports.eu/en/jantzen-audio-001-0630.html,18.97
Audyn KPSN/082/250,"Audyn KPSN/082/250 | 0,82 µF | 2% | 250 V",0.82,2.0,250.0,Film Capacitor,https://www.soundimports.eu/en/audyn-kpsn-082-250.html,27.23
ClarityCap MR,"ClarityCap MR | 0,82 µF | 3% | 400 V",0.82,3.0,400.0,Film Capacitor,https://www.soundimports.eu/en/claritycap-mr820nh400vdc.html,30.12
Jantzen Audio 001-7018,"Jantzen Audio 001-7018 | 0,82 µF | 3% | 100 V",0.82,3.0,100.0,Film Capacitor,https://www.soundimports.eu/en/jantzen-audio-001-7018.html,30.95
Audyn REF/0.82/600,"Audyn REF/0.82/600 | 0,82 µF | 2% | 600 V",0.82,2.0,600.0,Film Capacitor,https://www.soundimports.eu/en/audyn-ref-0-82-600.html,37.98
Audyn KPSN/082/630,"Audyn KPSN/082/630 | 0,82 µF | 5% | 630 V",0.82,5.0,630.0,Film Capacitor,https://www.soundimports.eu/en/audyn-kpsn-082-630.html,42.93
Audyn ATC/0.82/630,"Audyn ATC/0.82/630 | 0,82 µF | 2% | 630 V",0.82,2.0,630.0,Film Capacitor,https://www.soundimports.eu/en/audyn-atc-0-82-630.html,73.1
Jantzen Audio 001-6005,"Jantzen Audio 001-6005 | 1,0 µF | 10% | 100 V",1.0,10.0,100.0,Film Capacitor,https://www.soundimports.eu/en/jantzen-audio-001-6005.html,0.82
Audyn Q2/1.00/250,"Audyn Q2/1.00/250 | 1,0 µF | 5% | 250 V",1.0,5.0,250.0,Film Capacitor,https://www.soundimports.eu/en/audyn-q2-1-00-250.html,0.82
Dayton Audio DMPC-1.0,"Dayton Audio DMPC-1.0 | 1,0 µF | 5% | 250 V",1.0,5.0,250.0,Film Capacitor,https://www.soundimports.eu/en/dayton-audio-dmpc-1-0.html,1.2
Jantzen Audio 001-0230,"Jantzen Audio 001-0230 | 1,00 µF | 5% | 400 V",1.0,5.0,400.0,Film Capacitor,https://www.soundimports.eu/en/jantzen-audio-001-0230.html,1.23
Jantzen Audio 001-6105,"Jantzen Audio 001-6105 | 1,0 µF | 5% | 100 V",1.0,5.0,100.0,Film Capacitor,https://www.soundimports.eu/en/jantzen-audio-001-6105.html,1.23
Audyn MKTA/1.0/250,"Audyn MKTA/1.0/250  | 1,0 µF | 5% | 250 V",1.0,5.0,250.0,Film Capacitor,https://www.soundimports.eu/en/audyn-mkta-1-0-250.html,1.23
Audyn MKTA/1.0/160,"Audyn MKTA/1.0/160 | 1,0 µF | 5% | 160 V",1.0,5.0,160.0,Film Capacitor,https://www.soundimports.eu/en/audyn-mkta-1-0-160.html,1.23
Audyn ERA/1.0/100,"Audyn ERA/1.0/100 | 1,0 µF | 10% | 100 V",1.0,10.0,100.0,Film Capacitor,https://www.soundimports.eu/en/audyn-era-1-0-100.html,1.23
Audyn EGL/1.0/50/5,"Audyn EGL/1.0/50/5 | 1,0 µF | 5% | 50 V",1.0,5.0,50.0,Film Capacitor,https://www.soundimports.eu/en/audyn-egl-1-0-50-5.html,1.23
Electrolytic Non-Polarized Cap,"Electrolytic Non-Polarized Cap | 1,0 µF | 10% | 100V",1.0,10.0,100.0,Film Capacitor,https://www.soundimports.eu/en/027-320.html,1.64
Jantzen Audio 001-8000,"Jantzen Audio 001-8000 | 1,00 µF | 5% | 160 V",1.0,5.0,160.0,Film Capacitor,https://www.soundimports.eu/en/jantzen-audio-001-8000.html,1.64
Dayton Audio PMPC-1.0,"Dayton Audio PMPC-1.0 | 1,0 µF | 1% | 250 V",1.0,1.0,250.0,Film Capacitor,https://www.soundimports.eu/en/dayton-audio-pmpc-1-0.html,1.94
Jantzen Audio 001-0410,"Jantzen Audio 001-0410 | 1,00 µF | 5% | 400 V",1.0,5.0,400.0,Film Capacitor,https://www.soundimports.eu/en/jantzen-audio-001-0410.html,2.44
Intertechnik ELCA/1.0/AX,"Intertechnik ELCA/1.0/AX | 1,0 µF | 10% | 100 V",1.0,10.0,100.0,Film Capacitor,https://www.soundimports.eu/en/it-intertechnik-elca-1-0-ax.html,2.69
Audyn Q4/1.0/400,"Audyn Q4/1.0/400 | 1,0 µF | 5% | 400 V",1.0,5.0,400.0,Film Capacitor,https://www.soundimports.eu/en/audyn-q4-1-0-400.html,2.85
"Audyn Q6/1,0/600","Audyn Q6/1,0/600 | 1,0 µF | 5% | 600 V",1.0,5.0,600.0,Film Capacitor,https://www.soundimports.eu/en/audyn-q6-1-0-600.html,3.51
Audyn KPQS/1.0/400,"Audyn KPQS/1.0/400 | 1,0 µF | 5% | 400 V",1.0,5.0,400.0,Film Capacitor,https://www.soundimports.eu/en/audyn-kpqs-1-0-400.html,4.09
Audyn KPQS/1.0/630,"Audyn KPQS/1.0/630 | 1,0 µF | 5% | 630 V",1.0,5.0,630.0,Film Capacitor,https://www.soundimports.eu/en/audyn-kpqs-1-0-630.html,4.09
Audyn MKTA/1.00/100,"Audyn MKTA/1.00/100 | 1,0 µF | 5% | 100 V",1.0,5.0,100.0,Film Capacitor,https://www.soundimports.eu/en/audyn-mkta-1-00-100.html,4.09
ClarityCap PX,"ClarityCap PX | 1,00 µF | 5% | 250 V",1.0,5.0,250.0,Film Capacitor,https://www.soundimports.eu/en/claritycap-px1uj250vdc.html,4.12
ClarityCap ESA,"ClarityCap ESA | 1,00 µF | 3% | 250 V",1.0,3.0,250.0,Film Capacitor,https://www.soundimports.eu/en/claritycap-esa1uh250vdc.html,5.17
"Mundorf MCAP250-1,00","Mundorf MCAP250-1,00 | 1,00 µF | 5% | 250 V",1.0,5.0,250.0,Film Capacitor,https://www.soundimports.eu/en/mundorf-mcap250-1-00.html,5.74
"Mundorf MCAP400-1,00","Mundorf MCAP400-1,00 | 1,00 µF | 3% | 400 V",1.0,3.0,400.0,Film Capacitor,https://www.soundimports.eu/en/mundorf-mcap400-1-00.html,5.74
"Mundorf MCAP630-1,00","Mundorf MCAP630-1,00 | 1,00 µF | 3% | 630 V",1.0,3.0,630.0,Film Capacitor,https://www.soundimports.eu/en/mundorf-mcap630-100.html,6.16
Audyn PLUS/1.00/08,"Audyn PLUS/1.00/08 | 1,0 µF | 2% | 800 V",1.0,2.0,800.0,Film Capacitor,https://www.soundimports.eu/en/audyn-plus-1-00-08.html,10.12
"Mundorf ME-1,00T3.450","Mundorf ME-1,00T3.450 | 1,00 µF | 3% | 450 V",1.0,3.0,450.0,Film Capacitor,https://www.soundimports.eu/en/mundorf-me-100t3450.html,11.53
Jantzen Audio 001-0534,"Jantzen Audio 001-0534 | 1,00 µF | 2% | 800 V",1.0,2.0,800.0,Film Capacitor,https://www.soundimports.eu/en/jantzen-audio-001-0534.html,12.36
"Mundorf MEO-1,00T3.450","Mundorf MEO-1,00T3.450 | 1,00 µF | 3% | 450 V | Oil",1.0,3.0,450.0,Film Capacitor,https://www.soundimports.eu/en/mundorf-meo100t3450.html,13.18
"Mundorf SUP8-1,00","Mundorf SUP8-1,00 | 1,00 µF | 2% | 600 V",1.0,2.0,600.0,Film Capacitor,https://www.soundimports.eu/en/mundorf-sup8-100.html,18.14
Jantzen Audio 001-0634,"Jantzen Audio 001-0634 | 1,00 µF | 2% | 800 V",1.0,2.0,800.0,Film Capacitor,https://www.soundimports.eu/en/jantzen-audio-001-0634.html,18.97
Audyn KPSN/1.00/160,"Audyn KPSN/1.00/160 | 1,0 µF | 2% | 160 V",1.0,2.0,160.0,Film Capacitor,https://www.soundimports.eu/en/audyn-kpsn-1-00-160.html,20.21
ClarityCap PUR1u0H250Vdc,"ClarityCap PUR1u0H250Vdc | 1,00 µF | 3% | 250 V",1.0,3.0,250.0,Film Capacitor,https://www.soundimports.eu/en/claritycap-pur1u0h250vdc.html,21.86
"Mundorf MESGO-1,0T3.450","Mundorf MESGO-1,0T3.450 | 1 µF | 3% | 450 V",1.0,3.0,450.0,Film Capacitor,https://www.soundimports.eu/en/mundorf-mesgo-10t3450.html,28.06
ClarityCap MR,"ClarityCap MR | 1,00 µF | 3% | 400 V",1.0,3.0,400.0,Film Capacitor,https://www.soundimports.eu/en/claritycap-mr1uh400vdc.html,30.12
Audyn KPSN/1.0/250,"Audyn KPSN/1.0/250 | 1,0 µF | 2% | 250 V",1.0,2.0,250.0,Film Capacitor,https://www.soundimports.eu/en/audyn-kpsn-1-0-250.html,30.12
Jantzen Audio 001-7022,"Jantzen Audio 001-7022 | 1,00 µF | 3% | 100 V",1.0,3.0,100.0,Film Capacitor,https://www.soundimports.eu/en/jantzen-audio-001-7022.html,33.84
Jantzen Audio 001-7222,"Jantzen Audio 001-7222 | 1,0 µF | 5% | 200 V",1.0,5.0,200.0,Film Capacitor,https://www.soundimports.eu/en/jantzen-audio-001-7222.html,39.21
Audyn KPSN/1.0/630,"Audyn KPSN/1.0/630 | 1,0 µF | 5% | 630 V",1.0,5.0,630.0,Film Capacitor,https://www.soundimports.eu/en/audyn-kpsn-1-0-630.html,44.59
Audyn REF/1.00/600,"Audyn REF/1.00/600 | 1,0 µF | 2% | 600 V",1.0,2.0,600.0,Film Capacitor,https://www.soundimports.eu/en/audyn-ref-1-00-600.html,45.41
Audyn FFC1000,"Audyn FFC1000 | 1,0 µF | 10% | 400 V",1.0,10.0,400.0,Film Capacitor,https://www.soundimports.eu/en/audyn-ffc1000.html,47.07
Audyn ATC/1.00/630,"Audyn ATC/1.00/630 | 1,0 µF | 2% | 630 V",1.0,2.0,630.0,Film Capacitor,https://www.soundimports.eu/en/audyn-atc-1-00-630.html,82.6
Jantzen Audio 001-0232,"Jantzen Audio 001-0232 | 1,10 µF | 5% | 400 V",1.1,5.0,400.0,Film Capacitor,https://www.soundimports.eu/en/jantzen-audio-001-0232.html,1.23
Jantzen Audio 001-0234,"Jantzen Audio 001-0234 | 1,20 µF | 5% | 400 V",1.2,5.0,400.0,Film Capacitor,https://www.soundimports.eu/en/jantzen-audio-001-0234.html,1.23
Jantzen Audio 001-0411,"Jantzen Audio 001-0411 | 1,20 µF | 5% | 400 V",1.2,5.0,400.0,Film Capacitor,https://www.soundimports.eu/en/jantzen-audio-001-0411.html,2.44
"Audyn Q6/1,2/600","Audyn Q6/1,2/600 | 1,2 µF | 5% | 600 V",1.2,5.0,600.0,Film Capacitor,https://www.soundimports.eu/en/audyn-q6-1-2-600.html,3.51
Audyn MKTA/1.20/100,"Audyn MKTA/1.20/100 | 1,2 µF | 5% | 100 V",1.2,5.0,100.0,Film Capacitor,https://www.soundimports.eu/en/audyn-mkta-1-20-100.html,4.09
ClarityCap PX,"ClarityCap PX | 1,20 µF | 5% | 250 V",1.2,5.0,250.0,Film Capacitor,https://www.soundimports.eu/en/claritycap-px1u2j250vdc.html,4.12
ClarityCap ESA,"ClarityCap ESA | 1,20 µF | 3% | 250 V",1.2,3.0,250.0,Film Capacitor,https://www.soundimports.eu/en/claritycap-esa1u2h250vdc.html,5.17
Audyn KPSN/1.20/160,"Audyn KPSN/1.20/160 | 1,2 µF | 2% | 160 V",1.2,2.0,160.0,Film Capacitor,https://www.soundimports.eu/en/audyn-kpsn-1-20-160.html,16.49
ClarityCap MR,"ClarityCap MR | 1,20 µF | 3% | 400 V",1.2,3.0,400.0,Film Capacitor,https://www.soundimports.eu/en/claritycap-mr1u2h400vdc.html,32.19
Audyn KPSN/1.2/250,"Audyn KPSN/1.2/250 | 1,2 µF | 2% | 250 V",1.2,2.0,250.0,Film Capacitor,https://www.soundimports.eu/en/audyn-kpsn-1-2-250.html,32.19
Audyn KPSN/1.2/630,"Audyn KPSN/1.2/630 | 1,2 µF | 5% | 630 V",1.2,5.0,630.0,Film Capacitor,https://www.soundimports.eu/en/audyn-kpsn-1-2-630.html,46.65
Audyn REF/1.20/600,"Audyn REF/1.20/600 | 1,2 µF | 2% | 600 V",1.2,2.0,600.0,Film Capacitor,https://www.soundimports.eu/en/audyn-ref-1-20-600.html,53.26
Audyn ATC/1.20/630,"Audyn ATC/1.20/630 | 1,2 µF | 2% | 630 V",1.2,2.0,630.0,Film Capacitor,https://www.soundimports.eu/en/audyn-atc-1-20-630.html,86.74
Jantzen Audio 001-6008,"Jantzen Audio 001-6008 | 1,5 µF | 10% | 100 V",1.5,10.0,100.0,Film Capacitor,https://www.soundimports.eu/en/jantzen-audio-001-6008.html,0.82
Jantzen Audio 001-0236,"Jantzen Audio 001-0236 | 1,50 µF | 5% | 400 V",1.5,5.0,400.0,Film Capacitor,https://www.soundimports.eu/en/jantzen-audio-001-0236.html,1.23
Audyn MKTA/1.5/160,"Audyn MKTA/1.5/160 | 1,5 µF | 5% | 160 V",1.5,5.0,160.0,Film Capacitor,https://www.soundimports.eu/en/audyn-mkta-1-5-160.html,1.23
Dayton Audio DMPC-1.5,"Dayton Audio DMPC-1.5 | 1,5 µF | 5% | 250 V",1.5,5.0,250.0,Film Capacitor,https://www.soundimports.eu/en/dayton-audio-dmpc-1-5.html,1.23
Jantzen Audio 001-6108,"Jantzen Audio 001-6108 | 1,5 µF | 5% | 100 V",1.5,5.0,100.0,Film Capacitor,https://www.soundimports.eu/en/jantzen-audio-001-6108.html,1.23
Audyn Q2/1.50/250,"Audyn Q2/1.50/250 | 1,5 µF | 5% | 250 V",1.5,5.0,250.0,Film Capacitor,https://www.soundimports.eu/en/audyn-q2-1-50-250.html,1.23
Audyn ERA/1.5/100,"Audyn ERA/1.5/100 | 1,5 µF | 10% | 100 V",1.5,10.0,100.0,Film Capacitor,https://www.soundimports.eu/en/audyn-era-1-5-100.html,1.64
Jantzen Audio 001-8010,"Jantzen Audio 001-8010 | 1,50 µF | 5% | 160 V",1.5,5.0,160.0,Film Capacitor,https://www.soundimports.eu/en/jantzen-audio-001-8010.html,1.64
Audyn MKTA/1.5/250,"Audyn MKTA/1.5/250 | 1,5 µF | 5% | 250 V",1.5,5.0,250.0,Film Capacitor,https://www.soundimports.eu/en/audyn-mkta-1-5-250.html,1.64
Audyn Qtex4/1.50/400,"Audyn Qtex4/1.50/400 | 1,5 µF | 5% | 400 V",1.5,5.0,400.0,Film Capacitor,https://www.soundimports.eu/en/audyn-qtex4-1-50-400.html,2.02
Dayton Audio PMPC-1.5,"Dayton Audio PMPC-1.5 | 1,5 µF | 1% | 250 V",1.5,1.0,250.0,Film Capacitor,https://www.soundimports.eu/en/dayton-audio-pmpc-1-5.html,2.11
Jantzen Audio 001-0413,"Jantzen Audio 001-0413 | 1,50 µF | 5% | 400 V",1.5,5.0,400.0,Film Capacitor,https://www.soundimports.eu/en/jantzen-audio-001-0413.html,2.44
Electrolytic Non-Polarized Cap,"Electrolytic Non-Polarized Cap | 1,5 µF | 10% | 100V",1.5,10.0,100.0,Film Capacitor,https://www.soundimports.eu/en/027-322.html,2.47
Audyn Q4/1.5/400,"Audyn Q4/1.5/400 | 1,5 µF | 5% | 400 V",1.5,5.0,400.0,Film Capacitor,https://www.soundimports.eu/en/audyn-q4-1-5-400.html,3.26
Intertechnik ELCA/1.5/AX,"Intertechnik ELCA/1.5/AX | 1,5 µF | 10% | 100 V",1.5,10.0,100.0,Film Capacitor,https://www.soundimports.eu/en/it-intertechnik-elca-1-5-ax.html,3.26
"Audyn Q6/1,5/600","Audyn Q6/1,5/600 | 1,5 µF | 5% | 600 V",1.5,5.0,600.0,Film Capacitor,https://www.soundimports.eu/en/audyn-q6-1-5-600.html,3.51
ClarityCap PX,"ClarityCap PX | 1,50 µF | 5% | 250 V",1.5,5.0,250.0,Film Capacitor,https://www.soundimports.eu/en/claritycap-px1u5j250vdc.html,4.12
Audyn KPQS/1.5/400,"Audyn KPQS/1.5/400 | 1,5 µF | 5% | 400 V",1.5,5.0,400.0,Film Capacitor,https://www.soundimports.eu/en/audyn-kpqs-1-5-400.html,4.34
Audyn MKTA/1.50/100,"Audyn MKTA/1.50/100 | 1,5 µF | 5% | 100 V",1.5,5.0,100.0,Film Capacitor,https://www.soundimports.eu/en/audyn-mkta-1-50-100.html,4.34
Audyn KPQS/1.5/630,"Audyn KPQS/1.5/630 | 1,5 µF | 5% | 630 V",1.5,5.0,630.0,Film Capacitor,https://www.soundimports.eu/en/audyn-kpqs-1-5-630.html,4.92
ClarityCap ESA,"ClarityCap ESA | 1,50 µF | 3% | 250 V",1.5,3.0,250.0,Film Capacitor,https://www.soundimports.eu/en/claritycap-esa1u5h250vdc.html,5.33
"Mundorf MCAP250-1,50","Mundorf MCAP250-1,50 | 1,50 µF | 5% | 250 V",1.5,5.0,250.0,Film Capacitor,https://www.soundimports.eu/en/mundorf-mcap250-150.html,5.74
"Mundorf MCAP400-1,50","Mundorf MCAP400-1,50 | 1,50 µF | 3% | 400 V",1.5,3.0,400.0,Film Capacitor,https://www.soundimports.eu/en/mundorf-mcap400-150.html,5.74
"Mundorf MCAP630-1,50","Mundorf MCAP630-1,50 | 1,50 µF | 3% | 630 V",1.5,3.0,630.0,Film Capacitor,https://www.soundimports.eu/en/mundorf-mcap630-150.html,6.16
"Mundorf ME-1,50T3.450","Mundorf ME-1,50T3.450 | 1,50 µF | 3% | 450 V",1.5,3.0,450.0,Film Capacitor,https://www.soundimports.eu/en/mundorf-me-150t3450.html,11.53
Audyn PLUS/1.50/08,"Audyn PLUS/1.50/08 | 1,5 µF | 2% | 800 V",1.5,2.0,800.0,Film Capacitor,https://www.soundimports.eu/en/audyn-plus-1-50-08.html,11.78
"Mundorf MEO-1,50T3.450","Mundorf MEO-1,50T3.450 | 1,50 µF | 3% | 450 V | Oil",1.5,3.0,450.0,Film Capacitor,https://www.soundimports.eu/en/mundorf-meo150t3450.html,13.18
Jantzen Audio 001-0538,"Jantzen Audio 001-0538 | 1,50 µF | 2% | 800 V",1.5,2.0,800.0,Film Capacitor,https://www.soundimports.eu/en/jantzen-audio-001-0538.html,14.83
"Mundorf SUP8-1,50","Mundorf SUP8-1,50 | 1,50 µF | 2% | 600 V",1.5,2.0,600.0,Film Capacitor,https://www.soundimports.eu/en/mundorf-sup8-150.html,19.79
Audyn KPSN/1.50/160,"Audyn KPSN/1.50/160 | 1,5 µF | 2% | 160 V",1.5,2.0,160.0,Film Capacitor,https://www.soundimports.eu/en/audyn-kpsn-1-50-160.html,20.62
Jantzen Audio 001-0638,"Jantzen Audio 001-0638 | 1,50 µF | 2% | 800 V",1.5,2.0,800.0,Film Capacitor,https://www.soundimports.eu/en/jantzen-audio-001-0638.html,21.03
"Mundorf MESGO-1,5T3.450","Mundorf MESGO-1,5T3.450 | 1,5 µF | 3% | 450 V",1.5,3.0,450.0,Film Capacitor,https://www.soundimports.eu/en/mundorf-mesgo-15t3450.html,30.54
ClarityCap MR,"ClarityCap MR | 1,50 µF | 3% | 400 V",1.5,3.0,400.0,Film Capacitor,https://www.soundimports.eu/en/claritycap-mr1u5h400vdc.html,33.02
Jantzen Audio 001-7025,"Jantzen Audio 001-7025 | 1,50 µF | 3% | 100 V",1.5,3.0,100.0,Film Capacitor,https://www.soundimports.eu/en/jantzen-audio-001-7025.html,36.74
Audyn KPSN/1.5/250,"Audyn KPSN/1.5/250 | 1,5 µF | 2% | 250 V",1.5,2.0,250.0,Film Capacitor,https://www.soundimports.eu/en/audyn-kpsn-1-5-250.html,37.15
Jantzen Audio 001-7224,"Jantzen Audio 001-7224 | 1,5 µF | 5% | 200 V",1.5,5.0,200.0,Film Capacitor,https://www.soundimports.eu/en/jantzen-audio-001-7224.html,48.72
Audyn KPSN/1.5/630,"Audyn KPSN/1.5/630 | 1,5 µF | 5% | 630 V",1.5,5.0,630.0,Film Capacitor,https://www.soundimports.eu/en/audyn-kpsn-1-5-630.html,59.46
Audyn REF/1.50/600,"Audyn REF/1.50/600 | 1,5 µF | 2% | 600 V",1.5,2.0,600.0,Film Capacitor,https://www.soundimports.eu/en/audyn-ref-1-50-600.html,62.77
Audyn ATC/1.50/630,"Audyn ATC/1.50/630 | 1,5 µF | 2% | 630 V",1.5,2.0,630.0,Film Capacitor,https://www.soundimports.eu/en/audyn-atc-1-50-630.html,93.35
Jantzen Audio 001-02366,"Jantzen Audio 001-02366 | 1,60 µF | 5% | 400 V",1.6,5.0,400.0,Film Capacitor,https://www.soundimports.eu/en/jantzen-audio-001-02366.html,1.23
ClarityCap PUR1u6H250Vdc,"ClarityCap PUR1u6H250Vdc | 1,60 µF | 3% | 250 V",1.6,3.0,250.0,Film Capacitor,https://www.soundimports.eu/en/claritycap-pur1u6h250vdc.html,24.75
ClarityCap ESA,"ClarityCap ESA | 1,70 µF | 3% | 250 V",1.7,3.0,250.0,Film Capacitor,https://www.soundimports.eu/en/claritycap-esa1u7h250vdc.html,5.33
Jantzen Audio 001-0237,"Jantzen Audio 001-0237 | 1,80 µF | 5% | 400 V",1.8,5.0,400.0,Film Capacitor,https://www.soundimports.eu/en/jantzen-audio-001-0237.html,1.23
Jantzen Audio 001-0416,"Jantzen Audio 001-0416 | 1,80 µF | 5% | 400 V",1.8,5.0,400.0,Film Capacitor,https://www.soundimports.eu/en/jantzen-audio-001-0416.html,2.02
Audyn Q4/1.8/400,"Audyn Q4/1.8/400 | 1,8 µF | 5% | 400 V",1.8,5.0,400.0,Film Capacitor,https://www.soundimports.eu/en/audyn-q4-1-8-400.html,3.51
"Audyn Q6/1,8/600","Audyn Q6/1,8/600 | 1,8 µF | 5% | 600 V",1.8,5.0,600.0,Film Capacitor,https://www.soundimports.eu/en/audyn-q6-1-8-600.html,3.51
ClarityCap PX,"ClarityCap PX | 1,80 µF | 5% | 250 V",1.8,5.0,250.0,Film Capacitor,https://www.soundimports.eu/en/claritycap-px1u8j250vdc.html,4.12
Audyn MKTA/1.80/100,"Audyn MKTA/1.80/100 | 1,8 µF | 5% | 100 V",1.8,5.0,100.0,Film Capacitor,https://www.soundimports.eu/en/audyn-mkta-1-80-100.html,4.34
"Mundorf ME-1,80T3.450","Mundorf ME-1,80T3.450 | 1,80 µF | 3% | 450 V",1.8,3.0,450.0,Film Capacitor,https://www.soundimports.eu/en/mundorf-me-180t3450.html,11.53
"Mundorf MEO-1,80T3.450","Mundorf MEO-1,80T3.450 | 1,80 µF | 3% | 450 V | Oil",1.8,3.0,450.0,Film Capacitor,https://www.soundimports.eu/en/mundorf-meo180t3450.html,13.18
Audyn PLUS/1.80/08,"Audyn PLUS/1.80/08 | 1,8 µF | 2% | 800 V",1.8,2.0,800.0,Film Capacitor,https://www.soundimports.eu/en/audyn-plus18008.html,14.01
Jantzen Audio 001-0542,"Jantzen Audio 001-0542 | 1,80 µF | 2% | 800 V",1.8,2.0,800.0,Film Capacitor,https://www.soundimports.eu/en/jantzen-audio-001-0542.html,15.25
"Mundorf SUP8-1,80","Mundorf SUP8-1,80 | 1,80 µF | 2% | 600 V",1.8,2.0,600.0,Film Capacitor,https://www.soundimports.eu/en/mundorf-sup8-180.html,18.97
Jantzen Audio 001-0642,"Jantzen Audio 001-0642 | 1,80 µF | 2% | 800 V",1.8,2.0,800.0,Film Capacitor,https://www.soundimports.eu/en/jantzen-audio-001-0642.html,21.86
Audyn KPSN/1.80/160,"Audyn KPSN/1.80/160 | 1,8 µF | 2% | 160 V",1.8,2.0,160.0,Film Capacitor,https://www.soundimports.eu/en/audyn-kpsn-1-80-160.html,21.86
ClarityCap PUR1u8H250Vdc,"ClarityCap PUR1u8H250Vdc | 1,80 µF | 3% | 250 V",1.8,3.0,250.0,Film Capacitor,https://www.soundimports.eu/en/claritycap-pur1u8h250vdc.html,24.75
ClarityCap MR,"ClarityCap MR | 1,80 µF | 3% | 400 V",1.8,3.0,400.0,Film Capacitor,https://www.soundimports.eu/en/claritycap-mr1u8h400vdc.html,33.84
Audyn KPSN/1.8/250,"Audyn KPSN/1.8/250 | 1,8 µF | 2% | 250 V",1.8,2.0,250.0,Film Capacitor,https://www.soundimports.eu/en/audyn-kpsn-1-8-250.html,47.07
Audyn KPSN/1.8/630,"Audyn KPSN/1.8/630 | 1,8 µF | 5% | 630 V",1.8,5.0,630.0,Film Capacitor,https://www.soundimports.eu/en/audyn-kpsn-1-8-630.html,63.6
Audyn REF/1.80/600,"Audyn REF/1.80/600 | 1,8 µF | 2% | 600 V",1.8,2.0,600.0,Film Capacitor,https://www.soundimports.eu/en/audyn-ref-1-80-600.html,66.9
Audyn ATC/1.80/630,"Audyn ATC/1.80/630 | 1,8 µF | 2% | 630 V",1.8,2.0,630.0,Film Capacitor,https://www.soundimports.eu/en/audyn-atc-1-80-630.html,120.62
Jantzen Audio 001-02372,"Jantzen Audio 001-02372 | 2,00 µF | 5% | 400 V",2.0,5.0,400.0,Film Capacitor,https://www.soundimports.eu/en/jantzen-audio-001-02372.html,1.23
Audyn Q2/2.00/250,"Audyn Q2/2.00/250 | 2,0 µF | 5% | 250 V",2.0,5.0,250.0,Film Capacitor,https://www.soundimports.eu/en/audyn-q2-2-00-250.html,1.23
Dayton Audio DMPC-2.0,"Dayton Audio DMPC-2.0 | 2,0 µF | 5% | 250 V",2.0,5.0,250.0,Film Capacitor,https://www.soundimports.eu/en/dayton-audio-dmpc-2-0.html,1.64
Dayton Audio PMPC-2.0,"Dayton Audio PMPC-2.0 | 2,0 µF | 1% | 250 V",2.0,1.0,250.0,Film Capacitor,https://www.soundimports.eu/en/dayton-audio-pmpc-2-0.html,2.6
Audyn Q4/2.0/400,"Audyn Q4/2.0/400 | 2,0 µF | 5% | 400 V",2.0,5.0,400.0,Film Capacitor,https://www.soundimports.eu/en/audyn-q4-2-0-400.html,3.26
"Audyn Q6/2,0/600","Audyn Q6/2,0/600 | 2,0 µF | 5% | 600 V",2.0,5.0,600.0,Film Capacitor,https://www.soundimports.eu/en/audyn-q6-2-0-600.html,3.68
ClarityCap PUR2u0H250Vdc,"ClarityCap PUR2u0H250Vdc | 2,00 µF | 3% | 250 V",2.0,3.0,250.0,Film Capacitor,https://www.soundimports.eu/en/claritycap-pur2u0h250vdc.html,24.75
ClarityCap MR,"ClarityCap MR | 2,00 µF | 3% | 400 V",2.0,3.0,400.0,Film Capacitor,https://www.soundimports.eu/en/claritycap-mr2uh400vdc.html,33.84
Jantzen Audio 001-6011,"Jantzen Audio 001-6011 | 2,2 µF | 10% | 100 V",2.2,10.0,100.0,Film Capacitor,https://www.soundimports.eu/en/jantzen-audio-001-6011.html,0.82
Audyn Q2/2.2/250,"Audyn Q2/2.2/250 | 2,2 µF | 5% | 250 V",2.2,5.0,250.0,Film Capacitor,https://www.soundimports.eu/en/audyn-q2-2-2-250.html,1.23
Jantzen Audio 001-6111,"Jantzen Audio 001-6111 | 2,2 µF | 5% | 100 V",2.2,5.0,100.0,Film Capacitor,https://www.soundimports.eu/en/jantzen-audio-001-6111.html,1.23
Jantzen Audio 001-0238,"Jantzen Audio 001-0238 | 2,20 µF | 5% | 400 V",2.2,5.0,400.0,Film Capacitor,https://www.soundimports.eu/en/jantzen-audio-001-0238.html,1.23
Audyn ERA/2.2/100,"Audyn ERA/2.2/100 | 2,2 µF | 10% | 100 V",2.2,10.0,100.0,Film Capacitor,https://www.soundimports.eu/en/audyn-era-2-2-100.html,1.23
Electrolytic Non-Polarized Cap,"Electrolytic Non-Polarized Cap | 2,2 µF | 10% | 100V",2.2,10.0,100.0,Film Capacitor,https://www.soundimports.eu/en/027-324.html,1.64
Audyn MKTA/2.2/160,"Audyn MKTA/2.2/160 | 2,2 µF | 5% | 160 V",2.2,5.0,160.0,Film Capacitor,https://www.soundimports.eu/en/audyn-mkta-2-2-160.html,1.64
Audyn MKTA/2.2/250,"Audyn MKTA/2.2/250 | 2,2 µF | 5% | 250 V",2.2,5.0,250.0,Film Capacitor,https://www.soundimports.eu/en/audyn-mkta-2-2-250.html,1.89
Jantzen Audio 001-8020,"Jantzen Audio 001-8020 | 2,20 µF | 5% | 160 V",2.2,5.0,160.0,Film Capacitor,https://www.soundimports.eu/en/jantzen-audio-001-8020.html,2.02
Dayton Audio DMPC-2.2,"Dayton Audio DMPC-2.2 | 2,2 µF | 5% | 250 V",2.2,5.0,250.0,Film Capacitor,https://www.soundimports.eu/en/dayton-audio-dmpc-22.html,2.02
Jantzen Audio 001-0419,"Jantzen Audio 001-0419 | 2,20 µF | 5% | 400 V",2.2,5.0,400.0,Film Capacitor,https://www.soundimports.eu/en/jantzen-audio-001-0419.html,2.85
Dayton Audio PMPC-2.2,"Dayton Audio PMPC-2.2 | 2,2 µF | 1% | 250 V",2.2,1.0,250.0,Film Capacitor,https://www.soundimports.eu/en/dayton-audio-pmpc-22.html,3.51
Intertechnik ELCA/2.2/AX,"Intertechnik ELCA/2.2/AX | 2,2 µF | 10% | 100 V",2.2,10.0,100.0,Film Capacitor,https://www.soundimports.eu/en/it-intertechnik-elca-2-2-ax.html,3.51
Audyn Q4/2.2/400,"Audyn Q4/2.2/400 | 2,2 µF | 5% | 400 V",2.2,5.0,400.0,Film Capacitor,https://www.soundimports.eu/en/audyn-q4-2-2-400.html,3.68
"Audyn Q6/2,2/600","Audyn Q6/2,2/600 | 2,2 µF | 5% | 600 V",2.2,5.0,600.0,Film Capacitor,https://www.soundimports.eu/en/audyn-q6-2-2-600.html,3.68
Audyn MKTA/2.20/100,"Audyn MKTA/2.20/100 | 2,2 µF | 5% | 100 V",2.2,5.0,100.0,Film Capacitor,https://www.soundimports.eu/en/audyn-mkta-2-20-100.html,4.34
Audyn KPQS/2.2/400,"Audyn KPQS/2.2/400 | 2,2 µF | 5% | 400 V",2.2,5.0,400.0,Film Capacitor,https://www.soundimports.eu/en/audyn-kpqs-2-2-400.html,4.5
ClarityCap PX,"ClarityCap PX | 2,20 µF | 5% | 250 V",2.2,5.0,250.0,Film Capacitor,https://www.soundimports.eu/en/claritycap-px2u2j250vdc.html,4.95
Audyn KPQS/2.2/630,"Audyn KPQS/2.2/630 | 2,2 µF | 5% | 630 V",2.2,5.0,630.0,Film Capacitor,https://www.soundimports.eu/en/audyn-kpqs-2-2-630.html,5.33
ClarityCap ESA,"ClarityCap ESA | 2,20 µF | 3% | 250 V",2.2,3.0,250.0,Film Capacitor,https://www.soundimports.eu/en/claritycap-esa2u2h250vdc.html,5.58
"Mundorf MCAP250-2,20","Mundorf MCAP250-2,20 | 2,20 µF | 5% | 250 V",2.2,5.0,250.0,Film Capacitor,https://www.soundimports.eu/en/mundorf-mcap250-220.html,5.74
"Mundorf MCAP400-2,20","Mundorf MCAP400-2,20 | 2,20 µF | 3% | 400 V",2.2,3.0,400.0,Film Capacitor,https://www.soundimports.eu/en/mundorf-mcap400-220.html,6.16
"Mundorf MCAP630-2,20","Mundorf MCAP630-2,20 | 2,20 µF | 3% | 630 V",2.2,3.0,630.0,Film Capacitor,https://www.soundimports.eu/en/mundorf-mcap630-220.html,6.57
"Mundorf ME-2,20T3.450","Mundorf ME-2,20T3.450 | 2,20 µF | 3% | 450 V",2.2,3.0,450.0,Film Capacitor,https://www.soundimports.eu/en/mundorf-me-220t3450.html,11.53
"Mundorf MEO-2,20T3.450","Mundorf MEO-2,20T3.450 | 2,20 µF | 3% | 450 V | Oil",2.2,3.0,450.0,Film Capacitor,https://www.soundimports.eu/en/mundorf-meo220t3450.html,13.18
ClarityCap CSA,"ClarityCap CSA | 2,20 µF | 3% | 250 V",2.2,3.0,250.0,Film Capacitor,https://www.soundimports.eu/en/claritycap-csa2u2h250vdc.html,13.18
Audyn PLUS/2.20/08,"Audyn PLUS/2.20/08 | 2,2 µF | 2% | 800 V",2.2,2.0,800.0,Film Capacitor,https://www.soundimports.eu/en/audyn-plus-2-20-08.html,13.43
Jantzen Audio 001-0546,"Jantzen Audio 001-0546 | 2,20 µF | 2% | 800 V",2.2,2.0,800.0,Film Capacitor,https://www.soundimports.eu/en/jantzen-audio-001-0546.html,16.49
"Mundorf SUP8-2,20","Mundorf SUP8-2,20 | 2,20 µF | 2% | 600 V",2.2,2.0,600.0,Film Capacitor,https://www.soundimports.eu/en/mundorf-sup8-220.html,21.45
Audyn KPSN/2.20/160,"Audyn KPSN/2.20/160 | 2,2 µF | 2% | 160 V",2.2,2.0,160.0,Film Capacitor,https://www.soundimports.eu/en/audyn-kpsn-2-20-160.html,22.27
Jantzen Audio 001-0646,"Jantzen Audio 001-0646 | 2,20 µF | 2% | 800 V",2.2,2.0,800.0,Film Capacitor,https://www.soundimports.eu/en/jantzen-audio-001-0646.html,22.69
ClarityCap PUR2u2H250Vdc,"ClarityCap PUR2u2H250Vdc | 2,20 µF | 3% | 250 V",2.2,3.0,250.0,Film Capacitor,https://www.soundimports.eu/en/claritycap-pur2u2h250vdc.html,25.17
"Mundorf MESGO-2,2T3.450","Mundorf MESGO-2,2T3.450 | 2,2 µF | 3% | 450 V",2.2,3.0,450.0,Film Capacitor,https://www.soundimports.eu/en/mundorf-mesgo-22t3450.html,33.02
ClarityCap MR,"ClarityCap MR | 2,20 µF | 3% | 400 V",2.2,3.0,400.0,Film Capacitor,https://www.soundimports.eu/en/claritycap-mr2u2h400vdc.html,33.02
Jantzen Audio 001-7028,"Jantzen Audio 001-7028 | 2,20 µF | 3% | 100 V",2.2,3.0,100.0,Film Capacitor,https://www.soundimports.eu/en/jantzen-audio-001-7028.html,40.04
ClarityCap CMR,"ClarityCap CMR | 2,20 µF | 3% | 400 V",2.2,3.0,400.0,Film Capacitor,https://www.soundimports.eu/en/claritycap-cmr2u2h400vdc.html,41.28
Audyn KPSN/2.2/250,"Audyn KPSN/2.2/250 | 2,2 µF | 2% | 250 V",2.2,2.0,250.0,Film Capacitor,https://www.soundimports.eu/en/audyn-kpsn-2-2-250.html,51.61
Jantzen Audio 001-7228,"Jantzen Audio 001-7228 | 2,2 µF | 5% | 200 V",2.2,5.0,200.0,Film Capacitor,https://www.soundimports.eu/en/jantzen-audio-001-7228.html,68.14
Audyn KPSN/2.2/630,"Audyn KPSN/2.2/630 | 2,2 µF | 5% | 630 V",2.2,5.0,630.0,Film Capacitor,https://www.soundimports.eu/en/audyn-kpsn-2-2-630.html,68.14
Audyn REF/2.20/600,"Audyn REF/2.20/600 | 2,2 µF | 2% | 600 V",2.2,2.0,600.0,Film Capacitor,https://www.soundimports.eu/en/audyn-ref-2-20-600.html,74.34
Audyn ATC/2.20/630,"Audyn ATC/2.20/630 | 2,2 µF | 2% | 630 V",2.2,2.0,630.0,Film Capacitor,https://www.soundimports.eu/en/audyn-atc-2-20-630.html,185.08
Jantzen Audio 001-0239,"Jantzen Audio 001-0239 | 2,40 µF | 5% | 400 V",2.4,5.0,400.0,Film Capacitor,https://www.soundimports.eu/en/jantzen-audio-001-0239.html,1.23
ClarityCap MR,"ClarityCap MR | 2,40 µF | 3% | 400 V",2.4,3.0,400.0,Film Capacitor,https://www.soundimports.eu/en/claritycap-mr2u4h400vdc.html,33.84
Audyn Q4/2.5/400,"Audyn Q4/2.5/400 | 2,5 µF | 5% | 400 V",2.5,5.0,400.0,Film Capacitor,https://www.soundimports.eu/en/audyn-q4-2-5-400.html,3.51
ClarityCap PUR2u5H250Vdc,"ClarityCap PUR2u5H250Vdc | 2,50 µF | 3% | 250 V",2.5,3.0,250.0,Film Capacitor,https://www.soundimports.eu/en/claritycap-pur2u5h250vdc.html,25.58
Jantzen Audio 001-6114,"Jantzen Audio 001-6114 | 2,7 µF | 5% | 100 V",2.7,5.0,100.0,Film Capacitor,https://www.soundimports.eu/en/jantzen-audio-001-6114.html,1.23
Jantzen Audio 001-0240,"Jantzen Audio 001-0240 | 2,70 µF | 5% | 400 V",2.7,5.0,400.0,Film Capacitor,https://www.soundimports.eu/en/jantzen-audio-001-0240.html,1.23
Dayton Audio DMPC-2.7,"Dayton Audio DMPC-2.7 | 2,7 µF | 5% | 250 V",2.7,5.0,250.0,Film Capacitor,https://www.soundimports.eu/en/dayton-audio-dmpc-2-7.html,1.64
Electrolytic Non-Polarized Cap,"Electrolytic Non-Polarized Cap | 2,7 µF | 10% | 100V",2.7,10.0,100.0,Film Capacitor,https://www.soundimports.eu/en/027-326.html,1.64
Audyn Q2/2.7/250,"Audyn Q2/2.7/250 | 2,7 µF | 5% | 250 V",2.7,5.0,250.0,Film Capacitor,https://www.soundimports.eu/en/audyn-q2-2-7-250.html,1.86
Jantzen Audio 001-8030,"Jantzen Audio 001-8030 | 2,70 µF | 5% | 160 V",2.7,5.0,160.0,Film Capacitor,https://www.soundimports.eu/en/jantzen-audio-001-8030.html,2.02
Audyn MKTA/2.7/160,"Audyn MKTA/2.7/160 | 2,7 µF | 5% | 160 V",2.7,5.0,160.0,Film Capacitor,https://www.soundimports.eu/en/audyn-mkta-2-7-160.html,2.06
Audyn MKTA/2.7/250,"Audyn MKTA/2.7/250 | 2,7 µF | 5% | 250 V",2.7,5.0,250.0,Film Capacitor,https://www.soundimports.eu/en/audyn-mkta-2-7-250.html,2.06
Jantzen Audio 001-0422,"Jantzen Audio 001-0422 | 2,70 µF | 5% | 400 V",2.7,5.0,400.0,Film Capacitor,https://www.soundimports.eu/en/jantzen-audio-001-0422.html,2.85
Dayton Audio PMPC-2.7,"Dayton Audio PMPC-2.7 | 2,7 µF | 1% | 250 V",2.7,1.0,250.0,Film Capacitor,https://www.soundimports.eu/en/dayton-audio-pmpc-27.html,3.26
Audyn Q4/2.7/400,"Audyn Q4/2.7/400 | 2,7 µF | 5% | 400 V",2.7,5.0,400.0,Film Capacitor,https://www.soundimports.eu/en/audyn-q4-2-7-400.html,3.68
Audyn MKTA/2.70/100,"Audyn MKTA/2.70/100 | 2,7 µF | 5% | 100 V",2.7,5.0,100.0,Film Capacitor,https://www.soundimports.eu/en/audyn-mkta-2-70-100.html,4.34
"Audyn Q6/2,7/600","Audyn Q6/2,7/600 | 2,7 µF | 5% | 600 V",2.7,5.0,600.0,Film Capacitor,https://www.soundimports.eu/en/audyn-q6-2-7-600.html,4.5
Audyn KPQS/2.7/400,"Audyn KPQS/2.7/400 | 2,7 µF | 5% | 400 V",2.7,5.0,400.0,Film Capacitor,https://www.soundimports.eu/en/audyn-kpqs-2-7-400.html,4.75
ClarityCap PX,"ClarityCap PX | 2,70 µF | 5% | 250 V",2.7,5.0,250.0,Film Capacitor,https://www.soundimports.eu/en/claritycap-px2u7j250vdc.html,4.95
ClarityCap ESA,"ClarityCap ESA | 2,70 µF | 3% | 250 V",2.7,3.0,250.0,Film Capacitor,https://www.soundimports.eu/en/claritycap-esa2u7h250vdc.html,5.74
"Mundorf MCAP400-2,70","Mundorf MCAP400-2,70 | 2,70 µF | 3% | 400 V",2.7,3.0,400.0,Film Capacitor,https://www.soundimports.eu/en/mundorf-mcap400-270.html,6.16
Audyn KPQS/2.7/630,"Audyn KPQS/2.7/630 | 2,7 µF | 5% | 630 V",2.7,5.0,630.0,Film Capacitor,https://www.soundimports.eu/en/audyn-kpqs-2-7-630.html,6.16
"Mundorf MCAP250-2,70","Mundorf MCAP250-2,70 | 2,70 µF | 5% | 250 V",2.7,5.0,250.0,Film Capacitor,https://www.soundimports.eu/en/mundorf-mcap250-270.html,6.57
"Mundorf ME-2,70T3.450","Mundorf ME-2,70T3.450 | 2,70 µF | 3% | 450 V",2.7,3.0,450.0,Film Capacitor,https://www.soundimports.eu/en/mundorf-me-270t3450.html,11.53
"Mundorf MEO-2,70T3.450","Mundorf MEO-2,70T3.450 | 2,70 µF | 3% | 450 V | Oil",2.7,3.0,450.0,Film Capacitor,https://www.soundimports.eu/en/mundorf-meo270t3450.html,13.18
ClarityCap CSA,"ClarityCap CSA | 2,70 µF | 3% | 250 V",2.7,3.0,250.0,Film Capacitor,https://www.soundimports.eu/en/claritycap-csa2u7h250vdc.html,13.6
Jantzen Audio 001-0550,"Jantzen Audio 001-0550 | 2,70 µF | 2% | 800 V",2.7,2.0,800.0,Film Capacitor,https://www.soundimports.eu/en/jantzen-audio-001-0550.html,18.14
"Mundorf SUP8-2,70","Mundorf SUP8-2,70 | 2,70 µF | 2% | 600 V",2.7,2.0,600.0,Film Capacitor,https://www.soundimports.eu/en/mundorf-sup8-270.html,18.14
Audyn KPSN/2.70/160,"Audyn KPSN/2.70/160 | 2,7 µF | 2% | 160 V",2.7,2.0,160.0,Film Capacitor,https://www.soundimports.eu/en/audyn-kpsn-2-70-160.html,24.75
Jantzen Audio 001-0650,"Jantzen Audio 001-0650 | 2,70 µF | 2% | 800 V",2.7,2.0,800.0,Film Capacitor,https://www.soundimports.eu/en/jantzen-audio-001-0650.html,25.17
ClarityCap PUR2u7H250Vdc,"ClarityCap PUR2u7H250Vdc | 2,70 µF | 3% | 250 V",2.7,3.0,250.0,Film Capacitor,https://www.soundimports.eu/en/claritycap-pur2u7h250vdc.html,25.58
ClarityCap MR,"ClarityCap MR | 2,70 µF | 3% | 400 V",2.7,3.0,400.0,Film Capacitor,https://www.soundimports.eu/en/claritycap-mr2u7h400vdc.html,34.67
"Mundorf MESGO-2,7T3.450","Mundorf MESGO-2,7T3.450 | 2,7 µF | 3% | 450 V",2.7,3.0,450.0,Film Capacitor,https://www.soundimports.eu/en/mundorf-mesgo-27t3450.html,37.15
Jantzen Audio 001-7030,"Jantzen Audio 001-7030 | 2,70 µF | 3% | 100 V",2.7,3.0,100.0,Film Capacitor,https://www.soundimports.eu/en/jantzen-audio-001-7030.html,42.52
ClarityCap CMR,"ClarityCap CMR | 2,70 µF | 3% | 400 V",2.7,3.0,400.0,Film Capacitor,https://www.soundimports.eu/en/claritycap-cmr2u7h400vdc.html,43.35
Audyn KPSN/2.7/250,"Audyn KPSN/2.7/250 | 2,7 µF | 2% | 250 V",2.7,2.0,250.0,Film Capacitor,https://www.soundimports.eu/en/audyn-kpsn-2-7-250.html,73.51
Audyn REF/2.70/600,"Audyn REF/2.70/600 | 2,7 µF | 2% | 600 V",2.7,2.0,600.0,Film Capacitor,https://www.soundimports.eu/en/audyn-ref-2-70-600.html,77.23
Jantzen Audio 001-7230,"Jantzen Audio 001-7230 | 2,7 µF | 5% | 200 V",2.7,5.0,200.0,Film Capacitor,https://www.soundimports.eu/en/jantzen-audio-001-7230.html,83.43
Audyn ATC/2.70/630,"Audyn ATC/2.70/630 | 2,7 µF | 2% | 630 V",2.7,2.0,630.0,Film Capacitor,https://www.soundimports.eu/en/audyn-atc-2-70-630.html,221.69
Jantzen Audio 001-0241,"Jantzen Audio 001-0241 | 3,00 µF | 5% | 400 V",3.0,5.0,400.0,Film Capacitor,https://www.soundimports.eu/en/jantzen-audio-001-0241.html,1.23
Audyn Q2/3.0/250,"Audyn Q2/3.0/250 | 3,0 µF | 5% | 250 V",3.0,5.0,250.0,Film Capacitor,https://www.soundimports.eu/en/audyn-q2-3-0-250.html,1.86
Dayton Audio DMPC-3.0,"Dayton Audio DMPC-3.0 | 3,0 µF | 5% | 250 V",3.0,5.0,250.0,Film Capacitor,https://www.soundimports.eu/en/dayton-audio-dmpc-3-0.html,2.02
Dayton Audio PMPC-3.0,"Dayton Audio PMPC-3.0 | 3,0 µF | 1% | 250 V",3.0,1.0,250.0,Film Capacitor,https://www.soundimports.eu/en/dayton-audio-pmpc-3-0.html,3.43
Audyn Q4/3.0/400,"Audyn Q4/3.0/400 | 3,0 µF | 5% | 400 V",3.0,5.0,400.0,Film Capacitor,https://www.soundimports.eu/en/audyn-q4-3-0-400.html,3.68
ClarityCap PX,"ClarityCap PX | 3,00 µF | 5% | 250 V",3.0,5.0,250.0,Film Capacitor,https://www.soundimports.eu/en/claritycap-px3u0j250vdc.html,4.95
ClarityCap ESA,"ClarityCap ESA | 3,00 µF | 3% | 250 V",3.0,3.0,250.0,Film Capacitor,https://www.soundimports.eu/en/claritycap-esa3uh250vdc.html,5.99
ClarityCap CSA,"ClarityCap CSA | 3,00 µF | 3% | 250 V",3.0,3.0,250.0,Film Capacitor,https://www.soundimports.eu/en/claritycap-csa3uh250vdc.html,14.01
ClarityCap PUR3u0H250Vdc,"ClarityCap PUR3u0H250Vdc | 3,00 µF | 3% | 250 V",3.0,3.0,250.0,Film Capacitor,https://www.soundimports.eu/en/claritycap-pur3u0h250vdc.html,26.82
ClarityCap MR,"ClarityCap MR | 3,00 µF | 3% | 400 V",3.0,3.0,400.0,Film Capacitor,https://www.soundimports.eu/en/claritycap-mr3uh400vdc.html,35.5
Intertechnik ELCR/3.3/100,"Intertechnik ELCR/3.3/100 | 3,3 µF | 10% | 100 V",3.3,10.0,100.0,Film Capacitor,https://www.soundimports.eu/en/it-intertechnik-elcr-3-3-100.html,0.82
Jantzen Audio 001-6117,"Jantzen Audio 001-6117 | 3,3 µF | 5% | 100 V",3.3,5.0,100.0,Film Capacitor,https://www.soundimports.eu/en/jantzen-audio-001-6117.html,1.23
Audyn EGL/3.3/50/5,"Audyn EGL/3.3/50/5 | 3,3 µF | 5% | 50 V",3.3,5.0,50.0,Film Capacitor,https://www.soundimports.eu/en/audyn-egl-3-3-50-5.html,1.23
Audyn EGL/3.3/70,"Audyn EGL/3.3/70 | 3,3 µF | 5% | 70 V",3.3,5.0,70.0,Film Capacitor,https://www.soundimports.eu/en/audyn-egl-3-3-70.html,1.23
Jantzen Audio 001-0242,"Jantzen Audio 001-0242 | 3,30 µF | 5% | 400 V",3.3,5.0,400.0,Film Capacitor,https://www.soundimports.eu/en/jantzen-audio-001-0242.html,1.64
Dayton Audio DMPC-3.3,"Dayton Audio DMPC-3.3 | 3,3 µF | 5% | 250 V",3.3,5.0,250.0,Film Capacitor,https://www.soundimports.eu/en/dayton-audio-dmpc-3-3.html,1.64
Electrolytic Non-Polarized Cap,"Electrolytic Non-Polarized Cap | 3,3 µF | 10% | 100V",3.3,10.0,100.0,Film Capacitor,https://www.soundimports.eu/en/027-328.html,1.64
Audyn Q2/3.3/250,"Audyn Q2/3.3/250 | 3,3 µF | 5% | 250 V",3.3,5.0,250.0,Film Capacitor,https://www.soundimports.eu/en/audyn-q2-3-3-250.html,1.86
Audyn ERA/3.3/100,"Audyn ERA/3.3/100 | 3,3 µF | 10% | 100 V",3.3,10.0,100.0,Film Capacitor,https://www.soundimports.eu/en/audyn-era-3-3-100.html,2.02
Jantzen Audio 001-8040,"Jantzen Audio 001-8040 | 3,30 µF | 5% | 160 V",3.3,5.0,160.0,Film Capacitor,https://www.soundimports.eu/en/jantzen-audio-001-8040.html,2.02
Audyn MKTA/3.3/160,"Audyn MKTA/3.3/160 | 3,3 µF | 5% | 160 V",3.3,5.0,160.0,Film Capacitor,https://www.soundimports.eu/en/audyn-mkta-3-3-160.html,2.06
Audyn MKTA/3.3/250,"Audyn MKTA/3.3/250 | 3,3 µF | 5% | 250 V",3.3,5.0,250.0,Film Capacitor,https://www.soundimports.eu/en/audyn-mkta-3-3-250.html,2.22
Jantzen Audio 001-0425,"Jantzen Audio 001-0425 | 3,30 µF | 5% | 400 V",3.3,5.0,400.0,Film Capacitor,https://www.soundimports.eu/en/jantzen-audio-001-0425.html,2.85
Audyn Q4/3.3/400,"Audyn Q4/3.3/400 | 3,3 µF | 5% | 400 V",3.3,5.0,400.0,Film Capacitor,https://www.soundimports.eu/en/audyn-q4-3-3-400.html,3.68
Intertechnik ELCA/3.3/AX,"Intertechnik ELCA/3.3/AX | 3,3 µF | 10% | 100 V",3.3,10.0,100.0,Film Capacitor,https://www.soundimports.eu/en/it-intertechnik-elca-3-3-ax.html,3.68
Dayton Audio PMPC-3.3,"Dayton Audio PMPC-3.3 | 3,3 µF | 1% | 250 V",3.3,1.0,250.0,Film Capacitor,https://www.soundimports.eu/en/dayton-audio-pmpc-33.html,4.12
Audyn Qtex4/3.30/400,"Audyn Qtex4/3.30/400 | 3,3 µF | 5% | 400 V",3.3,5.0,400.0,Film Capacitor,https://www.soundimports.eu/en/audyn-qtex4-3-30-400.html,4.34
"Audyn Q6/3,3/600","Audyn Q6/3,3/600 | 3,3 µF | 5% | 600 V",3.3,5.0,600.0,Film Capacitor,https://www.soundimports.eu/en/audyn-q6-3-3-600.html,4.5
Audyn MKTA/3.30/100,"Audyn MKTA/3.30/100 | 3,3 µF | 5% | 100 V",3.3,5.0,100.0,Film Capacitor,https://www.soundimports.eu/en/audyn-mkta-3-30-100.html,4.5
Audyn KPQS/3.3/400,"Audyn KPQS/3.3/400  | 3,3 µF | 5% | 400 V",3.3,5.0,400.0,Film Capacitor,https://www.soundimports.eu/en/audyn-kpqs-3-3-400.html,4.75
ClarityCap PX,"ClarityCap PX | 3,30 µF | 5% | 250 V",3.3,5.0,250.0,Film Capacitor,https://www.soundimports.eu/en/claritycap-px3u3j250vdc.html,4.95
"Mundorf MCAP400-3,30","Mundorf MCAP400-3,30 | 3,30 µF | 3% | 400 V",3.3,3.0,400.0,Film Capacitor,https://www.soundimports.eu/en/mundorf-mcap400-330.html,6.16
"Mundorf MCAP250-3,30","Mundorf MCAP250-3,30 | 3,30 µF | 5% | 250 V",3.3,5.0,250.0,Film Capacitor,https://www.soundimports.eu/en/mundorf-mcap250-330.html,6.57
"Mundorf MCAP630-3,30","Mundorf MCAP630-3,30 | 3,30 µF | 3% | 630 V",3.3,3.0,630.0,Film Capacitor,https://www.soundimports.eu/en/mundorf-mcap630-330.html,6.57
ClarityCap ESA,"ClarityCap ESA | 3,30 µF | 3% | 250 V",3.3,3.0,250.0,Film Capacitor,https://www.soundimports.eu/en/claritycap-esa3u3h250vdc.html,6.57
Audyn KPQS/3.3/630,"Audyn KPQS/3.3/630 | 3,3 µF | 5% | 630 V",3.3,5.0,630.0,Film Capacitor,https://www.soundimports.eu/en/audyn-kpqs-3-3-630.html,6.98
"Mundorf ME-3,30T3.450","Mundorf ME-3,30T3.450 | 3,30 µF | 3% | 450 V",3.3,3.0,450.0,Film Capacitor,https://www.soundimports.eu/en/mundorf-me-330t3450.html,12.36
"Mundorf MEO-3,30T3.450","Mundorf MEO-3,30T3.450 | 3,30 µF | 3% | 450 V | Oil",3.3,3.0,450.0,Film Capacitor,https://www.soundimports.eu/en/mundorf-meo330t3450.html,14.01
ClarityCap CSA,"ClarityCap CSA | 3,30 µF | 3% | 250 V",3.3,3.0,250.0,Film Capacitor,https://www.soundimports.eu/en/claritycap-csa3u3h250vdc.html,15.66
Audyn PLUS/3.30/08,"Audyn PLUS/3.30/08 | 3,3 µF | 2% | 800 V",3.3,2.0,800.0,Film Capacitor,https://www.soundimports.eu/en/audyn-plus-3-30-08.html,16.07
Jantzen Audio 001-0554,"Jantzen Audio 001-0554 | 3,30 µF | 2% | 800 V",3.3,2.0,800.0,Film Capacitor,https://www.soundimports.eu/en/jantzen-audio-001-0554.html,17.73
"Mundorf SUP8-3,30","Mundorf SUP8-3,30 | 3,30 µF | 2% | 600 V",3.3,2.0,600.0,Film Capacitor,https://www.soundimports.eu/en/mundorf-sup8-330.html,23.93
Jantzen Audio 001-0654,"Jantzen Audio 001-0654 | 3,30 µF | 2% | 800 V",3.3,2.0,800.0,Film Capacitor,https://www.soundimports.eu/en/jantzen-audio-001-0654.html,25.99
ClarityCap PUR3u3H250Vdc,"ClarityCap PUR3u3H250Vdc | 3,30 µF | 3% | 250 V",3.3,3.0,250.0,Film Capacitor,https://www.soundimports.eu/en/claritycap-pur3u3h250vdc.html,28.88
Audyn KPSN/3.30/160,"Audyn KPSN/3.30/160 | 3,3 µF | 2% | 160 V",3.3,2.0,160.0,Film Capacitor,https://www.soundimports.eu/en/audyn-kpsn-3-30-160.html,30.12
ClarityCap MR,"ClarityCap MR | 3,30 µF | 3% | 400 V",3.3,3.0,400.0,Film Capacitor,https://www.soundimports.eu/en/claritycap-mr3u3h400vdc.html,35.5
"Mundorf MESGO-3,3T3.450","Mundorf MESGO-3,3T3.450 | 3,3 µF | 3% | 450 V",3.3,3.0,450.0,Film Capacitor,https://www.soundimports.eu/en/mundorf-mesgo-33t3450.html,41.28
ClarityCap CMR,"ClarityCap CMR | 3,30 µF | 3% | 400 V",3.3,3.0,400.0,Film Capacitor,https://www.soundimports.eu/en/claritycap-cmr3u3h400vdc.html,45.41
Jantzen Audio 001-7035,"Jantzen Audio 001-7035 | 3,30 µF | 3% | 100 V",3.3,3.0,100.0,Film Capacitor,https://www.soundimports.eu/en/jantzen-audio-001-7035.html,45.83
Audyn FFC3300,"Audyn FFC3300 | 3,3 µF | 10% | 400 V",3.3,10.0,400.0,Film Capacitor,https://www.soundimports.eu/en/audyn-ffc3300.html,70.62
Audyn REF/3.30/600,"Audyn REF/3.30/600 | 3,3 µF | 2% | 600 V",3.3,2.0,600.0,Film Capacitor,https://www.soundimports.eu/en/audyn-ref-3-30-600.html,82.6
Audyn KPSN/3.3/250,"Audyn KPSN/3.3/250 | 3,3 µF | 2% | 250 V",3.3,2.0,250.0,Film Capacitor,https://www.soundimports.eu/en/audyn-kpsn-3-3-250.html,95.0
Jantzen Audio 001-7235,"Jantzen Audio 001-7235 | 3,3 µF | 5% | 200 V",3.3,5.0,200.0,Film Capacitor,https://www.soundimports.eu/en/jantzen-audio-001-7235.html,99.13
Audyn ATC/3.30/630,"Audyn ATC/3.30/630 | 3,3 µF | 2% | 630 V",3.3,2.0,630.0,Film Capacitor,https://www.soundimports.eu/en/audyn-atc-3-30-630.html,289.21
"Audyn Q6/3,5/600","Audyn Q6/3,5/600 | 3,5 µF | 5% | 600 V",3.5,5.0,600.0,Film Capacitor,https://www.soundimports.eu/en/audyn-q6-3-5-600.html,4.92
Jantzen Audio 001-0244,"Jantzen Audio 001-0244 | 3,60 µF | 5% | 400 V",3.6,5.0,400.0,Film Capacitor,https://www.soundimports.eu/en/jantzen-audio-001-0244.html,2.02
Jantzen Audio 001-0428,"Jantzen Audio 001-0428 | 3,60 µF | 5% | 400 V",3.6,5.0,400.0,Film Capacitor,https://www.soundimports.eu/en/jantzen-audio-001-0428.html,3.26
ClarityCap PUR3u6H250Vdc,"ClarityCap PUR3u6H250Vdc | 3,60 µF | 3% | 250 V",3.6,3.0,250.0,Film Capacitor,https://www.soundimports.eu/en/claritycap-pur3u6h250vdc.html,30.54
ClarityCap MR,"ClarityCap MR | 3,60 µF | 3% | 400 V",3.6,3.0,400.0,Film Capacitor,https://www.soundimports.eu/en/claritycap-mr3u6h400vdc.html,37.15
Jantzen Audio 001-6020,"Jantzen Audio 001-6020 | 3,9 µF | 10% | 100 V",3.9,10.0,100.0,Film Capacitor,https://www.soundimports.eu/en/jantzen-audio-001-6020.html,0.82
Jantzen Audio 001-6120,"Jantzen Audio 001-6120 | 3,9 µF | 5% | 100 V",3.9,5.0,100.0,Film Capacitor,https://www.soundimports.eu/en/jantzen-audio-001-6120.html,1.23
Audyn EGL/3.9/50/5,"Audyn EGL/3.9/50/5 | 3,9 µF | 5% | 50 V",3.9,5.0,50.0,Film Capacitor,https://www.soundimports.eu/en/audyn-egl-3-9-50-5.html,1.23
Jantzen Audio 001-0246,"Jantzen Audio 001-0246 | 3,90 µF | 5% | 400 V",3.9,5.0,400.0,Film Capacitor,https://www.soundimports.eu/en/jantzen-audio-001-0246.html,2.02
Audyn Q2/3.9/250,"Audyn Q2/3.9/250 | 3,9 µF | 5% | 250 V",3.9,5.0,250.0,Film Capacitor,https://www.soundimports.eu/en/audyn-q2-3-9-250.html,2.02
Jantzen Audio 001-8050,"Jantzen Audio 001-8050 | 3,90 µF | 5% | 160 V",3.9,5.0,160.0,Film Capacitor,https://www.soundimports.eu/en/jantzen-audio-001-8050.html,2.02
Audyn MKTA/3.9/250,"Audyn MKTA/3.9/250 | 3,9 µF | 5% | 250 V",3.9,5.0,250.0,Film Capacitor,https://www.soundimports.eu/en/audyn-mkta-3-9-250.html,2.47
Audyn MKTA/3.9/160,"Audyn MKTA/3.9/160 | 3,9 µF | 5% | 160 V",3.9,5.0,160.0,Film Capacitor,https://www.soundimports.eu/en/audyn-mkta-3-9-160.html,2.47
Jantzen Audio 001-0431,"Jantzen Audio 001-0431 | 3,90 µF | 5% | 400 V",3.9,5.0,400.0,Film Capacitor,https://www.soundimports.eu/en/jantzen-audio-001-0431.html,3.26
Audyn Q4/3.9/400,"Audyn Q4/3.9/400 | 3,9 µF | 5% | 400 V",3.9,5.0,400.0,Film Capacitor,https://www.soundimports.eu/en/audyn-q4-3-9-400.html,4.09
Audyn KPQS/3.9/400,"Audyn KPQS/3.9/400 | 3,9 µF | 5% | 400 V",3.9,5.0,400.0,Film Capacitor,https://www.soundimports.eu/en/audyn-kpqs-3-9-400.html,4.92
Audyn MKTA/3.90/100,"Audyn MKTA/3.90/100 | 3,9 µF | 5% | 100 V",3.9,5.0,100.0,Film Capacitor,https://www.soundimports.eu/en/audyn-mkta-3-90-100.html,4.92
ClarityCap PX,"ClarityCap PX | 3,90 µF | 5% | 250 V",3.9,5.0,250.0,Film Capacitor,https://www.soundimports.eu/en/claritycap-px3u9j250vdc.html,4.95
"Audyn Q6/3,9/600","Audyn Q6/3,9/600 | 3,9 µF | 5% | 600 V",3.9,5.0,600.0,Film Capacitor,https://www.soundimports.eu/en/audyn-q6-3-9-600.html,5.33
"Mundorf MCAP400-3,90","Mundorf MCAP400-3,90 | 3,90 µF | 3% | 400 V",3.9,3.0,400.0,Film Capacitor,https://www.soundimports.eu/en/mundorf-mcap400-390.html,6.16
"Mundorf MCAP250-3,90","Mundorf MCAP250-3,90 | 3,90 µF | 5% | 250 V",3.9,5.0,250.0,Film Capacitor,https://www.soundimports.eu/en/mundorf-mcap250-390.html,6.57
ClarityCap ESA,"ClarityCap ESA | 3,90 µF | 3% | 250 V",3.9,3.0,250.0,Film Capacitor,https://www.soundimports.eu/en/claritycap-esa3u9h250vdc.html,6.98
Audyn KPQS/3.9/630,"Audyn KPQS/3.9/630 | 3,9 µF | 5% | 630 V",3.9,5.0,630.0,Film Capacitor,https://www.soundimports.eu/en/audyn-kpqs-3-9-630.html,7.4
"Mundorf ME-3,90T3.450","Mundorf ME-3,90T3.450 | 3,90 µF | 3% | 450 V",3.9,3.0,450.0,Film Capacitor,https://www.soundimports.eu/en/mundorf-me-390t3450.html,13.18
"Mundorf MEO-3,90T3.450","Mundorf MEO-3,90T3.450 | 3,90 µF | 3% | 450 V | Oil",3.9,3.0,450.0,Film Capacitor,https://www.soundimports.eu/en/mundorf-meo390t3450.html,14.83
ClarityCap CSA,"ClarityCap CSA | 3,90 µF | 3% | 250 V",3.9,3.0,250.0,Film Capacitor,https://www.soundimports.eu/en/claritycap-csa3u9h250vdc.html,16.07
"Audyn PLUS/3,9/08","Audyn PLUS/3,9/08 | 3,9 µF | 2% | 800 V",3.9,2.0,800.0,Film Capacitor,https://www.soundimports.eu/en/audyn-plus-3-9-08.html,18.18
Jantzen Audio 001-0558,"Jantzen Audio 001-0558 | 3,90 µF | 2% | 800 V",3.9,2.0,800.0,Film Capacitor,https://www.soundimports.eu/en/jantzen-audio-001-0558.html,20.62
"Mundorf SUP8-3,90","Mundorf SUP8-3,90 | 3,90 µF | 2% | 600 V",3.9,2.0,600.0,Film Capacitor,https://www.soundimports.eu/en/mundorf-sup8-390.html,26.44
Jantzen Audio 001-0658,"Jantzen Audio 001-0658 | 3,90 µF | 2% | 800 V",3.9,2.0,800.0,Film Capacitor,https://www.soundimports.eu/en/jantzen-audio-001-0658.html,28.88
ClarityCap PUR3u9H250Vdc,"ClarityCap PUR3u9H250Vdc | 3,90 µF | 3% | 250 V",3.9,3.0,250.0,Film Capacitor,https://www.soundimports.eu/en/claritycap-pur3u9h250vdc.html,30.95
Audyn KPSN/3.90/160,"Audyn KPSN/3.90/160 | 3,9 µF | 2% | 160 V",3.9,2.0,160.0,Film Capacitor,https://www.soundimports.eu/en/audyn-kpsn-3-90-160.html,33.02
ClarityCap MR,"ClarityCap MR | 3,90 µF | 3% | 400 V",3.9,3.0,400.0,Film Capacitor,https://www.soundimports.eu/en/claritycap-mr3u9h400vdc.html,36.32
"Mundorf MESGO-3,9T3.450","Mundorf MESGO-3,9T3.450 | 3,9 µF | 3% | 450 V",3.9,3.0,450.0,Film Capacitor,https://www.soundimports.eu/en/mundorf-mesgo-39t3450.html,45.41
ClarityCap CMR,"ClarityCap CMR | 3,90 µF | 3% | 400 V",3.9,3.0,400.0,Film Capacitor,https://www.soundimports.eu/en/claritycap-cmr3u9h400vdc.html,47.07
Jantzen Audio 001-7237,"Jantzen Audio 001-7237 | 3,9 µF | 5% | 200 V",3.9,5.0,200.0,Film Capacitor,https://www.soundimports.eu/en/jantzen-audio-001-7237.html,115.66
Audyn ATC/3.90/630,"Audyn ATC/3.90/630 | 3,9 µF | 2% | 630 V",3.9,2.0,630.0,Film Capacitor,https://www.soundimports.eu/en/audyn-atc-3-90-630.html,363.6
Electrolytic Non-Polarized Cap,"Electrolytic Non-Polarized Cap | 4,0 µF | 10% | 100V",4.0,10.0,100.0,Film Capacitor,https://www.soundimports.eu/en/027-330.html,1.64
Dayton Audio DMPC-4.0,"Dayton Audio DMPC-4.0 | 4,0 µF | 5% | 250 V",4.0,5.0,250.0,Film Capacitor,https://www.soundimports.eu/en/dayton-audio-dmpc-4-0.html,2.02
Dayton Audio PMPC-4.0,"Dayton Audio PMPC-4.0 | 4,0 µF | 1% | 250 V",4.0,1.0,250.0,Film Capacitor,https://www.soundimports.eu/en/dayton-audio-pmpc-4-0.html,4.09
ClarityCap ESA,"ClarityCap ESA | 4,00 µF | 3% | 250 V",4.0,3.0,250.0,Film Capacitor,https://www.soundimports.eu/en/claritycap-esa4uh250vdc.html,6.98
ClarityCap PUR4u0H250Vdc,"ClarityCap PUR4u0H250Vdc | 4,00 µF | 3% | 250 V",4.0,3.0,250.0,Film Capacitor,https://www.soundimports.eu/en/claritycap-pur4u0h250vdc.html,30.54
Jantzen Audio 001-0247,"Jantzen Audio 001-0247 | 4,10 µF | 5% | 400 V",4.1,5.0,400.0,Film Capacitor,https://www.soundimports.eu/en/jantzen-audio-001-0247.html,2.02
ClarityCap MR,"ClarityCap MR | 4,10 µF | 3% | 400 V",4.1,3.0,400.0,Film Capacitor,https://www.soundimports.eu/en/claritycap-mr4u1h400vdc.html,37.15
Jantzen Audio 001-0248,"Jantzen Audio 001-0248 | 4,30 µF | 5% | 400 V",4.3,5.0,400.0,Film Capacitor,https://www.soundimports.eu/en/jantzen-audio-001-0248.html,2.02
Dayton Audio DMPC-4.3,"Dayton Audio DMPC-4.3 | 4,3 µF | 5% | 250 V",4.3,5.0,250.0,Film Capacitor,https://www.soundimports.eu/en/dayton-audio-dmpc-43.html,2.85
"Audyn Q4/4,3/400","Audyn Q4/4,3/400 | 4,3 µF | 5% | 400 V",4.3,5.0,400.0,Film Capacitor,https://www.soundimports.eu/en/audyn-q4-4-3-400.html,4.09
ClarityCap MR,"ClarityCap MR | 4,30 µF | 3% | 400 V",4.3,3.0,400.0,Film Capacitor,https://www.soundimports.eu/en/claritycap-mr4u3h400vdc.html,37.15
Jantzen Audio 001-0249,"Jantzen Audio 001-0249 | 4,50 µF | 5% | 400 V",4.5,5.0,400.0,Film Capacitor,https://www.soundimports.eu/en/jantzen-audio-001-0249.html,2.02
ClarityCap ESA,"ClarityCap ESA | 4,50 µF | 3% | 250 V",4.5,3.0,250.0,Film Capacitor,https://www.soundimports.eu/en/claritycap-esa4u5h250vdc.html,7.81
ClarityCap CSA,"ClarityCap CSA | 4,50 µF | 3% | 250 V",4.5,3.0,250.0,Film Capacitor,https://www.soundimports.eu/en/claritycap-csa4u5h250vdc.html,16.49
ClarityCap PUR4u5H250Vdc,"ClarityCap PUR4u5H250Vdc | 4,50 µF | 3% | 250 V",4.5,3.0,250.0,Film Capacitor,https://www.soundimports.eu/en/claritycap-pur4u5h250vdc.html,31.36
Jantzen Audio 001-6023,"Jantzen Audio 001-6023 | 4,7 µF | 10% | 100 V",4.7,10.0,100.0,Film Capacitor,https://www.soundimports.eu/en/jantzen-audio-001-6023.html,0.82
Intertechnik ELCR/4.7/100,"Intertechnik ELCR/4.7/100 | 4,7 µF | 10% | 100 V",4.7,10.0,100.0,Film Capacitor,https://www.soundimports.eu/en/it-intertechnik-elcr-4-7-100.html,0.82
Jantzen Audio 001-6123,"Jantzen Audio 001-6123 | 4,7 µF | 5% | 100 V",4.7,5.0,100.0,Film Capacitor,https://www.soundimports.eu/en/jantzen-audio-001-6123.html,1.23
Electrolytic Non-Polarized Cap,"Electrolytic Non-Polarized Cap | 4,7 µF | 10% | 100V",4.7,10.0,100.0,Film Capacitor,https://www.soundimports.eu/en/027-332.html,1.64
Audyn ERA/4.7/100,"Audyn ERA/4.7/100 | 4,7 µF | 10% | 100 V",4.7,10.0,100.0,Film Capacitor,https://www.soundimports.eu/en/audyn-era-4-7-100.html,1.64
Dayton Audio DMPC-4.7,"Dayton Audio DMPC-4.7 | 4,7 µF | 5% | 250 V",4.7,5.0,250.0,Film Capacitor,https://www.soundimports.eu/en/dayton-audio-dmpc-4-7.html,2.19
Jantzen Audio 001-0250,"Jantzen Audio 001-0250 | 4,70 µF | 5% | 400 V",4.7,5.0,400.0,Film Capacitor,https://www.soundimports.eu/en/jantzen-audio-001-0250.html,2.44
Jantzen Audio 001-8060,"Jantzen Audio 001-8060 | 4,70 µF | 5% | 160 V",4.7,5.0,160.0,Film Capacitor,https://www.soundimports.eu/en/jantzen-audio-001-8060.html,2.44
Audyn Q2/4.7/250,"Audyn Q2/4.7/250 | 4,7 µF | 5% | 250 V",4.7,5.0,250.0,Film Capacitor,https://www.soundimports.eu/en/audyn-q2-4-7-250.html,2.69
Audyn MKTA/4.7/160,"Audyn MKTA/4.7/160 | 4,7 µF | 5% | 160 V",4.7,5.0,160.0,Film Capacitor,https://www.soundimports.eu/en/audyn-mkta-4-7-160.html,2.88
Audyn MKTA/4.7/250,"Audyn MKTA/4.7/250 | 4,7 µF | 5% | 250 V",4.7,5.0,250.0,Film Capacitor,https://www.soundimports.eu/en/audyn-mkta-4-7-250.html,3.3
Jantzen Audio 001-0434,"Jantzen Audio 001-0434 | 4,70 µF | 5% | 400 V",4.7,5.0,400.0,Film Capacitor,https://www.soundimports.eu/en/jantzen-audio-001-0434.html,3.68
Intertechnik ELCA/4.7/AX,"Intertechnik ELCA/4.7/AX | 4,7 µF | 10% | 100 V",4.7,10.0,100.0,Film Capacitor,https://www.soundimports.eu/en/it-intertechnik-elca-4-7-ax.html,4.09
Audyn Q4/4.7/400,"Audyn Q4/4.7/400 | 4,7 µF | 5% | 400 V",4.7,5.0,400.0,Film Capacitor,https://www.soundimports.eu/en/audyn-q4-4-7-400.html,4.34
Dayton Audio PMPC-4.7,"Dayton Audio PMPC-4.7 | 4,7 µF | 1% | 250 V",4.7,1.0,250.0,Film Capacitor,https://www.soundimports.eu/en/dayton-audio-pmpc-47.html,4.5
Audyn MKTA/4.70/100,"Audyn MKTA/4.70/100 | 4,7 µF | 5% | 100 V",4.7,5.0,100.0,Film Capacitor,https://www.soundimports.eu/en/audyn-mkta-4-70-100.html,5.17
"Audyn Q6/4,7/600","Audyn Q6/4,7/600 | 4,7 µF | 5% | 600 V",4.7,5.0,600.0,Film Capacitor,https://www.soundimports.eu/en/audyn-q6-4-7-600.html,5.33
Audyn KPQS/4.7/400,"Audyn KPQS/4.7/400 | 4,7 µF | 5% | 400 V",4.7,5.0,400.0,Film Capacitor,https://www.soundimports.eu/en/audyn-kpqs-4-7-400.html,5.74
"Mundorf MCAP250-4,70","Mundorf MCAP250-4,70 | 4,70 µF | 5% | 250 V",4.7,5.0,250.0,Film Capacitor,https://www.soundimports.eu/en/mundorf-mcap250-470.html,6.57
"Mundorf MCAP400-4,70","Mundorf MCAP400-4,70 | 4,70 µF | 3% | 400 V",4.7,3.0,400.0,Film Capacitor,https://www.soundimports.eu/en/mundorf-mcap400-470.html,6.57
ClarityCap PX,"ClarityCap PX | 4,70 µF | 5% | 250 V",4.7,5.0,250.0,Film Capacitor,https://www.soundimports.eu/en/claritycap-px4u7j250vdc.html,6.57
"Mundorf MCAP630-4,70","Mundorf MCAP630-4,70 | 4,70 µF | 3% | 630 V",4.7,3.0,630.0,Film Capacitor,https://www.soundimports.eu/en/mundorf-mcap630-470.html,7.4
Audyn KPQS/4.7/630,"Audyn KPQS/4.7/630 | 4,7 µF | 5% | 630 V",4.7,5.0,630.0,Film Capacitor,https://www.soundimports.eu/en/audyn-kpqs-4-7-630.html,7.81
ClarityCap ESA,"ClarityCap ESA | 4,70 µF | 3% | 250 V",4.7,3.0,250.0,Film Capacitor,https://www.soundimports.eu/en/claritycap-esa4u7h250vdc.html,8.64
"Mundorf ME-4,70T3.450","Mundorf ME-4,70T3.450 | 4,70 µF | 3% | 450 V",4.7,3.0,450.0,Film Capacitor,https://www.soundimports.eu/en/mundorf-me-470t3450.html,14.01
"Mundorf MEO-4,70T3.450","Mundorf MEO-4,70T3.450 | 4,70 µF | 3% | 450 V | Oil",4.7,3.0,450.0,Film Capacitor,https://www.soundimports.eu/en/mundorf-meo470t3450.html,15.66
ClarityCap CSA,"ClarityCap CSA | 4,70 µF | 3% | 250 V",4.7,3.0,250.0,Film Capacitor,https://www.soundimports.eu/en/claritycap-csa4u7h250vdc.html,15.66
Audyn PLUS/4.70/08,"Audyn PLUS/4.70/08 | 4,7 µF | 2% | 800 V",4.7,2.0,800.0,Film Capacitor,https://www.soundimports.eu/en/audyn-plus-4-70-08.html,19.38
Jantzen Audio 001-0562,"Jantzen Audio 001-0562 | 4,70 µF | 2% | 800 V",4.7,2.0,800.0,Film Capacitor,https://www.soundimports.eu/en/jantzen-audio-001-0562.html,21.03
"Mundorf SUP8-4,70","Mundorf SUP8-4,70 | 4,70 µF | 2% | 600 V",4.7,2.0,600.0,Film Capacitor,https://www.soundimports.eu/en/mundorf-sup8-470.html,28.88
Jantzen Audio 001-0662,"Jantzen Audio 001-0662 | 4,70 µF | 2% | 800 V",4.7,2.0,800.0,Film Capacitor,https://www.soundimports.eu/en/jantzen-audio-001-0662.html,29.3
ClarityCap PUR4u7H250Vdc,"ClarityCap PUR4u7H250Vdc | 4,70 µF | 3% | 250 V",4.7,3.0,250.0,Film Capacitor,https://www.soundimports.eu/en/claritycap-pur4u7h250vdc.html,32.19
Audyn KPSN/4.70/160,"Audyn KPSN/4.70/160 | 4,7 µF | 2% | 160 V",4.7,2.0,160.0,Film Capacitor,https://www.soundimports.eu/en/audyn-kpsn-4-70-160.html,32.19
ClarityCap MR,"ClarityCap MR | 4,70 µF | 3% | 400 V",4.7,3.0,400.0,Film Capacitor,https://www.soundimports.eu/en/claritycap-mr4u7h400vdc.html,37.15
"Mundorf MESGO-4,7T3.450","Mundorf MESGO-4,7T3.450 | 4,7 µF | 3% | 450 V",4.7,3.0,450.0,Film Capacitor,https://www.soundimports.eu/en/mundorf-mesgo-47t3450.html,49.55
ClarityCap CMR,"ClarityCap CMR | 4,70 µF | 3% | 400 V",4.7,3.0,400.0,Film Capacitor,https://www.soundimports.eu/en/claritycap-cmr4u7h400vdc.html,49.55
Jantzen Audio 001-7040,"Jantzen Audio 001-7040 | 4,70 µF | 3% | 100 V",4.7,3.0,100.0,Film Capacitor,https://www.soundimports.eu/en/jantzen-audio-001-7040.html,51.2
Audyn FFC4700,"Audyn FFC4700 | 4,7 µF | 10% | 400 V",4.7,10.0,400.0,Film Capacitor,https://www.soundimports.eu/en/audyn-ffc4700.html,81.2
Audyn REF/4.70/600,"Audyn REF/4.70/600 | 4,7 µF | 2% | 600 V",4.7,2.0,600.0,Film Capacitor,https://www.soundimports.eu/en/audyn-ref-4-70-600.html,82.6
Jantzen Audio 001-7240,"Jantzen Audio 001-7240 | 4,7 µF | 5% | 200 V",4.7,5.0,200.0,Film Capacitor,https://www.soundimports.eu/en/jantzen-audio-001-7240.html,138.39
Audyn ATC/4.70/630,"Audyn ATC/4.70/630 | 4,7 µF | 2% | 630 V",4.7,2.0,630.0,Film Capacitor,https://www.soundimports.eu/en/audyn-atc-4-70-630.html,437.98
"Audyn Q4/5,0/400","Audyn Q4/5,0/400 | 5,0 µF | 5% | 400 V",5.0,5.0,400.0,Film Capacitor,https://www.soundimports.eu/en/audyn-q4-5-0-400.html,4.5
"Audyn Q6/5,0/600","Audyn Q6/5,0/600 | 5,0 µF | 5% | 600 V",5.0,5.0,600.0,Film Capacitor,https://www.soundimports.eu/en/audyn-q650600.html,5.74
ClarityCap ESA,"ClarityCap ESA | 5,00 µF | 3% | 250 V",5.0,3.0,250.0,Film Capacitor,https://www.soundimports.eu/en/claritycap-esa5uh250vdc.html,8.64
ClarityCap PUR5u0H250Vdc,"ClarityCap PUR5u0H250Vdc | 5,00 µF | 3% | 250 V",5.0,3.0,250.0,Film Capacitor,https://www.soundimports.eu/en/claritycap-pur5u0h250vdc.html,33.02
Jantzen Audio 001-0252,"Jantzen Audio 001-0252 | 5,10 µF | 5% | 400 V",5.1,5.0,400.0,Film Capacitor,https://www.soundimports.eu/en/jantzen-audio-001-0252.html,2.44
Dayton Audio DMPC-5.1,"Dayton Audio DMPC-5.1 | 5,1 µF | 5% | 250 V",5.1,5.0,250.0,Film Capacitor,https://www.soundimports.eu/en/dayton-audio-dmpc-51.html,2.44
Dayton Audio PMPC-5.1,"Dayton Audio PMPC-5.1 | 5,1 µF | 1% | 250 V",5.1,1.0,250.0,Film Capacitor,https://www.soundimports.eu/en/dayton-audio-pmpc-51.html,4.67
ClarityCap PUR5u1H250Vdc,"ClarityCap PUR5u1H250Vdc | 5,10 µF | 3% | 250 V",5.1,3.0,250.0,Film Capacitor,https://www.soundimports.eu/en/claritycap-pur5u1h250vdc.html,33.84
ClarityCap MR,"ClarityCap MR | 5,10 µF | 3% | 400 V",5.1,3.0,400.0,Film Capacitor,https://www.soundimports.eu/en/claritycap-mr5u1h400vdc.html,37.15
"Audyn Q4/5,2/400","Audyn Q4/5,2/400 | 5,2 µF | 5% | 400 V",5.2,5.0,400.0,Film Capacitor,https://www.soundimports.eu/en/audyn-q4-5-2-400.html,4.5
ClarityCap ESA,"ClarityCap ESA | 5,30 µF | 3% | 250 V",5.3,3.0,250.0,Film Capacitor,https://www.soundimports.eu/en/claritycap-esa5u3h250vdc.html,9.05
ClarityCap CSA,"ClarityCap CSA | 5,30 µF | 3% | 250 V",5.3,3.0,250.0,Film Capacitor,https://www.soundimports.eu/en/claritycap-csa5u3h250vdc.html,16.9
Jantzen Audio 001-0253,"Jantzen Audio 001-0253 | 5,40 µF | 5% | 400 V",5.4,5.0,400.0,Film Capacitor,https://www.soundimports.eu/en/jantzen-audio-001-0253.html,2.85
Jantzen Audio 001-6126,"Jantzen Audio 001-6126 | 5,6 µF | 5% | 100 V",5.6,5.0,100.0,Film Capacitor,https://www.soundimports.eu/en/jantzen-audio-001-6126.html,1.23
Audyn EGL/5.6/50/5,"Audyn EGL/5.6/50/5 | 5,6 µF | 5% | 50 V",5.6,5.0,50.0,Film Capacitor,https://www.soundimports.eu/en/audyn-egl-5-6-50-5.html,1.23
Audyn EGL/5.6/70,"Audyn EGL/5.6/70 | 5,6 µF | 5% | 70 V",5.6,5.0,70.0,Film Capacitor,https://www.soundimports.eu/en/audyn-egl-5-6-70.html,1.23
Dayton Audio DMPC-5.6,"Dayton Audio DMPC-5.6 | 5,6 µF | 5% | 250 V",5.6,5.0,250.0,Film Capacitor,https://www.soundimports.eu/en/dayton-audio-dmpc-56.html,2.44
Jantzen Audio 001-8070,"Jantzen Audio 001-8070 | 5,60 µF | 5% | 160 V",5.6,5.0,160.0,Film Capacitor,https://www.soundimports.eu/en/jantzen-audio-001-8070.html,2.44
Electrolytic Non-Polarized Cap,"Electrolytic Non-Polarized Cap | 5,6 µF | 10% | 100V",5.6,10.0,100.0,Film Capacitor,https://www.soundimports.eu/en/027-334.html,2.47
Audyn Q2/5.6/250,"Audyn Q2/5.6/250 | 5,6 µF | 5% | 250 V",5.6,5.0,250.0,Film Capacitor,https://www.soundimports.eu/en/audyn-q2-5-6-250.html,2.85
Jantzen Audio 001-0254,"Jantzen Audio 001-0254 | 5,60 µF | 5% | 400 V",5.6,5.0,400.0,Film Capacitor,https://www.soundimports.eu/en/jantzen-audio-001-0254.html,2.85
Audyn MKTA/5.6/250,"Audyn MKTA/5.6/250 | 5,6 µF | 5% | 250 V",5.6,5.0,250.0,Film Capacitor,https://www.soundimports.eu/en/audyn-mkta-5-6-250.html,3.3
Audyn MKTA/5.6/160,"Audyn MKTA/5.6/160 | 5,6 µF | 5% | 160 V",5.6,5.0,160.0,Film Capacitor,https://www.soundimports.eu/en/audyn-mkta-5-6-160.html,3.3
Intertechnik ELCA/5.6/AX,"Intertechnik ELCA/5.6/AX | 5,6 µF | 10% | 100 V",5.6,10.0,100.0,Film Capacitor,https://www.soundimports.eu/en/it-intertechnik-elca-5-6-ax.html,4.5
Jantzen Audio 001-0437,"Jantzen Audio 001-0437 | 5,60 µF | 5% | 400 V",5.6,5.0,400.0,Film Capacitor,https://www.soundimports.eu/en/jantzen-audio-001-0437.html,4.92
Audyn Q4/5.6/400,"Audyn Q4/5.6/400 | 5,6 µF | 5% | 400 V",5.6,5.0,400.0,Film Capacitor,https://www.soundimports.eu/en/audyn-q4-5-6-400.html,4.92
Dayton Audio PMPC-5.6,"Dayton Audio PMPC-5.6 | 5,6 µF | 1% | 250 V",5.6,1.0,250.0,Film Capacitor,https://www.soundimports.eu/en/dayton-audio-pmpc-56.html,5.58
"Mundorf MCAP250-5,60","Mundorf MCAP250-5,60 | 5,60 µF | 5% | 250 V",5.6,5.0,250.0,Film Capacitor,https://www.soundimports.eu/en/mundorf-mcap250-560.html,6.57
Audyn MKTA/5.60/100,"Audyn MKTA/5.60/100 | 5,6 µF | 5% | 100 V",5.6,5.0,100.0,Film Capacitor,https://www.soundimports.eu/en/audyn-mkta-5-60-100.html,6.57
"Audyn Q6/5,6/600","Audyn Q6/5,6/600 | 5,6 µF | 5% | 600 V",5.6,5.0,600.0,Film Capacitor,https://www.soundimports.eu/en/audyn-q6-5-6-600.html,6.82
Audyn KPQS/5.6/400,"Audyn KPQS/5.6/400 | 5,6 µF | 5% | 400 V",5.6,5.0,400.0,Film Capacitor,https://www.soundimports.eu/en/audyn-kpqs-5-6-400.html,6.98
ClarityCap PX,"ClarityCap PX | 5,60 µF | 5% | 250 V",5.6,5.0,250.0,Film Capacitor,https://www.soundimports.eu/en/claritycap-px5u6j250vdc.html,6.98
"Mundorf MCAP400-5,60","Mundorf MCAP400-5,60 | 5,60 µF | 3% | 400 V",5.6,3.0,400.0,Film Capacitor,https://www.soundimports.eu/en/mundorf-mcap400-560.html,7.4
Audyn KPQS/5.6/630,"Audyn KPQS/5.6/630 | 5,6 µF | 5% | 630 V",5.6,5.0,630.0,Film Capacitor,https://www.soundimports.eu/en/audyn-kpqs-5-6-630.html,8.47
ClarityCap ESA,"ClarityCap ESA | 5,60 µF | 3% | 250 V",5.6,3.0,250.0,Film Capacitor,https://www.soundimports.eu/en/claritycap-esa5u6h250vdc.html,9.46
"Mundorf ME-5,60T3.450","Mundorf ME-5,60T3.450 | 5,60 µF | 3% | 450 V",5.6,3.0,450.0,Film Capacitor,https://www.soundimports.eu/en/mundorf-me-560t3450.html,14.83
"Mundorf MEO-5,60T3.450","Mundorf MEO-5,60T3.450 | 5,60 µF | 3% | 450 V | Oil",5.6,3.0,450.0,Film Capacitor,https://www.soundimports.eu/en/mundorf-meo560t3450.html,16.49
ClarityCap CSA,"ClarityCap CSA | 5,60 µF | 3% | 250 V",5.6,3.0,250.0,Film Capacitor,https://www.soundimports.eu/en/claritycap-csa5u6h250vdc.html,17.31
Audyn PLUS/5.60/08,"Audyn PLUS/5.60/08 | 5,6 µF | 2% | 800 V",5.6,2.0,800.0,Film Capacitor,https://www.soundimports.eu/en/audyn-plus-5-60-08.html,22.69
Jantzen Audio 001-0566,"Jantzen Audio 001-0566 | 5,60 µF | 2% | 800 V",5.6,2.0,800.0,Film Capacitor,https://www.soundimports.eu/en/jantzen-audio-001-0566.html,25.17
"Mundorf SUP8-5,60","Mundorf SUP8-5,60 | 5,60 µF | 2% | 600 V",5.6,2.0,600.0,Film Capacitor,https://www.soundimports.eu/en/mundorf-sup8-560.html,33.02
Jantzen Audio 001-0666,"Jantzen Audio 001-0666 | 5,60 µF | 2% | 800 V",5.6,2.0,800.0,Film Capacitor,https://www.soundimports.eu/en/jantzen-audio-001-0666.html,33.02
ClarityCap PUR5u6H250Vdc,"ClarityCap PUR5u6H250Vdc | 5,60 µF | 3% | 250 V",5.6,3.0,250.0,Film Capacitor,https://www.soundimports.eu/en/claritycap-pur5u6h250vdc.html,37.15
ClarityCap MR,"ClarityCap MR | 5,60 µF | 3% | 400 V",5.6,3.0,400.0,Film Capacitor,https://www.soundimports.eu/en/claritycap-mr5u6h400vdc.html,42.93
Audyn KPSN/5.60/160,"Audyn KPSN/5.60/160 | 5,6 µF | 2% | 160 V",5.6,2.0,160.0,Film Capacitor,https://www.soundimports.eu/en/audyn-kpsn-5-60-160.html,43.35
ClarityCap CMR,"ClarityCap CMR | 5,60 µF | 3% | 400 V",5.6,3.0,400.0,Film Capacitor,https://www.soundimports.eu/en/claritycap-cmr5u6h400vdc.html,51.61
"Mundorf MESGO-5,6T3.450","Mundorf MESGO-5,6T3.450 | 5,6 µF | 3% | 450 V",5.6,3.0,450.0,Film Capacitor,https://www.soundimports.eu/en/mundorf-mesgo-56t3450.html,57.81
Jantzen Audio 001-7045,"Jantzen Audio 001-7045 | 5,60 µF | 3% | 100 V",5.6,3.0,100.0,Film Capacitor,https://www.soundimports.eu/en/jantzen-audio-001-7045.html,57.81
Audyn REF/5.60/600,"Audyn REF/5.60/600 | 5,6 µF | 2% | 600 V",5.6,2.0,600.0,Film Capacitor,https://www.soundimports.eu/en/audyn-ref-5-60-600.html,86.74
Jantzen Audio 001-7243,"Jantzen Audio 001-7243 | 5,6 µF | 5% | 200 V",5.6,5.0,200.0,Film Capacitor,https://www.soundimports.eu/en/jantzen-audio-001-7243.html,160.7
ClarityCap PX,"ClarityCap PX | 6,00 µF | 5% | 250 V",6.0,5.0,250.0,Film Capacitor,https://www.soundimports.eu/en/claritycap-px6u0j250vdc.html,6.98
ClarityCap PUR6u0H250Vdc,"ClarityCap PUR6u0H250Vdc | 6,00 µF | 3% | 250 V",6.0,3.0,250.0,Film Capacitor,https://www.soundimports.eu/en/claritycap-pur6u0h250vdc.html,38.8
Jantzen Audio 001-0256,"Jantzen Audio 001-0256 | 6,20 µF | 5% | 400 V",6.2,5.0,400.0,Film Capacitor,https://www.soundimports.eu/en/jantzen-audio-001-0256.html,2.85
Dayton Audio DMPC-6.2,"Dayton Audio DMPC-6.2 | 6,2 µF | 5% | 250 V",6.2,5.0,250.0,Film Capacitor,https://www.soundimports.eu/en/dayton-audio-dmpc-62.html,2.85
"Audyn Q4/6,2/400","Audyn Q4/6,2/400 | 6,2 µF | 5% | 400 V",6.2,5.0,400.0,Film Capacitor,https://www.soundimports.eu/en/audyn-q4-6-2-400.html,5.33
Dayton Audio PMPC-6.2,"Dayton Audio PMPC-6.2 | 6,2 µF | 1% | 250 V",6.2,1.0,250.0,Film Capacitor,https://www.soundimports.eu/en/dayton-audio-pmpc-62.html,5.58
ClarityCap ESA,"ClarityCap ESA | 6,20 µF | 3% | 250 V",6.2,3.0,250.0,Film Capacitor,https://www.soundimports.eu/en/claritycap-esa6u2h250vdc.html,10.29
ClarityCap PUR6u2H250Vdc,"ClarityCap PUR6u2H250Vdc | 6,20 µF | 3% | 250 V",6.2,3.0,250.0,Film Capacitor,https://www.soundimports.eu/en/claritycap-pur6u2h250vdc.html,39.63
ClarityCap MR,"ClarityCap MR | 6,20 µF | 3% | 400 V",6.2,3.0,400.0,Film Capacitor,https://www.soundimports.eu/en/claritycap-mr6u2h400vdc.html,44.17
ClarityCap PUR6u6H250Vdc,"ClarityCap PUR6u6H250Vdc | 6,60 µF | 3% | 250 V",6.6,3.0,250.0,Film Capacitor,https://www.soundimports.eu/en/claritycap-pur6u6h250vdc.html,35.5
Jantzen Audio 001-6029,"Jantzen Audio 001-6029 | 6,8 µF | 10% | 100 V",6.8,10.0,100.0,Film Capacitor,https://www.soundimports.eu/en/jantzen-audio-001-6029.html,0.82
Jantzen Audio 001-6129,"Jantzen Audio 001-6129 | 6,8 µF | 5% | 100 V",6.8,5.0,100.0,Film Capacitor,https://www.soundimports.eu/en/jantzen-audio-001-6129.html,1.23
Electrolytic Non-Polarized Cap,"Electrolytic Non-Polarized Cap | 6,8 µF | 10% | 100V",6.8,10.0,100.0,Film Capacitor,https://www.soundimports.eu/en/027-336.html,1.64
Audyn ERA/6.8/100,"Audyn ERA/6.8/100 | 6,8 µF | 10% | 100 V",6.8,10.0,100.0,Film Capacitor,https://www.soundimports.eu/en/audyn-era-6-8-100.html,2.02
Jantzen Audio 001-8080,"Jantzen Audio 001-8080 | 6,80 µF | 5% | 160 V",6.8,5.0,160.0,Film Capacitor,https://www.soundimports.eu/en/jantzen-audio-001-8080.html,2.44
Dayton Audio DMPC-6.8,"Dayton Audio DMPC-6.8 | 6,8 µF | 5% | 250 V",6.8,5.0,250.0,Film Capacitor,https://www.soundimports.eu/en/dayton-audio-dmpc-6-8.html,2.69
Jantzen Audio 001-0258,"Jantzen Audio 001-0258 | 6,80 µF | 5% | 400 V",6.8,5.0,400.0,Film Capacitor,https://www.soundimports.eu/en/jantzen-audio-001-0258.html,3.26
Audyn Q2/6.8/250,"Audyn Q2/6.8/250 | 6,8 µF | 5% | 250 V",6.8,5.0,250.0,Film Capacitor,https://www.soundimports.eu/en/audyn-q2-6-8-250.html,3.68
Audyn MKTA/6.8/160,"Audyn MKTA/6.8/160 | 6,8 µF | 5% | 160 V",6.8,5.0,160.0,Film Capacitor,https://www.soundimports.eu/en/audyn-mkta-6-8-160.html,3.93
Intertechnik ELCA/6.8/AX,"Intertechnik ELCA/6.8/AX | 6,8 µF | 10% | 100 V",6.8,10.0,100.0,Film Capacitor,https://www.soundimports.eu/en/it-intertechnik-elca-6-8-ax.html,4.92
Jantzen Audio 001-0440,"Jantzen Audio 001-0440 | 6,80 µF | 5% | 400 V",6.8,5.0,400.0,Film Capacitor,https://www.soundimports.eu/en/jantzen-audio-001-0440.html,5.33
Dayton Audio PMPC-6.8,"Dayton Audio PMPC-6.8 | 6,8 µF | 1% | 250 V",6.8,1.0,250.0,Film Capacitor,https://www.soundimports.eu/en/dayton-audio-pmpc-68.html,5.58
Audyn Q4/6.80/400,"Audyn Q4/6.80/400 | 6,8 µF | 5% | 400 V",6.8,5.0,400.0,Film Capacitor,https://www.soundimports.eu/en/audyn-q4-6-80-400.html,5.74
Audyn MKTA/6.8/250,"Audyn MKTA/6.8/250 | 6,8 µF | 5% | 250 V",6.8,5.0,250.0,Film Capacitor,https://www.soundimports.eu/en/audyn-mkta-6-8-250.html,5.74
"Mundorf MCAP250-6,80","Mundorf MCAP250-6,80 | 6,80 µF | 5% | 250 V",6.8,5.0,250.0,Film Capacitor,https://www.soundimports.eu/en/mundorf-mcap250-680.html,6.57
ClarityCap PX,"ClarityCap PX | 6,80 µF | 5% | 250 V",6.8,5.0,250.0,Film Capacitor,https://www.soundimports.eu/en/claritycap-px6u8j250vdc.html,7.4
"Audyn Q6/6,8/600","Audyn Q6/6,8/600 | 6,8 µF | 5% | 600 V",6.8,5.0,600.0,Film Capacitor,https://www.soundimports.eu/en/audyn-q6-6-8-600.html,7.4
Audyn MKTA/6.80/100,"Audyn MKTA/6.80/100 | 6,8 µF | 5% | 100 V",6.8,5.0,100.0,Film Capacitor,https://www.soundimports.eu/en/audyn-mkta-6-80-100.html,7.4
"Mundorf MCAP400-6,80","Mundorf MCAP400-6,80 | 6,80 µF | 3% | 400 V",6.8,3.0,400.0,Film Capacitor,https://www.soundimports.eu/en/mundorf-mcap400-680.html,8.22
Audyn KPQS/6.8/400,"Audyn KPQS/6.8/400 | 6,8 µF | 5% | 400 V",6.8,5.0,400.0,Film Capacitor,https://www.soundimports.eu/en/audyn-kpqs-6-8-400.html,8.22
"Mundorf MCAP630-6,80","Mundorf MCAP630-6,80 | 6,80 µF | 3% | 630 V",6.8,3.0,630.0,Film Capacitor,https://www.soundimports.eu/en/mundorf-mcap630-680.html,9.05
Audyn KPQS/6.8/630,"Audyn KPQS/6.8/630 | 6,8 µF | 5% | 630 V",6.8,5.0,630.0,Film Capacitor,https://www.soundimports.eu/en/audyn-kpqs-6-8-630.html,9.88
ClarityCap ESA,"ClarityCap ESA | 6,80 µF | 3% | 250 V",6.8,3.0,250.0,Film Capacitor,https://www.soundimports.eu/en/claritycap-esa6u8h250vdc.html,10.29
"Mundorf ME-6,80T3.450","Mundorf ME-6,80T3.450 | 6,80 µF | 3% | 450 V",6.8,3.0,450.0,Film Capacitor,https://www.soundimports.eu/en/mundorf-me-680t3450.html,16.49
"Mundorf MEO-6,80T3.450","Mundorf MEO-6,80T3.450  | 6,80 µF | 3% | 450 V | Oil",6.8,3.0,450.0,Film Capacitor,https://www.soundimports.eu/en/mundorf-meo680t3450.html,18.14
ClarityCap CSA,"ClarityCap CSA | 6,80 µF | 3% | 250 V",6.8,3.0,250.0,Film Capacitor,https://www.soundimports.eu/en/claritycap-csa6u8h250vdc.html,18.55
Audyn PLUS/6.80/08,"Audyn PLUS/6.80/08 | 6,8 µF | 2% | 800 V",6.8,2.0,800.0,Film Capacitor,https://www.soundimports.eu/en/audyn-plus-6-80-08.html,24.17
Jantzen Audio 001-0570,"Jantzen Audio 001-0570 | 6,80 µF | 2% | 800 V",6.8,2.0,800.0,Film Capacitor,https://www.soundimports.eu/en/jantzen-audio-001-0570.html,26.82
ClarityCap PUR6u8H250Vdc,"ClarityCap PUR6u8H250Vdc | 6,80 µF | 3% | 250 V",6.8,3.0,250.0,Film Capacitor,https://www.soundimports.eu/en/claritycap-pur6u8h250vdc.html,35.5
Jantzen Audio 001-0670,"Jantzen Audio 001-0670 | 6,80 µF | 2% | 800 V",6.8,2.0,800.0,Film Capacitor,https://www.soundimports.eu/en/jantzen-audio-001-0670.html,35.5
"Mundorf SUP8-6,80","Mundorf SUP8-6,80 | 6,80 µF | 2% | 600 V",6.8,2.0,600.0,Film Capacitor,https://www.soundimports.eu/en/mundorf-sup8-680.html,37.15
ClarityCap MR,"ClarityCap MR | 6,80 µF | 3% | 400 V",6.8,3.0,400.0,Film Capacitor,https://www.soundimports.eu/en/claritycap-mr6u8h400vdc.html,44.59
Audyn KPSN/6.80/160,"Audyn KPSN/6.80/160 | 6,8 µF | 2% | 160 V",6.8,2.0,160.0,Film Capacitor,https://www.soundimports.eu/en/audyn-kpsn-6-80-160.html,51.61
ClarityCap CMR,"ClarityCap CMR | 6,80 µF | 3% | 400 V",6.8,3.0,400.0,Film Capacitor,https://www.soundimports.eu/en/claritycap-cmr6u8h400vdc.html,61.94
Jantzen Audio 001-7050,"Jantzen Audio 001-7050 | 6,80 µF | 3% | 100 V",6.8,3.0,100.0,Film Capacitor,https://www.soundimports.eu/en/jantzen-audio-001-7050.html,65.25
"Mundorf MESGO-6,8T3.450","Mundorf MESGO-6,8T3.450 | 6,8 µF | 3% | 450 V",6.8,3.0,450.0,Film Capacitor,https://www.soundimports.eu/en/mundorf-mesgo-68t3450.html,66.07
Audyn REF/6.80/600,"Audyn REF/6.80/600 | 6,8 µF | 2% | 600 V",6.8,2.0,600.0,Film Capacitor,https://www.soundimports.eu/en/audyn-ref-6-80-600.html,87.56
Jantzen Audio 001-7250,"Jantzen Audio 001-7250 | 6,8 µF | 5% | 200 V",6.8,5.0,200.0,Film Capacitor,https://www.soundimports.eu/en/jantzen-audio-001-7250.html,194.17
Dayton Audio DMPC-7.5,"Dayton Audio DMPC-7.5 | 7,5 µF | 5% | 250 V",7.5,5.0,250.0,Film Capacitor,https://www.soundimports.eu/en/dayton-audio-dmpc-7-5.html,2.85
Jantzen Audio 001-0260,"Jantzen Audio 001-0260 | 7,50 µF | 5% | 400 V",7.5,5.0,400.0,Film Capacitor,https://www.soundimports.eu/en/jantzen-audio-001-0260.html,3.26
"Audyn Q4/7,5/400","Audyn Q4/7,5/400 | 7,5 µF | 5% | 400 V",7.5,5.0,400.0,Film Capacitor,https://www.soundimports.eu/en/audyn-q4-7-5-400.html,5.99
ClarityCap PUR7u5H250Vdc,"ClarityCap PUR7u5H250Vdc | 7,50 µF | 3% | 250 V",7.5,3.0,250.0,Film Capacitor,https://www.soundimports.eu/en/claritycap-pur7u5h250vdc.html,37.15
ClarityCap MR,"ClarityCap MR | 7,50 µF | 3% | 400 V",7.5,3.0,400.0,Film Capacitor,https://www.soundimports.eu/en/claritycap-mr7u5h400vdc.html,41.28
Electrolytic Non-Polarized Cap,"Electrolytic Non-Polarized Cap | 8,0 µF | 10% | 100V",8.0,10.0,100.0,Film Capacitor,https://www.soundimports.eu/en/027-338.html,2.47
ClarityCap ESA,"ClarityCap ESA | 8,00 µF | 3% | 250 V",8.0,3.0,250.0,Film Capacitor,https://www.soundimports.eu/en/claritycap-esa8uh250vdc.html,11.12
ClarityCap PUR8u0H250Vdc,"ClarityCap PUR8u0H250Vdc | 8,00 µF | 3% | 250 V",8.0,3.0,250.0,Film Capacitor,https://www.soundimports.eu/en/claritycap-pur8u0h250vdc.html,37.98
Intertechnik ELCR/8.2/100,"Intertechnik ELCR/8.2/100 | 8,2 µF | 10% | 100 V",8.2,10.0,100.0,Film Capacitor,https://www.soundimports.eu/en/it-intertechnik-elcr-8-2-100.html,0.82
Jantzen Audio 001-6132,"Jantzen Audio 001-6132 | 8,2 µF | 5% | 100 V",8.2,5.0,100.0,Film Capacitor,https://www.soundimports.eu/en/jantzen-audio-001-6132.html,1.23
Audyn ERA/8.2/100,"Audyn ERA/8.2/100 | 8,2 µF | 10% | 100 V",8.2,10.0,100.0,Film Capacitor,https://www.soundimports.eu/en/audyn-era-8-2-100.html,2.06
Jantzen Audio 001-8090,"Jantzen Audio 001-8090 | 8,20 µF | 5% | 160 V",8.2,5.0,160.0,Film Capacitor,https://www.soundimports.eu/en/jantzen-audio-001-8090.html,2.85
Dayton Audio DMPC-8.2,"Dayton Audio DMPC-8.2 | 8,2 µF | 5% | 250 V",8.2,5.0,250.0,Film Capacitor,https://www.soundimports.eu/en/dayton-audio-dmpc-82.html,2.85
Jantzen Audio 001-0262,"Jantzen Audio 001-0262 | 8,20 µF | 5% | 400 V",8.2,5.0,400.0,Film Capacitor,https://www.soundimports.eu/en/jantzen-audio-001-0262.html,3.68
Audyn Q2/8.2/250,"Audyn Q2/8.2/250 | 8,2 µF | 5% | 250 V",8.2,5.0,250.0,Film Capacitor,https://www.soundimports.eu/en/audyn-q2-8-2-250.html,4.09
Audyn MKTA/8.2/160,"Audyn MKTA/8.2/160 | 8,2 µF | 5% | 160 V",8.2,5.0,160.0,Film Capacitor,https://www.soundimports.eu/en/audyn-mkta-8-2-160.html,4.12
Audyn MKTA/8.2/250,"Audyn MKTA/8.2/250 | 8,2 µF | 5% | 250 V",8.2,5.0,250.0,Film Capacitor,https://www.soundimports.eu/en/audyn-mkta-8-2-250.html,4.34
Intertechnik ELCA/8.2/AX,"Intertechnik ELCA/8.2/AX | 8,2 µF | 10% | 100 V",8.2,10.0,100.0,Film Capacitor,https://www.soundimports.eu/en/it-intertechnik-elca-8-2-ax.html,4.92
Jantzen Audio 001-0443,"Jantzen Audio 001-0443 | 8,20 µF | 5% | 400 V",8.2,5.0,400.0,Film Capacitor,https://www.soundimports.eu/en/jantzen-audio-001-0443.html,6.16
Dayton Audio PMPC-8.2,"Dayton Audio PMPC-8.2 | 8,2 µF | 1% | 250 V",8.2,1.0,250.0,Film Capacitor,https://www.soundimports.eu/en/dayton-audio-pmpc-82.html,6.82
Audyn Q4/8.20/400,"Audyn Q4/8.20/400 | 8,2 µF | 5% | 400 V",8.2,5.0,400.0,Film Capacitor,https://www.soundimports.eu/en/audyn-q4-8-20-400.html,6.82
"Mundorf MCAP250-8,20","Mundorf MCAP250-8,20 | 8,20 µF | 5% | 250 V",8.2,5.0,250.0,Film Capacitor,https://www.soundimports.eu/en/mundorf-mcap250-820.html,7.4
ClarityCap PX,"ClarityCap PX | 8,20 µF | 5% | 250 V",8.2,5.0,250.0,Film Capacitor,https://www.soundimports.eu/en/claritycap-px8u2j250vdc.html,7.4
"Audyn Q6/8,2/600","Audyn Q6/8,2/600 | 8,2 µF | 5% | 600 V",8.2,5.0,600.0,Film Capacitor,https://www.soundimports.eu/en/audyn-q6-8-2-600.html,8.22
Audyn KPQS/8.2/400,"Audyn KPQS/8.2/400 | 8,2 µF | 5% | 400 V",8.2,5.0,400.0,Film Capacitor,https://www.soundimports.eu/en/audyn-kpqs-8-2-400.html,8.64
"Mundorf MCAP400-8,20","Mundorf MCAP400-8,20 | 8,20 µF | 3% | 400 V",8.2,3.0,400.0,Film Capacitor,https://www.soundimports.eu/en/mundorf-mcap400-820.html,9.05
Audyn MKTA/8.20/100,"Audyn MKTA/8.20/100 | 8,2 µF | 5% | 100 V",8.2,5.0,100.0,Film Capacitor,https://www.soundimports.eu/en/audyn-mkta-8-20-100.html,9.3
Audyn KPQS/8.2/630,"Audyn KPQS/8.2/630 | 8,2 µF | 5% | 630 V",8.2,5.0,630.0,Film Capacitor,https://www.soundimports.eu/en/audyn-kpqs-8-2-630.html,10.29
ClarityCap ESA,"ClarityCap ESA | 8,20 µF | 3% | 250 V",8.2,3.0,250.0,Film Capacitor,https://www.soundimports.eu/en/claritycap-esa8u2h250vdc.html,11.53
"Mundorf ME-8,20T3.450","Mundorf ME-8,20T3.450 | 8,20 µF | 3% | 450 V",8.2,3.0,450.0,Film Capacitor,https://www.soundimports.eu/en/mundorf-me-820t3450.html,18.14
"Mundorf MEO-8,20T3.450","Mundorf MEO-8,20T3.450 | 8,20 µF | 3% | 450 V | Oil",8.2,3.0,450.0,Film Capacitor,https://www.soundimports.eu/en/mundorf-meo820t3450.html,19.79
ClarityCap CSA,"ClarityCap CSA | 8,20 µF | 3% | 250 V",8.2,3.0,250.0,Film Capacitor,https://www.soundimports.eu/en/claritycap-csa8u2h250vdc.html,20.62
Audyn PLUS/8.20/08,"Audyn PLUS/8.20/08 | 8,2 µF | 2% | 800 V",8.2,2.0,800.0,Film Capacitor,https://www.soundimports.eu/en/audyn-plus-8-20-08.html,29.96
Jantzen Audio 001-0574,"Jantzen Audio 001-0574 | 8,20 µF | 2% | 800 V",8.2,2.0,800.0,Film Capacitor,https://www.soundimports.eu/en/jantzen-audio-001-0574.html,30.12
ClarityCap PUR8u2H250Vdc,"ClarityCap PUR8u2H250Vdc | 8,20 µF | 3% | 250 V",8.2,3.0,250.0,Film Capacitor,https://www.soundimports.eu/en/claritycap-pur8u2h250vdc.html,38.8
ClarityCap MR,"ClarityCap MR | 8,20 µF | 3% | 400 V",8.2,3.0,400.0,Film Capacitor,https://www.soundimports.eu/en/claritycap-mr8u2h400vdc.html,38.8
"Mundorf SUP8-8,20","Mundorf SUP8-8,20 | 8,20 µF | 2% | 600 V",8.2,2.0,600.0,Film Capacitor,https://www.soundimports.eu/en/mundorf-sup8-820.html,41.28
Jantzen Audio 001-0674,"Jantzen Audio 001-0674 | 8,20 µF | 2% | 800 V",8.2,2.0,800.0,Film Capacitor,https://www.soundimports.eu/en/jantzen-audio-001-0674.html,41.69
ClarityCap CMR,"ClarityCap CMR | 8,20 µF | 3% | 400 V",8.2,3.0,400.0,Film Capacitor,https://www.soundimports.eu/en/claritycap-cmr8u2h400vdc.html,63.6
Jantzen Audio 001-7055,"Jantzen Audio 001-7055 | 8,20 µF | 3% | 100 V",8.2,3.0,100.0,Film Capacitor,https://www.soundimports.eu/en/jantzen-audio-001-7055.html,72.27
"Mundorf MESGO-8,2T3.450","Mundorf MESGO-8,2T3.450 | 8,2 µF | 3% | 450 V",8.2,3.0,450.0,Film Capacitor,https://www.soundimports.eu/en/mundorf-mesgo-82t3450.html,74.34
Audyn REF/8.20/600,"Audyn REF/8.20/600 | 8,2 µF | 2% | 600 V",8.2,2.0,600.0,Film Capacitor,https://www.soundimports.eu/en/audyn-ref-8-20-600.html,103.26
Jantzen Audio 001-7253,"Jantzen Audio 001-7253 | 8,2 µF | 5% | 200 V",8.2,5.0,200.0,Film Capacitor,https://www.soundimports.eu/en/jantzen-audio-001-7253.html,235.91
Jantzen Audio 001-0263,"Jantzen Audio 001-0263 | 9,10 µF | 5% | 400 V",9.1,5.0,400.0,Film Capacitor,https://www.soundimports.eu/en/jantzen-audio-001-0263.html,3.68
ClarityCap ESA,"ClarityCap ESA | 9,10 µF | 3% | 250 V",9.1,3.0,250.0,Film Capacitor,https://www.soundimports.eu/en/claritycap-esa9u1h250vdc.html,12.36
ClarityCap CSA,"ClarityCap CSA | 9,10 µF | 3% | 250 V",9.1,3.0,250.0,Film Capacitor,https://www.soundimports.eu/en/claritycap-csa9u1h250vdc.html,20.62
Jantzen Audio 001-6135,Jantzen Audio 001-6135 | 10 µF | 5% | 100 V,10.0,5.0,100.0,Film Capacitor,https://www.soundimports.eu/en/jantzen-audio-001-6135.html,1.23
Mundorf ECAP100-10,Mundorf ECAP100-10 | 10 µF | 5% | 100 V,10.0,5.0,100.0,Film Capacitor,https://www.soundimports.eu/en/mundorf-ecap100-10.html,1.64
Electrolytic Non-Polarized Cap,Electrolytic Non-Polarized Cap | 10 µF | 10% | 100V,10.0,10.0,100.0,Film Capacitor,https://www.soundimports.eu/en/027-340.html,1.64
Audyn ERA/10/100,Audyn ERA/10/100 | 10 µF | 10% | 100 V,10.0,10.0,100.0,Film Capacitor,https://www.soundimports.eu/en/audyn-era-10-100.html,2.06
Jantzen Audio 001-8100,"Jantzen Audio 001-8100 | 10,00 µF | 5% | 160 V",10.0,5.0,160.0,Film Capacitor,https://www.soundimports.eu/en/jantzen-audio-001-8100.html,3.26
Mundorf MLAL500-10,Mundorf MLAL500-10 | 10 µF | 20% | 500 V,10.0,20.0,500.0,Film Capacitor,https://www.soundimports.eu/en/mundorf-mlal500-10.html,3.3
Dayton Audio DMPC-10,Dayton Audio DMPC-10 | 10 µF | 5% | 250 V,10.0,5.0,250.0,Film Capacitor,https://www.soundimports.eu/en/dayton-audio-dmpc-10.html,4.09
Audyn MKTA/10/160,Audyn MKTA/10/160 | 10 µF | 5% | 160 V,10.0,5.0,160.0,Film Capacitor,https://www.soundimports.eu/en/audyn-mkta-10-160.html,4.67
Audyn Q2/10.0/250,Audyn Q2/10.0/250 | 10 µF | 5% | 250 V,10.0,5.0,250.0,Film Capacitor,https://www.soundimports.eu/en/audyn-q2-10-0-250.html,5.17
Jantzen Audio 001-0264,Jantzen Audio 001-0264 | 10 µF | 5% | 400 V,10.0,5.0,400.0,Film Capacitor,https://www.soundimports.eu/en/jantzen-audio-001-0264.html,5.74
Audyn MKTA/10/250,Audyn MKTA/10/250 | 10 µF | 5% | 250 V,10.0,5.0,250.0,Film Capacitor,https://www.soundimports.eu/en/audyn-mkta-10-250.html,5.74
Intertechnik ELCA/10/AX,Intertechnik ELCA/10/AX | 10 µF | 10% | 100 V,10.0,10.0,100.0,Film Capacitor,https://www.soundimports.eu/en/it-intertechnik-elca-10-ax.html,5.99
Jantzen Audio 001-0446,Jantzen Audio 001-0446 | 10 µF | 5% | 400 V,10.0,5.0,400.0,Film Capacitor,https://www.soundimports.eu/en/jantzen-audio-001-0446.html,6.98
Audyn Q4/10.0/400,Audyn Q4/10.0/400 | 10 µF | 5% | 400 V,10.0,5.0,400.0,Film Capacitor,https://www.soundimports.eu/en/audyn-q4-10-0-400.html,7.4
Mundorf MCAP250-10,Mundorf MCAP250-10 | 10 µF | 5% | 250 V,10.0,5.0,250.0,Film Capacitor,https://www.soundimports.eu/en/mundorf-mcap250-10.html,8.22
ClarityCap PX,ClarityCap PX | 10 µF | 5% | 250 V,10.0,5.0,250.0,Film Capacitor,https://www.soundimports.eu/en/claritycap-px10uj250vdc.html,8.22
Dayton Audio PMPC-10,Dayton Audio PMPC-10 | 10 µF | 1% | 250 V,10.0,1.0,250.0,Film Capacitor,https://www.soundimports.eu/en/dayton-audio-pmpc-10.html,8.64
Audyn Q6/10/600,Audyn Q6/10/600 | 10 µF | 5% | 600 V,10.0,5.0,600.0,Film Capacitor,https://www.soundimports.eu/en/audyn-q6-10-600.html,9.05
Audyn MKTA/10.00/100,Audyn MKTA/10.00/100 | 10 µF | 5% | 100 V,10.0,5.0,100.0,Film Capacitor,https://www.soundimports.eu/en/audyn-mkta-10-00-100.html,9.46
Mundorf MCAP400-10,Mundorf MCAP400-10 | 10 µF | 3% | 400 V,10.0,3.0,400.0,Film Capacitor,https://www.soundimports.eu/en/mundorf-mcap400-10.html,9.88
Mundorf MCAP630-10,Mundorf MCAP630-10 | 10 µF | 3% | 630 V,10.0,3.0,630.0,Film Capacitor,https://www.soundimports.eu/en/mundorf-mcap630-10.html,10.7
Audyn KPQS/10/400,Audyn KPQS/10/400  | 10 µF | 5% | 400 V,10.0,5.0,400.0,Film Capacitor,https://www.soundimports.eu/en/audyn-kpqs-10-400.html,11.12
ClarityCap ESA,ClarityCap ESA | 10 µF | 3% | 250 V,10.0,3.0,250.0,Film Capacitor,https://www.soundimports.eu/en/claritycap-esa10uh250vdc.html,12.77
Audyn KPQS/10/630,Audyn KPQS/10/630 | 10 µF | 5% | 630 V,10.0,5.0,630.0,Film Capacitor,https://www.soundimports.eu/en/audyn-kpqs-10-630.html,16.07
Mundorf ME-10T3.450,Mundorf ME-10T3.450 | 10 µF | 3% | 450 V,10.0,3.0,450.0,Film Capacitor,https://www.soundimports.eu/en/mundorf-me-10t3450.html,19.79
ClarityCap CSA,ClarityCap CSA | 10 µF | 3% | 250 V,10.0,3.0,250.0,Film Capacitor,https://www.soundimports.eu/en/claritycap-csa10uh250vdc.html,20.62
Mundorf MEO-10T3.450,Mundorf MEO-10T3.450 | 10 µF | 3% | 450 V | Oil,10.0,3.0,450.0,Film Capacitor,https://www.soundimports.eu/en/mundorf-meo10t3450.html,21.45
Mundorf TCAP-10T5.1000,Mundorf TCAP-10T5.1000 | 10 µF | 5% | 1000 V,10.0,5.0,1000.0,Film Capacitor,https://www.soundimports.eu/en/mundorf-tcap-10t51000.html,22.27
Jantzen Audio 001-0578,Jantzen Audio 001-0578 | 10 µF | 2% | 800 V,10.0,2.0,800.0,Film Capacitor,https://www.soundimports.eu/en/jantzen-audio-001-0578.html,38.39
Audyn PLUS/10.0/08,Audyn PLUS/10.0/08 | 10 µF | 2% | 800 V,10.0,2.0,800.0,Film Capacitor,https://www.soundimports.eu/en/audyn-plus-10-0-08.html,38.39
ClarityCap PUR10uH250Vdc,ClarityCap PUR10uH250Vdc | 10 µF | 3% | 250 V,10.0,3.0,250.0,Film Capacitor,https://www.soundimports.eu/en/claritycap-pur10uh250vdc.html,44.17
Mundorf SUP8-10,Mundorf SUP8-10 | 10 µF | 2% | 600 V,10.0,2.0,600.0,Film Capacitor,https://www.soundimports.eu/en/mundorf-sup8-10.html,45.41
Jantzen Audio 001-0678,Jantzen Audio 001-0678 | 10 µF | 2% | 800 V,10.0,2.0,800.0,Film Capacitor,https://www.soundimports.eu/en/jantzen-audio-001-0678.html,48.72
ClarityCap MR,ClarityCap MR | 10 µF | 3% | 400 V,10.0,3.0,400.0,Film Capacitor,https://www.soundimports.eu/en/claritycap-mr10uh400vdc.html,50.79
ClarityCap CMR,ClarityCap CMR | 10 µF | 3% | 400 V,10.0,3.0,400.0,Film Capacitor,https://www.soundimports.eu/en/claritycap-cmr10uh400vdc.html,68.55
Mundorf MESGO-10T3.450,Mundorf MESGO-10T3.450 | 10 µF | 3% | 450 V,10.0,3.0,450.0,Film Capacitor,https://www.soundimports.eu/en/mundorf-mesgo-10t3450-162547202.html,82.6
Jantzen Audio 001-7060,Jantzen Audio 001-7060 | 10 µF | 3% | 100 V,10.0,3.0,100.0,Film Capacitor,https://www.soundimports.eu/en/jantzen-audio-001-7060.html,85.91
Audyn REF/10.0/600,Audyn REF/10.0/600 | 10 µF | 5% | 600 V,10.0,5.0,600.0,Film Capacitor,https://www.soundimports.eu/en/audyn-ref-10-0-600.html,123.93
Jantzen Audio 001-6138,Jantzen Audio 001-6138 | 12 µF | 5% | 100 V,12.0,5.0,100.0,Film Capacitor,https://www.soundimports.eu/en/jantzen-audio-001-6138.html,1.23
Electrolytic Non-Polarized Cap,Electrolytic Non-Polarized Cap | 12 µF | 10% | 100V,12.0,10.0,100.0,Film Capacitor,https://www.soundimports.eu/en/027-342.html,1.64
Audyn ERA/12/100,Audyn ERA/12/100 | 12 µF | 10% | 100 V,12.0,10.0,100.0,Film Capacitor,https://www.soundimports.eu/en/audyn-era-12-100.html,2.44
Jantzen Audio 001-8110,"Jantzen Audio 001-8110 | 12,00 µF | 5% | 160 V",12.0,5.0,160.0,Film Capacitor,https://www.soundimports.eu/en/jantzen-audio-001-8110.html,3.68
Dayton Audio DMPC-12,Dayton Audio DMPC-12 | 12 µF | 5% | 250 V,12.0,5.0,250.0,Film Capacitor,https://www.soundimports.eu/en/dayton-audio-dmpc-12.html,4.5
Audyn Q2/12.0/250,Audyn Q2/12.0/250 | 12 µF | 5% | 250 V,12.0,5.0,250.0,Film Capacitor,https://www.soundimports.eu/en/audyn-q2-12-0-250.html,5.74
Jantzen Audio 001-0266,Jantzen Audio 001-0266 | 12 µF | 5% | 400 V,12.0,5.0,400.0,Film Capacitor,https://www.soundimports.eu/en/jantzen-audio-001-0266.html,6.16
Audyn Q4/12.0/400,Audyn Q4/12.0/400 | 12 µF | 5% | 400 V,12.0,5.0,400.0,Film Capacitor,https://www.soundimports.eu/en/audyn-q4-12-0-400.html,7.4
ClarityCap PX,ClarityCap PX | 12 µF | 5% | 250 V,12.0,5.0,250.0,Film Capacitor,https://www.soundimports.eu/en/claritycap-px12uj250vdc.html,8.64
Mundorf MCAP250-12,Mundorf MCAP250-12 | 12 µF | 5% | 250 V,12.0,5.0,250.0,Film Capacitor,https://www.soundimports.eu/en/mundorf-mcap250-12.html,9.05
Jantzen Audio 001-0447,Jantzen Audio 001-0447 | 12 µF | 5% | 400 V,12.0,5.0,400.0,Film Capacitor,https://www.soundimports.eu/en/jantzen-audio-001-0447.html,9.46
Audyn Q6/12/600,Audyn Q6/12/600 | 12 µF | 5% | 600 V,12.0,5.0,600.0,Film Capacitor,https://www.soundimports.eu/en/audyn-q6-12-600.html,10.29
Dayton Audio PMPC-12,Dayton Audio PMPC-12 | 12 µF | 1% | 250 V,12.0,1.0,250.0,Film Capacitor,https://www.soundimports.eu/en/dayton-audio-pmpc-12.html,10.7
Audyn MKTA/12.00/100,Audyn MKTA/12.00/100 | 12 µF | 5% | 100 V,12.0,5.0,100.0,Film Capacitor,https://www.soundimports.eu/en/audyn-mkta-12-00-100.html,10.95
ClarityCap ESA,ClarityCap ESA | 12 µF | 3% | 250 V,12.0,3.0,250.0,Film Capacitor,https://www.soundimports.eu/en/claritycap-esa12uh250vdc.html,13.18
Audyn KPQS/12/400,Audyn KPQS/12/400 | 12 µF | 5% | 400 V,12.0,5.0,400.0,Film Capacitor,https://www.soundimports.eu/en/audyn-kpqs-12-400.html,15.25
ClarityCap CSA,ClarityCap CSA | 12 µF | 3% | 250 V,12.0,3.0,250.0,Film Capacitor,https://www.soundimports.eu/en/claritycap-csa12uh250vdc.html,22.27
Mundorf ME-12T3.450,Mundorf ME-12T3.450 | 12 µF | 3% | 450 V,12.0,3.0,450.0,Film Capacitor,https://www.soundimports.eu/en/mundorf-me-12t3450.html,23.93
Mundorf MEO-12T3.450,Mundorf MEO-12T3.450 | 12 µF | 3% | 450 V | Oil,12.0,3.0,450.0,Film Capacitor,https://www.soundimports.eu/en/mundorf-meo-12t3450.html,24.75
Jantzen Audio 001-0582,Jantzen Audio 001-0582 | 12 µF | 2% | 800 V,12.0,2.0,800.0,Film Capacitor,https://www.soundimports.eu/en/jantzen-audio-001-0582.html,39.21
ClarityCap PUR12uH250Vdc,ClarityCap PUR12uH250Vdc | 12 µF | 3% | 250 V,12.0,3.0,250.0,Film Capacitor,https://www.soundimports.eu/en/claritycap-pur12uh250vdc.html,47.48
Jantzen Audio 001-0682,Jantzen Audio 001-0682 | 12 µF | 2% | 800 V,12.0,2.0,800.0,Film Capacitor,https://www.soundimports.eu/en/jantzen-audio-001-0682.html,51.61
ClarityCap MR,ClarityCap MR | 12 µF | 3% | 400 V,12.0,3.0,400.0,Film Capacitor,https://www.soundimports.eu/en/claritycap-mr12uh400vdc.html,52.02
ClarityCap CMR,ClarityCap CMR | 12 µF | 3% | 400 V,12.0,3.0,400.0,Film Capacitor,https://www.soundimports.eu/en/claritycap-cmr12uh400vdc.html,66.07
Mundorf MESGO-12T3.450,Mundorf MESGO-12T3.450 | 12 µF | 3% | 450 V,12.0,3.0,450.0,Film Capacitor,https://www.soundimports.eu/en/mundorf-mesgo-12t3450.html,90.87
Audyn Q4/13.0/400,Audyn Q4/13.0/400 | 13 µF | 5% | 400 V,13.0,5.0,400.0,Film Capacitor,https://www.soundimports.eu/en/audyn-q4-13-0-400.html,8.47
ClarityCap ESA,ClarityCap ESA | 14 µF | 3% | 250 V,14.0,3.0,250.0,Film Capacitor,https://www.soundimports.eu/en/claritycap-esa14uh250vdc.html,15.25
ClarityCap CSA,ClarityCap CSA | 14 µF | 3% | 250 V,14.0,3.0,250.0,Film Capacitor,https://www.soundimports.eu/en/claritycap-csa14uh250vdc.html,24.75
Jantzen Audio 001-6141,Jantzen Audio 001-6141 | 15 µF | 5% | 100 V,15.0,5.0,100.0,Film Capacitor,https://www.soundimports.eu/en/jantzen-audio-001-6141.html,1.23
Mundorf ECAP100-15,Mundorf ECAP100-15 | 15 µF | 5% | 100 V,15.0,5.0,100.0,Film Capacitor,https://www.soundimports.eu/en/mundorf-ecap100-15.html,1.64
Electrolytic Non-Polarized Cap,Electrolytic Non-Polarized Cap | 15 µF | 10% | 100V,15.0,10.0,100.0,Film Capacitor,https://www.soundimports.eu/en/027-344.html,2.06
Audyn ERA/15/100/1,Audyn ERA/15/100/1 | 15 µF | 10% | 100 V,15.0,10.0,100.0,Film Capacitor,https://www.soundimports.eu/en/audyn-era-15-100-1.html,2.47
Jantzen Audio 001-8120,"Jantzen Audio 001-8120 | 15,00 µF | 5% | 160 V",15.0,5.0,160.0,Film Capacitor,https://www.soundimports.eu/en/jantzen-audio-001-8120.html,4.5
Dayton Audio DMPC-15,Dayton Audio DMPC-15 | 15 µF | 5% | 250 V,15.0,5.0,250.0,Film Capacitor,https://www.soundimports.eu/en/dayton-audio-dmpc-15.html,5.17
Audyn MKTA/15/250,Audyn MKTA/15/250 | 15 µF | 5% | 250 V,15.0,5.0,250.0,Film Capacitor,https://www.soundimports.eu/en/audyn-mkta-15-250.html,6.82
Jantzen Audio 001-0268,Jantzen Audio 001-0268 | 15 µF | 5% | 400 V,15.0,5.0,400.0,Film Capacitor,https://www.soundimports.eu/en/jantzen-audio-001-0268.html,6.98
Audyn Q2/15.0/250,Audyn Q2/15.0/250 | 15 µF | 5% | 250 V,15.0,5.0,250.0,Film Capacitor,https://www.soundimports.eu/en/audyn-q2-15-0-250.html,7.4
Audyn MKTA/15/160,Audyn MKTA/15/160 | 15 µF | 5% | 160 V,15.0,5.0,160.0,Film Capacitor,https://www.soundimports.eu/en/audyn-mkta-15-160.html,7.4
Audyn Q4/15.0/400,Audyn Q4/15.0/400 | 15 µF | 5% | 400 V,15.0,5.0,400.0,Film Capacitor,https://www.soundimports.eu/en/audyn-q4-15-0-400.html,8.22
Jantzen Audio 001-0449,Jantzen Audio 001-0449 | 15 µF | 5% | 400 V,15.0,5.0,400.0,Film Capacitor,https://www.soundimports.eu/en/jantzen-audio-001-0449.html,10.29
ClarityCap PX,ClarityCap PX | 15 µF | 5% | 250 V,15.0,5.0,250.0,Film Capacitor,https://www.soundimports.eu/en/claritycap-px15uj250vdc.html,10.29
Mundorf MCAP250-15,Mundorf MCAP250-15 | 15 µF | 5% | 250 V,15.0,5.0,250.0,Film Capacitor,https://www.soundimports.eu/en/mundorf-mcap250-15.html,10.7
Mundorf MCAP400-15,Mundorf MCAP400-15 | 15 µF | 3% | 400 V,15.0,3.0,400.0,Film Capacitor,https://www.soundimports.eu/en/mundorf-mcap400-15.html,11.53
Audyn MKTA/15.00/100,Audyn MKTA/15.00/100 | 15 µF | 5% | 100 V,15.0,5.0,100.0,Film Capacitor,https://www.soundimports.eu/en/audyn-mkta-15-00-100.html,12.36
Audyn Q6/15/600,Audyn Q6/15/600 | 15 µF | 5% | 600 V,15.0,5.0,600.0,Film Capacitor,https://www.soundimports.eu/en/audyn-q6-15-600.html,12.36
Dayton Audio PMPC-15,Dayton Audio PMPC-15 | 15 µF | 1% | 250 V,15.0,1.0,250.0,Film Capacitor,https://www.soundimports.eu/en/dayton-audio-pmpc-15.html,14.01
Audyn KPQS/15/400,Audyn KPQS/15/400 | 15 µF | 5% | 400 V,15.0,5.0,400.0,Film Capacitor,https://www.soundimports.eu/en/audyn-kpqs-15-400.html,14.83
ClarityCap ESA,ClarityCap ESA | 15 µF | 3% | 250 V,15.0,3.0,250.0,Film Capacitor,https://www.soundimports.eu/en/claritycap-esa15uh250vdc.html,16.49
ClarityCap CSA,ClarityCap CSA | 15 µF | 3% | 250 V,15.0,3.0,250.0,Film Capacitor,https://www.soundimports.eu/en/claritycap-csa15uh250vdc.html,25.17
Mundorf ME-15T3.450,Mundorf ME-15T3.450 | 15 µF | 3% | 450 V,15.0,3.0,450.0,Film Capacitor,https://www.soundimports.eu/en/mundorf-me-15t3450.html,28.06
Mundorf MEO-15T3.450,Mundorf MEO-15T3.450 | 15 µF | 3% | 450 V | Oil,15.0,3.0,450.0,Film Capacitor,https://www.soundimports.eu/en/mundorf-meo15t3450.html,28.88
Jantzen Audio 001-0586,Jantzen Audio 001-0586 | 15 µF | 2% | 800 V,15.0,2.0,800.0,Film Capacitor,https://www.soundimports.eu/en/jantzen-audio-001-0586.html,41.28
Audyn PLUS/15.0/08,Audyn PLUS/15.0/08 | 15 µF | 2% | 800 V,15.0,2.0,800.0,Film Capacitor,https://www.soundimports.eu/en/audyn-plus-15-0-08.html,43.76
Jantzen Audio 001-0686,Jantzen Audio 001-0686 | 15 µF | 2% | 800 V,15.0,2.0,800.0,Film Capacitor,https://www.soundimports.eu/en/jantzen-audio-001-0686.html,53.26
ClarityCap MR,ClarityCap MR | 15 µF | 3% | 400 V,15.0,3.0,400.0,Film Capacitor,https://www.soundimports.eu/en/claritycap-mr15uh400vdc.html,53.68
ClarityCap PUR15uH250Vdc,ClarityCap PUR15uH250Vdc | 15 µF | 3% | 250 V,15.0,3.0,250.0,Film Capacitor,https://www.soundimports.eu/en/claritycap-pur15uh250vdc.html,54.92
Mundorf SUP8-15,Mundorf SUP8-15 | 15 µF | 2% | 600 V,15.0,2.0,600.0,Film Capacitor,https://www.soundimports.eu/en/mundorf-sup8-15.html,66.07
ClarityCap CMR,ClarityCap CMR | 15 µF | 3% | 400 V,15.0,3.0,400.0,Film Capacitor,https://www.soundimports.eu/en/claritycap-cmr15uh400vdc.html,69.38
Mundorf MESGO-15T3.450,Mundorf MESGO-15T3.450 | 15 µF | 3% | 450 V,15.0,3.0,450.0,Film Capacitor,https://www.soundimports.eu/en/mundorf-mesgo-15t3450-162547204.html,99.13
Audyn REF/15.0/600,Audyn REF/15.0/600 | 15 µF | 5% | 600 V,15.0,5.0,600.0,Film Capacitor,https://www.soundimports.eu/en/audyn-ref-15-0-600.html,173.51
Jantzen Audio 001-0269,Jantzen Audio 001-0269 | 16 µF | 5% | 400 V,16.0,5.0,400.0,Film Capacitor,https://www.soundimports.eu/en/jantzen-audio-001-0269.html,6.98
ClarityCap ESA,ClarityCap ESA | 16 µF | 3% | 250 V,16.0,3.0,250.0,Film Capacitor,https://www.soundimports.eu/en/claritycap-esa16uh250vdc.html,17.31
ClarityCap CSA,ClarityCap CSA | 16 µF | 3% | 250 V,16.0,3.0,250.0,Film Capacitor,https://www.soundimports.eu/en/claritycap-csa16uh250vdc.html,26.41
ClarityCap CMR,ClarityCap CMR | 16 µF | 3% | 400 V,16.0,3.0,400.0,Film Capacitor,https://www.soundimports.eu/en/claritycap-cmr16uh400vdc.html,70.21
Electrolytic Non-Polarized Cap,Electrolytic Non-Polarized Cap | 17 µF | 10% | 100V,17.0,10.0,100.0,Film Capacitor,https://www.soundimports.eu/en/027-346.html,3.3
Audyn Q4/17.0/400,Audyn Q4/17.0/400 | 17 µF | 5% | 400 V,17.0,5.0,400.0,Film Capacitor,https://www.soundimports.eu/en/audyn-q4-17-0-400.html,10.95
Jantzen Audio 001-6144,Jantzen Audio 001-6144 | 18 µF | 5% | 100 V,18.0,5.0,100.0,Film Capacitor,https://www.soundimports.eu/en/jantzen-audio-001-6144.html,1.23
Jantzen Audio 001-8130,"Jantzen Audio 001-8130 | 18,00 µF | 5% | 160 V",18.0,5.0,160.0,Film Capacitor,https://www.soundimports.eu/en/jantzen-audio-001-8130.html,5.33
Dayton Audio DMPC-18,Dayton Audio DMPC-18 | 18 µF | 5% | 250 V,18.0,5.0,250.0,Film Capacitor,https://www.soundimports.eu/en/dayton-audio-dmpc-18.html,6.16
Jantzen Audio 001-0270,Jantzen Audio 001-0270 | 18 µF | 5% | 400 V,18.0,5.0,400.0,Film Capacitor,https://www.soundimports.eu/en/jantzen-audio-001-0270.html,7.81
Audyn MKTA/18/250,Audyn MKTA/18/250 | 18 µF | 5% | 250 V,18.0,5.0,250.0,Film Capacitor,https://www.soundimports.eu/en/audyn-mkta-18-250.html,7.81
Audyn Q2/18.0/250,Audyn Q2/18.0/250 | 18 µF | 5% | 250 V,18.0,5.0,250.0,Film Capacitor,https://www.soundimports.eu/en/audyn-q2-18-0-250.html,8.22
Audyn Q4/18.0/400,Audyn Q4/18.0/400 | 18 µF | 5% | 400 V,18.0,5.0,400.0,Film Capacitor,https://www.soundimports.eu/en/audyn-q4-18-0-400.html,10.12
ClarityCap PX,ClarityCap PX | 18 µF | 5% | 250 V,18.0,5.0,250.0,Film Capacitor,https://www.soundimports.eu/en/claritycap-px18uj250vdc.html,11.53
Jantzen Audio 001-0452,Jantzen Audio 001-0452 | 18 µF | 5% | 400 V,18.0,5.0,400.0,Film Capacitor,https://www.soundimports.eu/en/jantzen-audio-001-0452.html,11.94
Mundorf MCAP250-18,Mundorf MCAP250-18 | 18 µF | 5% | 250 V,18.0,5.0,250.0,Film Capacitor,https://www.soundimports.eu/en/mundorf-mcap250-18.html,13.18
Audyn MKTA/18.00/100,Audyn MKTA/18.00/100 | 18 µF | 5% | 100 V,18.0,5.0,100.0,Film Capacitor,https://www.soundimports.eu/en/audyn-mkta-18-00-100.html,14.26
ClarityCap ESA,ClarityCap ESA | 18 µF | 3% | 250 V,18.0,3.0,250.0,Film Capacitor,https://www.soundimports.eu/en/claritycap-esa18uh250vdc.html,18.14
ClarityCap CSA,ClarityCap CSA | 18 µF | 3% | 250 V,18.0,3.0,250.0,Film Capacitor,https://www.soundimports.eu/en/claritycap-csa18uh250vdc.html,27.23
Mundorf ME-18T3.450,Mundorf ME-18T3.450 | 18 µF | 3% | 450 V,18.0,3.0,450.0,Film Capacitor,https://www.soundimports.eu/en/mundorf-me-18t3450.html,32.19
Mundorf MEO-18T3.450,Mundorf MEO-18T3.450 | 18 µF | 3% | 450 V | Oil,18.0,3.0,450.0,Film Capacitor,https://www.soundimports.eu/en/mundorf-meo18t3450.html,33.02
Jantzen Audio 001-0588,Jantzen Audio 001-0588 | 18 µF | 2% | 800 V,18.0,2.0,800.0,Film Capacitor,https://www.soundimports.eu/en/jantzen-audio-001-0588.html,52.44
ClarityCap MR,ClarityCap MR | 18 µF | 3% | 400 V,18.0,3.0,400.0,Film Capacitor,https://www.soundimports.eu/en/claritycap-mr18uh400vdc.html,56.16
ClarityCap PUR18uH250Vdc,ClarityCap PUR18uH250Vdc | 18 µF | 3% | 250 V,18.0,3.0,250.0,Film Capacitor,https://www.soundimports.eu/en/claritycap-pur18uh250vdc.html,59.46
ClarityCap CMR,ClarityCap CMR | 18 µF | 3% | 400 V,18.0,3.0,400.0,Film Capacitor,https://www.soundimports.eu/en/claritycap-cmr18uh400vdc.html,74.34
Mundorf MESGO-18T3.450,Mundorf MESGO-18T3.450 | 18 µF | 3% | 450 V,18.0,3.0,450.0,Film Capacitor,https://www.soundimports.eu/en/mundorf-mesgo-18t3450.html,115.66
Dayton Audio DMPC-20,Dayton Audio DMPC-20 | 20 µF | 5% | 250 V,20.0,5.0,250.0,Film Capacitor,https://www.soundimports.eu/en/dayton-audio-dmpc-20.html,5.99
Jantzen Audio 001-0271,Jantzen Audio 001-0271 | 20 µF | 5% | 400 V,20.0,5.0,400.0,Film Capacitor,https://www.soundimports.eu/en/jantzen-audio-001-0271.html,8.64
Audyn Q2/20.0/250,Audyn Q2/20.0/250 | 20 µF | 5% | 250 V,20.0,5.0,250.0,Film Capacitor,https://www.soundimports.eu/en/audyn-q2-20-0-250.html,9.05
Audyn Q4/20.0/400,Audyn Q4/20.0/400 | 20 µF | 5% | 400 V,20.0,5.0,400.0,Film Capacitor,https://www.soundimports.eu/en/audyn-q4-20-0-400.html,11.78
Dayton Audio PMPC-20,Dayton Audio PMPC-20 | 20 µF | 1% | 250 V,20.0,1.0,250.0,Film Capacitor,https://www.soundimports.eu/en/dayton-audio-pmpc-20.html,14.42
ClarityCap ESA,ClarityCap ESA | 20 µF | 3% | 250 V,20.0,3.0,250.0,Film Capacitor,https://www.soundimports.eu/en/claritycap-esa20uh250vdc.html,19.79
Mundorf TCAP-20T5.750,Mundorf TCAP-20T5.750 | 20 µF | 5% | 750 V,20.0,5.0,750.0,Film Capacitor,https://www.soundimports.eu/en/mundorf-tcap-20t5750.html,26.41
ClarityCap CSA,ClarityCap CSA | 20 µF | 3% | 250 V,20.0,3.0,250.0,Film Capacitor,https://www.soundimports.eu/en/claritycap-csa20uh250vdc.html,26.82
ClarityCap PUR20uH250Vdc,ClarityCap PUR20uH250Vdc | 20 µF | 3% | 250 V,20.0,3.0,250.0,Film Capacitor,https://www.soundimports.eu/en/claritycap-pur20uh250vdc.html,66.07
ClarityCap MR,ClarityCap MR | 20 µF | 3% | 400 V,20.0,3.0,400.0,Film Capacitor,https://www.soundimports.eu/en/claritycap-mr20uh400vdc.html,66.07
ClarityCap CMR,ClarityCap CMR | 20 µF | 3% | 400 V,20.0,3.0,400.0,Film Capacitor,https://www.soundimports.eu/en/claritycap-cmr20uh400vdc.html,82.6
Intertechnik ELCR/22/100,Intertechnik ELCR/22/100 | 22 µF | 10% | 100 V,22.0,10.0,100.0,Film Capacitor,https://www.soundimports.eu/en/it-intertechnik-elcr-22-100.html,1.23
Jantzen Audio 001-6147,Jantzen Audio 001-6147 | 22 µF | 5% | 100 V,22.0,5.0,100.0,Film Capacitor,https://www.soundimports.eu/en/jantzen-audio-001-6147.html,1.64
Mundorf ECAP100-22,Mundorf ECAP100-22 | 22 µF | 5% | 100 V,22.0,5.0,100.0,Film Capacitor,https://www.soundimports.eu/en/mundorf-ecap100-22.html,2.06
Electrolytic Non-Polarized Cap,Electrolytic Non-Polarized Cap | 22 µF | 10% | 100V,22.0,10.0,100.0,Film Capacitor,https://www.soundimports.eu/en/027-348.html,2.06
Audyn ERA/22/100/1,Audyn ERA/22/100/1 | 22 µF | 10% | 100 V,22.0,10.0,100.0,Film Capacitor,https://www.soundimports.eu/en/audyn-era-22-100-1.html,2.85
Mundorf MLAL500-22,Mundorf MLAL500-22 | 22 µF | 20% | 500 V,22.0,20.0,500.0,Film Capacitor,https://www.soundimports.eu/en/mundorf-mlal500-22.html,4.54
Jantzen Audio 001-8140,"Jantzen Audio 001-8140 | 22,00 µF | 5% | 160 V",22.0,5.0,160.0,Film Capacitor,https://www.soundimports.eu/en/jantzen-audio-001-8140.html,6.98
Audyn Q2/22.0/250,Audyn Q2/22.0/250 | 22 µF | 5% | 250 V,22.0,5.0,250.0,Film Capacitor,https://www.soundimports.eu/en/audyn-q2-22-0-250.html,9.05
Jantzen Audio 001-0272,Jantzen Audio 001-0272 | 22 µF | 5% | 400 V,22.0,5.0,400.0,Film Capacitor,https://www.soundimports.eu/en/jantzen-audio-001-0272.html,9.05
Audyn MKTA/22/160,Audyn MKTA/22/160 | 22 µF | 5% | 160 V,22.0,5.0,160.0,Film Capacitor,https://www.soundimports.eu/en/audyn-mkta-22-160.html,10.12
Audyn MKTA/22/250,Audyn MKTA/22/250 | 22 µF | 5% | 250 V,22.0,5.0,250.0,Film Capacitor,https://www.soundimports.eu/en/audyn-mkta-22-250.html,10.95
Mundorf MLGO450-22,Mundorf MLGO450-22 | 22 µF | 20% | 450 V,22.0,20.0,450.0,Film Capacitor,https://www.soundimports.eu/en/mundorf-mlgo450-22.html,11.53
Audyn Q4/22.0/400,Audyn Q4/22.0/400 | 22 µF | 5% | 400 V,22.0,5.0,400.0,Film Capacitor,https://www.soundimports.eu/en/audyn-q4-22-0-400.html,13.43
ClarityCap PX,ClarityCap PX | 22 µF | 5% | 250 V,22.0,5.0,250.0,Film Capacitor,https://www.soundimports.eu/en/claritycap-px22uj250vdc.html,14.01
Jantzen Audio 001-0455,Jantzen Audio 001-0455 | 22 µF | 5% | 400 V,22.0,5.0,400.0,Film Capacitor,https://www.soundimports.eu/en/jantzen-audio-001-0455.html,14.42
Mundorf MCAP250-22,Mundorf MCAP250-22 | 22 µF | 5% | 250 V,22.0,5.0,250.0,Film Capacitor,https://www.soundimports.eu/en/mundorf-mcap250-22.html,14.83
Mundorf MCAP400-22,Mundorf MCAP400-22 | 22 µF | 3% | 400 V,22.0,3.0,400.0,Film Capacitor,https://www.soundimports.eu/en/mundorf-mcap400-22.html,15.66
Audyn Q6/22/600,Audyn Q6/22/600 | 22 µF | 5% | 600 V,22.0,5.0,600.0,Film Capacitor,https://www.soundimports.eu/en/audyn-q6-22-600.html,16.9
Audyn MKTA/22.00/100,Audyn MKTA/22.00/100 | 22 µF | 5% | 100 V,22.0,5.0,100.0,Film Capacitor,https://www.soundimports.eu/en/audyn-mkta-22-00-100.html,16.9
Audyn KPQS/22/400,Audyn KPQS/22/400 | 22 µF | 5% | 400 V,22.0,5.0,400.0,Film Capacitor,https://www.soundimports.eu/en/audyn-kpqs-22-400.html,20.62
ClarityCap ESA,ClarityCap ESA | 22 µF | 3% | 250 V,22.0,3.0,250.0,Film Capacitor,https://www.soundimports.eu/en/claritycap-esa22uh250vdc.html,20.62
ClarityCap CSA,ClarityCap CSA | 22 µF | 3% | 250 V,22.0,3.0,250.0,Film Capacitor,https://www.soundimports.eu/en/claritycap-csa22uh250vdc.html,28.06
Mundorf MEO-22T3.450,Mundorf MEO-22T3.450 | 22 µF | 3% | 450 V | Oil,22.0,3.0,450.0,Film Capacitor,https://www.soundimports.eu/en/mundorf-meo22t3450.html,37.15
Mundorf ME-22T3.450,Mundorf ME-22T3.450 | 22 µF | 3% | 450 V,22.0,3.0,450.0,Film Capacitor,https://www.soundimports.eu/en/mundorf-me-22t3450.html,37.15
Audyn PLUS/22.0/08,Audyn PLUS/22.0/08 | 22 µF | 2% | 800 V,22.0,2.0,800.0,Film Capacitor,https://www.soundimports.eu/en/audyn-plus-22-0-08.html,57.81
ClarityCap PUR22uH250Vdc,ClarityCap PUR22uH250Vdc | 22 µF | 3% | 250 V,22.0,3.0,250.0,Film Capacitor,https://www.soundimports.eu/en/claritycap-pur22uh250vdc.html,63.18
Jantzen Audio 001-0590,Jantzen Audio 001-0590 | 22 µF | 2% | 800 V,22.0,2.0,800.0,Film Capacitor,https://www.soundimports.eu/en/jantzen-audio-001-0590.html,63.6
ClarityCap MR,ClarityCap MR | 22 µF | 3% | 400 V,22.0,3.0,400.0,Film Capacitor,https://www.soundimports.eu/en/claritycap-mr22uh400vdc.html,74.34
Jantzen Audio 001-0690,Jantzen Audio 001-0690 | 22 µF | 2% | 800 V,22.0,2.0,800.0,Film Capacitor,https://www.soundimports.eu/en/jantzen-audio-001-0690.html,79.71
ClarityCap CMR,ClarityCap CMR | 22 µF | 3% | 400 V,22.0,3.0,400.0,Film Capacitor,https://www.soundimports.eu/en/claritycap-cmr22uh400vdc.html,82.6
Mundorf SUP8-22,Mundorf SUP8-22 | 22 µF | 2% | 600 V,22.0,2.0,600.0,Film Capacitor,https://www.soundimports.eu/en/mundorf-sup8-22.html,82.6
Mundorf MESGO-22T3.450,Mundorf MESGO-22T3.450 | 22 µF | 3% | 450 V,22.0,3.0,450.0,Film Capacitor,https://www.soundimports.eu/en/mundorf-mesgo-22t3450-162547206.html,140.45
Dayton Audio DMPC-25,Dayton Audio DMPC-25 | 25 µF | 5% | 250 V,25.0,5.0,250.0,Film Capacitor,https://www.soundimports.eu/en/dayton-audio-dmpc-25.html,6.98
Jantzen Audio 001-0273,Jantzen Audio 001-0273 | 25 µF | 5% | 400 V,25.0,5.0,400.0,Film Capacitor,https://www.soundimports.eu/en/jantzen-audio-001-0273.html,9.46
Audyn Q4/25/400,Audyn Q4/25/400 | 25 µF | 5% | 400 V,25.0,5.0,400.0,Film Capacitor,https://www.soundimports.eu/en/audyn-q4-25-400.html,14.01
Dayton Audio PMPC-25,Dayton Audio PMPC-25 | 25 µF | 1% | 250 V,25.0,1.0,250.0,Film Capacitor,https://www.soundimports.eu/en/dayton-audio-pmpc-25.html,19.79
ClarityCap ESA,ClarityCap ESA | 25 µF | 3% | 250 V,25.0,3.0,250.0,Film Capacitor,https://www.soundimports.eu/en/claritycap-esa25uh250vdc.html,21.03
ClarityCap CSA,ClarityCap CSA | 25 µF | 3% | 250 V,25.0,3.0,250.0,Film Capacitor,https://www.soundimports.eu/en/claritycap-csa25uh250vdc.html,28.88
ClarityCap PUR25uH250Vdc,ClarityCap PUR25uH250Vdc | 25 µF | 3% | 250 V,25.0,3.0,250.0,Film Capacitor,https://www.soundimports.eu/en/claritycap-pur25uh250vdc.html,70.21
ClarityCap MR,ClarityCap MR | 25 µF | 3% | 400 V,25.0,3.0,400.0,Film Capacitor,https://www.soundimports.eu/en/claritycap-mr25uh400vdc.html,79.71
ClarityCap CMR,ClarityCap CMR | 25 µF | 3% | 400 V,25.0,3.0,400.0,Film Capacitor,https://www.soundimports.eu/en/claritycap-cmr25uh400vdc.html,82.6
Audyn REF/25.0/600,Audyn REF/25.0/600 | 25 µF | 5% | 600 V,25.0,5.0,600.0,Film Capacitor,https://www.soundimports.eu/en/audyn-ref-25-0-600.html,227.23
Jantzen Audio 001-6150,Jantzen Audio 001-6150 | 27 µF | 5% | 100 V,27.0,5.0,100.0,Film Capacitor,https://www.soundimports.eu/en/jantzen-audio-001-6150.html,1.64
Audyn ERA/27/100/1,Audyn ERA/27/100/1 | 27 µF | 10% | 100 V,27.0,10.0,100.0,Film Capacitor,https://www.soundimports.eu/en/audyn-era-27-100-1.html,3.26
Dayton Audio DMPC-27,Dayton Audio DMPC-27 | 27 µF | 5% | 250 V,27.0,5.0,250.0,Film Capacitor,https://www.soundimports.eu/en/dayton-audio-dmpc-27.html,7.4
Jantzen Audio 001-0274,Jantzen Audio 001-0274 | 27 µF | 5% | 400 V,27.0,5.0,400.0,Film Capacitor,https://www.soundimports.eu/en/jantzen-audio-001-0274.html,9.46
Audyn Q2/27.0/250,Audyn Q2/27.0/250 | 27 µF | 5% | 250 V,27.0,5.0,250.0,Film Capacitor,https://www.soundimports.eu/en/audyn-q2-27-0-250.html,12.36
Audyn MKTA/27/250,Audyn MKTA/27/250 | 27 µF | 5% | 250 V,27.0,5.0,250.0,Film Capacitor,https://www.soundimports.eu/en/audyn-mkta-27-250.html,14.01
Audyn Q4/27.0/400,Audyn Q4/27.0/400 | 27 µF | 5% | 400 V,27.0,5.0,400.0,Film Capacitor,https://www.soundimports.eu/en/audyn-q4-27-0-400.html,14.01
Audyn MKTA/27.00/100,Audyn MKTA/27.00/100 | 27 µF | 5% | 100 V,27.0,5.0,100.0,Film Capacitor,https://www.soundimports.eu/en/audyn-mkta-27-00-100.html,22.52
ClarityCap ESA,ClarityCap ESA | 27 µF | 3% | 250 V,27.0,3.0,250.0,Film Capacitor,https://www.soundimports.eu/en/claritycap-esa27uh250vdc.html,23.1
ClarityCap CSA,ClarityCap CSA | 27 µF | 3% | 250 V,27.0,3.0,250.0,Film Capacitor,https://www.soundimports.eu/en/claritycap-csa27uh250vdc.html,30.54
Mundorf MEO-27T3.450,Mundorf MEO-27T3.450 | 27 µF | 3% | 450 V | Oil,27.0,3.0,450.0,Film Capacitor,https://www.soundimports.eu/en/mundorf-meo27t3450.html,41.28
ClarityCap PUR27uH250Vdc,ClarityCap PUR27uH250Vdc | 27 µF | 3% | 250 V,27.0,3.0,250.0,Film Capacitor,https://www.soundimports.eu/en/claritycap-pur27uh250vdc.html,73.51
ClarityCap MR,ClarityCap MR | 27 µF | 3% | 400 V,27.0,3.0,400.0,Film Capacitor,https://www.soundimports.eu/en/claritycap-mr27uh400vdc.html,82.6
ClarityCap CMR,ClarityCap CMR | 27 µF | 3% | 400 V,27.0,3.0,400.0,Film Capacitor,https://www.soundimports.eu/en/claritycap-cmr27uh400vdc.html,84.67
Dayton Audio DMPC-30,Dayton Audio DMPC-30 | 30 µF | 5% | 250 V,30.0,5.0,250.0,Film Capacitor,https://www.soundimports.eu/en/dayton-audio-dmpc-30.html,8.22
Jantzen Audio 001-0276,Jantzen Audio 001-0276 | 30 µF | 5% | 400 V,30.0,5.0,400.0,Film Capacitor,https://www.soundimports.eu/en/jantzen-audio-001-0276.html,11.12
Audyn Q4/30/400,Audyn Q4/30/400 | 30 µF | 5% | 400 V,30.0,5.0,400.0,Film Capacitor,https://www.soundimports.eu/en/audyn-q4-30-400.html,14.42
ClarityCap ESA,ClarityCap ESA | 30 µF | 3% | 250 V,30.0,3.0,250.0,Film Capacitor,https://www.soundimports.eu/en/claritycap-esa30uh250vdc.html,23.93
ClarityCap CSA,ClarityCap CSA | 30 µF | 3% | 250 V,30.0,3.0,250.0,Film Capacitor,https://www.soundimports.eu/en/claritycap-csa30uh250vdc.html,26.82
Mundorf TCAP-30T5.600,Mundorf TCAP-30T5.600 | 30 µF| 5% | 600 V,30.0,5.0,600.0,Film Capacitor,https://www.soundimports.eu/en/mundorf-tcap-30t5600.html,35.5
ClarityCap PUR30uH250Vdc,ClarityCap PUR30uH250Vdc | 30 µF | 3% | 250 V,30.0,3.0,250.0,Film Capacitor,https://www.soundimports.eu/en/claritycap-pur30uh250vdc.html,76.41
Audyn REF/30.0/600,Audyn REF/30.0/600 | 30 µF | 5% | 600 V,30.0,5.0,600.0,Film Capacitor,https://www.soundimports.eu/en/audyn-ref-30-0-600.html,309.88
Electrolytic Polarized Cap,Electrolytic Polarized Cap | 32uf + 32uf | 500V,32.0,500.0,400.0,Film Capacitor,https://www.soundimports.eu/en/020-605.html,9.05
Jantzen Audio 001-6153,Jantzen Audio 001-6153 | 33 µF | 5% | 100 V,33.0,5.0,100.0,Film Capacitor,https://www.soundimports.eu/en/jantzen-audio-001-6153.html,2.02
Mundorf ECAP100-33,Mundorf ECAP100-33 | 33 µF | 5% | 100 V,33.0,5.0,100.0,Film Capacitor,https://www.soundimports.eu/en/mundorf-ecap100-33.html,2.06
Electrolytic Non-Polarized Cap,Electrolytic Non-Polarized Cap | 33 µF | 10% | 100V,33.0,10.0,100.0,Film Capacitor,https://www.soundimports.eu/en/027-350.html,2.06
Audyn EGL/33/50/5,Audyn EGL/33/50/5 | 33 µF | 5% | 50 V,33.0,5.0,50.0,Film Capacitor,https://www.soundimports.eu/en/audyn-egl-33-50-5.html,3.26
Audyn EGL/33/70,Audyn EGL/33/70 | 33 µF | 5% | 70 V,33.0,5.0,70.0,Film Capacitor,https://www.soundimports.eu/en/audyn-egl-33-70.html,4.09
Audyn ERA/33/100/1,Audyn ERA/33/100/1 | 33 µF | 10% | 100 V,33.0,10.0,100.0,Film Capacitor,https://www.soundimports.eu/en/audyn-era-33-100-1.html,5.74
Mundorf MLAL500-33,Mundorf MLAL500-33 | 33 µF | 20% | 500 V,33.0,20.0,500.0,Film Capacitor,https://www.soundimports.eu/en/mundorf-mlal500-33.html,7.02
Intertechnik ELCA/33/AX,Intertechnik ELCA/33/AX | 33 µF | 10% | 100 V,33.0,10.0,100.0,Film Capacitor,https://www.soundimports.eu/en/it-intertechnik-elca-33-ax.html,7.4
Jantzen Audio 001-8150,"Jantzen Audio 001-8150 | 33,00 µF | 5% | 160 V",33.0,5.0,160.0,Film Capacitor,https://www.soundimports.eu/en/jantzen-audio-001-8150.html,9.46
Dayton Audio DMPC-33,Dayton Audio DMPC-33 | 33 µF | 5% | 250 V,33.0,5.0,250.0,Film Capacitor,https://www.soundimports.eu/en/dayton-audio-dmpc-33.html,9.88
Jantzen Audio 001-0278,Jantzen Audio 001-0278 | 33 µF | 5% | 400 V,33.0,5.0,400.0,Film Capacitor,https://www.soundimports.eu/en/jantzen-audio-001-0278.html,11.53
Audyn MKTA/33/160,Audyn MKTA/33/160 | 33 µF | 5% | 160 V,33.0,5.0,160.0,Film Capacitor,https://www.soundimports.eu/en/audyn-mkta-33-160.html,12.36
Audyn Q4/33.0/400,Audyn Q4/33.0/400 | 33 µF | 5% | 400 V,33.0,5.0,400.0,Film Capacitor,https://www.soundimports.eu/en/audyn-q4-33-0-400.html,14.83
Audyn Q2/33.0/250,Audyn Q2/33.0/250 | 33 µF | 5% | 250 V,33.0,5.0,250.0,Film Capacitor,https://www.soundimports.eu/en/audyn-q2-33-0-250.html,14.83
Audyn MKTA/33/250,Audyn MKTA/33/250 | 33 µF | 5% | 250 V,33.0,5.0,250.0,Film Capacitor,https://www.soundimports.eu/en/audyn-mkta-33-250.html,15.08
Mundorf MCAP250-33,Mundorf MCAP250-33 | 33 µF | 5% | 250 V,33.0,5.0,250.0,Film Capacitor,https://www.soundimports.eu/en/mundorf-mcap250-33.html,18.14
Jantzen Audio 001-0458,Jantzen Audio 001-0458 | 33 µF | 5% | 400 V,33.0,5.0,400.0,Film Capacitor,https://www.soundimports.eu/en/jantzen-audio-001-0458.html,19.38
Audyn Q6/33/600,Audyn Q6/33/600 | 33 µF | 5% | 600 V,33.0,5.0,600.0,Film Capacitor,https://www.soundimports.eu/en/audyn-q6-33-600.html,20.87
Audyn KPQS/33/400,Audyn KPQS/33/400 | 33 µF | 5% | 400 V,33.0,5.0,400.0,Film Capacitor,https://www.soundimports.eu/en/audyn-kpqs-33-400.html,24.75
ClarityCap ESA,ClarityCap ESA | 33 µF | 3% | 250 V,33.0,3.0,250.0,Film Capacitor,https://www.soundimports.eu/en/claritycap-esa33uh250vdc.html,25.17
Audyn MKTA/33.00/100,Audyn MKTA/33.00/100 | 33 µF | 5% | 100 V,33.0,5.0,100.0,Film Capacitor,https://www.soundimports.eu/en/audyn-mkta-33-00-100.html,25.58
ClarityCap CSA,ClarityCap CSA | 33 µF | 3% | 250 V,33.0,3.0,250.0,Film Capacitor,https://www.soundimports.eu/en/claritycap-csa33uh250vdc.html,33.02
Mundorf MEO-33T3.450,Mundorf MEO-33T3.450 | 33 µF | 3% | 450 V | Oil,33.0,3.0,450.0,Film Capacitor,https://www.soundimports.eu/en/mundorf-meo33t3450.html,49.55
Mundorf ME-33T3.450,Mundorf ME-33T3.450 | 33 µF | 3% | 450 V,33.0,3.0,450.0,Film Capacitor,https://www.soundimports.eu/en/mundorf-me-33t3450.html,49.55
ClarityCap PUR33uH250Vdc,ClarityCap PUR33uH250Vdc | 33 µF | 3% | 250 V,33.0,3.0,250.0,Film Capacitor,https://www.soundimports.eu/en/claritycap-pur33uh250vdc.html,82.6
Mundorf MESGO-33T3.450,Mundorf MESGO-33T3.450 | 33 µF | 3% | 450 V,33.0,3.0,450.0,Film Capacitor,https://www.soundimports.eu/en/mundorf-mesgo-33t3450-162547207.html,165.25
ClarityCap MR,ClarityCap MR | 35 µF | 3% | 400 V,35.0,3.0,400.0,Film Capacitor,https://www.soundimports.eu/en/claritycap-mr35uh400vdc.html,82.6
ClarityCap CMR,ClarityCap CMR | 35 µF | 3% | 400 V,35.0,3.0,400.0,Film Capacitor,https://www.soundimports.eu/en/claritycap-cmr35uh400vdc.html,86.74
Jantzen Audio 001-0279,Jantzen Audio 001-0279 | 36 µF | 5% | 400 V,36.0,5.0,400.0,Film Capacitor,https://www.soundimports.eu/en/jantzen-audio-001-0279.html,13.6
Audyn Q4/36.0/400,Audyn Q4/36.0/400 | 36 µF | 5% | 400 V,36.0,5.0,400.0,Film Capacitor,https://www.soundimports.eu/en/audyn-q4-36-0-400.html,20.62
ClarityCap PUR36uH250Vdc,ClarityCap PUR36uH250Vdc | 36 µF | 3% | 250 V,36.0,3.0,250.0,Film Capacitor,https://www.soundimports.eu/en/claritycap-pur36uh250vdc.html,90.87
Jantzen Audio 001-6156,Jantzen Audio 001-6156 | 39 µF | 5% | 100 V,39.0,5.0,100.0,Film Capacitor,https://www.soundimports.eu/en/jantzen-audio-001-6156.html,2.02
Jantzen Audio 001-0280,Jantzen Audio 001-0280 | 39 µF | 5% | 400 V,39.0,5.0,400.0,Film Capacitor,https://www.soundimports.eu/en/jantzen-audio-001-0280.html,14.83
ClarityCap ESA,ClarityCap ESA | 39 µF | 3% | 250 V,39.0,3.0,250.0,Film Capacitor,https://www.soundimports.eu/en/claritycap-esa39uh250vdc.html,27.64
Audyn MKTA/39.00/100,Audyn MKTA/39.00/100 | 39 µF | 5% | 100 V,39.0,5.0,100.0,Film Capacitor,https://www.soundimports.eu/en/audyn-mkta-39-00-100.html,31.36
ClarityCap CSA,ClarityCap CSA | 39 µF | 3% | 250 V,39.0,3.0,250.0,Film Capacitor,https://www.soundimports.eu/en/claritycap-csa39uh250vdc.html,37.15
Mundorf MEO-39T3.350,Mundorf MEO-39T3.350 | 39 µF | 3% | 350 V | Oil,39.0,3.0,350.0,Film Capacitor,https://www.soundimports.eu/en/mundorf-meo39t3350.html,49.55
ClarityCap PUR39uH250Vdc,ClarityCap PUR39uH250Vdc | 39 µF | 3% | 250 V,39.0,3.0,250.0,Film Capacitor,https://www.soundimports.eu/en/claritycap-pur39uh250vdc.html,95.0
Dayton Audio DMPC-40,Dayton Audio DMPC-40 | 40 µF | 5% | 250 V,40.0,5.0,250.0,Film Capacitor,https://www.soundimports.eu/en/dayton-audio-dmpc-40.html,11.12
Audyn Q4/40/400,Audyn Q4/40/400 | 40 µF | 5% | 400 V,40.0,5.0,400.0,Film Capacitor,https://www.soundimports.eu/en/audyn-q4-40-400.html,19.38
ClarityCap ESA,ClarityCap ESA | 40 µF | 3% | 250 V,40.0,3.0,250.0,Film Capacitor,https://www.soundimports.eu/en/claritycap-esa40uh250vdc.html,28.88
Dayton Audio PMPC-40,Dayton Audio PMPC-40 | 40 µF | 1% | 250 V,40.0,1.0,250.0,Film Capacitor,https://www.soundimports.eu/en/dayton-audio-pmpc-40.html,31.78
ClarityCap CSA,ClarityCap CSA | 40 µF | 3% | 250 V,40.0,3.0,250.0,Film Capacitor,https://www.soundimports.eu/en/claritycap-csa40uh250vdc.html,35.5
ClarityCap CSA,ClarityCap CSA | 44 µF | 3% | 250 V,44.0,3.0,250.0,Film Capacitor,https://www.soundimports.eu/en/claritycap-csa44uh250vdc.html,39.63
Intertechnik ELCR/47/100,Intertechnik ELCR/47/100 | 47 µF | 10% | 100 V,47.0,10.0,100.0,Film Capacitor,https://www.soundimports.eu/en/it-intertechnik-elcr-47-100.html,1.23
Jantzen Audio 001-6159,Jantzen Audio 001-6159 | 47 µF | 5% | 100 V,47.0,5.0,100.0,Film Capacitor,https://www.soundimports.eu/en/jantzen-audio-001-6159.html,2.02
Mundorf ECAP100-47,Mundorf ECAP100-47 | 47 µF | 5% | 100 V,47.0,5.0,100.0,Film Capacitor,https://www.soundimports.eu/en/mundorf-ecap100-47.html,2.88
Electrolytic Non-Polarized Cap,Electrolytic Non-Polarized Cap | 47  µF | 10% | 100V,47.0,10.0,100.0,Film Capacitor,https://www.soundimports.eu/en/027-352.html,3.3
Audyn ERA/47/100/1,Audyn ERA/47/100/1 | 47 µF | 10% | 100 V,47.0,10.0,100.0,Film Capacitor,https://www.soundimports.eu/en/audyn-era-47-100-1.html,4.5
Mundorf MLAL500-47,Mundorf MLAL500-47 | 47 µF | 20% | 500 V,47.0,20.0,500.0,Film Capacitor,https://www.soundimports.eu/en/mundorf-mlal500-47.html,8.22
Intertechnik ELCA/47/AX,Intertechnik ELCA/47/AX | 47 µF | 10% | 100 V,47.0,10.0,100.0,Film Capacitor,https://www.soundimports.eu/en/it-intertechnik-elca-47-ax.html,8.22
Dayton Audio DMPC-47,Dayton Audio DMPC-47 | 47 µF | 5% | 250 V,47.0,5.0,250.0,Film Capacitor,https://www.soundimports.eu/en/dayton-audio-dmpc-47.html,12.93
Mundorf MLGO450-47,Mundorf MLGO450-47 | 47 µF | 20% | 450 V,47.0,20.0,450.0,Film Capacitor,https://www.soundimports.eu/en/mundorf-mlgo450-47.html,13.18
Jantzen Audio 001-8160,"Jantzen Audio 001-8160 | 47,00 µF | 5% | 160 V",47.0,5.0,160.0,Film Capacitor,https://www.soundimports.eu/en/jantzen-audio-001-8160.html,13.18
Mundorf MLAL450-47+47,Mundorf MLAL450-47+47 | 47 + 47 µF | 20% | 450 V,47.0,20.0,450.0,Film Capacitor,https://www.soundimports.eu/en/mundorf-mlal450-4747.html,14.01
Jantzen Audio 001-0282,Jantzen Audio 001-0282 | 47 µF | 5% | 400 V,47.0,5.0,400.0,Film Capacitor,https://www.soundimports.eu/en/jantzen-audio-001-0282.html,16.07
Audyn MKTA/47/160,Audyn MKTA/47/160 | 47 µF | 5% | 160 V,47.0,5.0,160.0,Film Capacitor,https://www.soundimports.eu/en/audyn-mkta-47-160.html,18.14
Audyn Q4/47.0/400,Audyn Q4/47.0/400 | 47 µF | 5% | 400 V,47.0,5.0,400.0,Film Capacitor,https://www.soundimports.eu/en/audyn-q4-47-0-400.html,20.21
Audyn MKTA/47/250,Audyn MKTA/47/250 | 47 µF | 5% | 250 V,47.0,5.0,250.0,Film Capacitor,https://www.soundimports.eu/en/audyn-mkta-47-250.html,20.21
Audyn Q2/47.0/250,Audyn Q2/47.0/250 | 47 µF | 5% | 250 V,47.0,5.0,250.0,Film Capacitor,https://www.soundimports.eu/en/audyn-q2-47-0-250.html,20.87
ClarityCap PX,ClarityCap PX | 47 µF | 5% | 250 V,47.0,5.0,250.0,Film Capacitor,https://www.soundimports.eu/en/claritycap-px47uj250vdc.html,22.27
Mundorf MCAP250-47,Mundorf MCAP250-47 | 47 µF | 5% | 250 V,47.0,5.0,250.0,Film Capacitor,https://www.soundimports.eu/en/mundorf-mcap250-47.html,24.75
Jantzen Audio 001-0461,Jantzen Audio 001-0461 | 47 µF | 5% | 400 V,47.0,5.0,400.0,Film Capacitor,https://www.soundimports.eu/en/jantzen-audio-001-0461.html,26.82
ClarityCap ESA,ClarityCap ESA | 47 µF | 3% | 250 V,47.0,3.0,250.0,Film Capacitor,https://www.soundimports.eu/en/claritycap-esa47uh250vdc.html,30.12
Audyn Q6/47/600,Audyn Q6/47/600 | 47 µF | 5% | 600 V,47.0,5.0,600.0,Film Capacitor,https://www.soundimports.eu/en/audyn-q6-47-600.html,30.12
Audyn KPQS/47/400,Audyn KPQS/47/400  | 47 µF | 5% | 400 V,47.0,5.0,400.0,Film Capacitor,https://www.soundimports.eu/en/audyn-kpqs-47-400.html,37.15
Audyn MKTA/47.00/100,Audyn MKTA/47.00/100 | 47 µF | 5% | 100 V,47.0,5.0,100.0,Film Capacitor,https://www.soundimports.eu/en/audyn-mkta-47-00-100.html,37.56
ClarityCap CSA,ClarityCap CSA | 47 µF | 3% | 250 V,47.0,3.0,250.0,Film Capacitor,https://www.soundimports.eu/en/claritycap-csa47uh250vdc.html,41.28
Mundorf TCAP-47T5.600,Mundorf TCAP-47T5.600 | 47 µF | 5% | 600 V,47.0,5.0,600.0,Film Capacitor,https://www.soundimports.eu/en/mundorf-tcap-47t5600.html,44.59
Mundorf ME-47T3.350,Mundorf ME-47T3.350 | 47 µF | 3% | 350 V,47.0,3.0,350.0,Film Capacitor,https://www.soundimports.eu/en/mundorf-me-47t3350.html,53.68
Mundorf MEO-47T3.350,Mundorf MEO-47T3.350 | 47 µF | 3% | 350 V | Oil,47.0,3.0,350.0,Film Capacitor,https://www.soundimports.eu/en/mundorf-meo47t3350.html,53.68
ClarityCap PUR47uH250Vdc,ClarityCap PUR47uH250Vdc | 47 µF | 3% | 250 V,47.0,3.0,250.0,Film Capacitor,https://www.soundimports.eu/en/claritycap-pur47uh250vdc.html,107.4
Mundorf MESGO-47T3.350,Mundorf MESGO-47T3.350 | 47 µF | 3% | 350 V,47.0,3.0,350.0,Film Capacitor,https://www.soundimports.eu/en/mundorf-mesgo-47t3350.html,190.04
Audyn REF/47.0/600,Audyn REF/47.0/600 | 47 µF | 5% | 600 V,47.0,5.0,600.0,Film Capacitor,https://www.soundimports.eu/en/audyn-ref-47-0-600.html,363.6
Electrolytic Non-Polarized Cap,Electrolytic Non-Polarized Cap | 50 µF | 10% | 100V,50.0,10.0,100.0,Film Capacitor,https://www.soundimports.eu/en/027-354.html,4.12
Electrolytic Polarized Cap,Electrolytic Polarized Cap | 50uf + 50uf | 500V,50.0,500.0,400.0,Film Capacitor,https://www.soundimports.eu/en/020-606.html,13.18
Dayton Audio DMPC-50,Dayton Audio DMPC-50 | 50 µF | 5% | 250 V,50.0,5.0,250.0,Film Capacitor,https://www.soundimports.eu/en/dayton-audio-dmpc-50.html,13.84
Mundorf MLSL500-50+50,Mundorf MLSL500-50+50 | 50 + 50 µF |  20% | 500 V,50.0,20.0,500.0,Film Capacitor,https://www.soundimports.eu/en/mundorf-mlsl500-5050.html,18.14
Audyn Q4/50/400,Audyn Q4/50/400 | 50 µF | 5% | 400 V,50.0,5.0,400.0,Film Capacitor,https://www.soundimports.eu/en/audyn-q4-50-400.html,22.52
ClarityCap ESA,ClarityCap ESA | 50 µF | 3% | 250 V,50.0,3.0,250.0,Film Capacitor,https://www.soundimports.eu/en/claritycap-esa50uh250vdc.html,31.78
ClarityCap CSA,ClarityCap CSA | 50 µF | 3% | 250 V,50.0,3.0,250.0,Film Capacitor,https://www.soundimports.eu/en/claritycap-csa50uh250vdc.html,41.28
Audyn REF/50.0/600,Audyn REF/50.0/600 | 50 µF | 5% | 600 V,50.0,5.0,600.0,Film Capacitor,https://www.soundimports.eu/en/audyn-ref-50-0-600.html,371.86
Jantzen Audio 001-0283,Jantzen Audio 001-0283 | 51 µF | 5% | 400 V,51.0,5.0,400.0,Film Capacitor,https://www.soundimports.eu/en/jantzen-audio-001-0283.html,16.49
Audyn Q4/52/400,Audyn Q4/52/400 | 52 µF | 5% | 400 V,52.0,5.0,400.0,Film Capacitor,https://www.soundimports.eu/en/audyn-q4-52-400.html,21.86
Jantzen Audio 001-6162,Jantzen Audio 001-6162 | 56 µF | 5% | 100 V,56.0,5.0,100.0,Film Capacitor,https://www.soundimports.eu/en/jantzen-audio-001-6162.html,2.44
Mundorf ECAP100-56,Mundorf ECAP100-56 | 56 µF | 5% | 100 V,56.0,5.0,100.0,Film Capacitor,https://www.soundimports.eu/en/mundorf-ecap100-56.html,2.88
Jantzen Audio 001-8170,"Jantzen Audio 001-8170 | 56,00 µF | 5% | 160 V",56.0,5.0,160.0,Film Capacitor,https://www.soundimports.eu/en/jantzen-audio-001-8170.html,15.66
Jantzen Audio 001-0284,Jantzen Audio 001-0284 | 56 µF | 5% | 400 V,56.0,5.0,400.0,Film Capacitor,https://www.soundimports.eu/en/jantzen-audio-001-0284.html,18.14
Jantzen Audio 001-0464,Jantzen Audio 001-0464 | 56 µF | 5% | 400 V,56.0,5.0,400.0,Film Capacitor,https://www.soundimports.eu/en/jantzen-audio-001-0464.html,31.78
Audyn Q6/56/600,Audyn Q6/56/600 | 56 µF | 5% | 600 V,56.0,5.0,600.0,Film Capacitor,https://www.soundimports.eu/en/audyn-q6-56-600.html,34.67
Audyn KPQS/56/400,Audyn KPQS/56/400 | 56 µF | 5% | 400 V,56.0,5.0,400.0,Film Capacitor,https://www.soundimports.eu/en/audyn-kpqs-56-400.html,47.07
Mundorf MEO-56T3.350,Mundorf MEO-56T3.350 | 56 µF | 3% | 350 V | Oil,56.0,3.0,350.0,Film Capacitor,https://www.soundimports.eu/en/mundorf-meo56t3350.html,57.81
Mundorf ME-56T3.350,Mundorf ME-56T3.350 | 56 µF | 3% | 350 V,56.0,3.0,350.0,Film Capacitor,https://www.soundimports.eu/en/mundorf-me-56t3350.html,57.81
Mundorf MESGO-56T3.350,Mundorf MESGO-56T3.350 | 56 µF | 3% | 350 V,56.0,3.0,350.0,Film Capacitor,https://www.soundimports.eu/en/mundorf-mesgo-56t3350.html,214.83
Dayton Audio DMPC-60,Dayton Audio DMPC-60 | 60 µF | 5% | 250 V,60.0,5.0,250.0,Film Capacitor,https://www.soundimports.eu/en/dayton-audio-dmpc-60.html,20.21
Audyn Q4/60/400,Audyn Q4/60/400 | 60 µF | 5% | 400 V,60.0,5.0,400.0,Film Capacitor,https://www.soundimports.eu/en/audyn-q4-60-400.html,24.75
ClarityCap ESA,ClarityCap ESA | 60 µF | 3% | 250 V,60.0,3.0,250.0,Film Capacitor,https://www.soundimports.eu/en/claritycap-esa60uh250vdc.html,36.32
ClarityCap CSA,ClarityCap CSA | 60 µF | 3% | 250 V,60.0,3.0,250.0,Film Capacitor,https://www.soundimports.eu/en/claritycap-csa60uh250vdc.html,44.59
Intertechnik ELCR/68/100,Intertechnik ELCR/68/100 | 68 µF | 10% | 100 V,68.0,10.0,100.0,Film Capacitor,https://www.soundimports.eu/en/it-intertechnik-elcr-68-100.html,2.02
Jantzen Audio 001-6165,Jantzen Audio 001-6165 | 68 µF | 5% | 100 V,68.0,5.0,100.0,Film Capacitor,https://www.soundimports.eu/en/jantzen-audio-001-6165.html,2.44
Electrolytic Non-Polarized Cap,Electrolytic Non-Polarized Cap | 68 µF | 10% | 100V,68.0,10.0,100.0,Film Capacitor,https://www.soundimports.eu/en/027-356.html,3.3
Mundorf ECAP100-68,Mundorf ECAP100-68 | 68 µF | 5% | 100 V,68.0,5.0,100.0,Film Capacitor,https://www.soundimports.eu/en/mundorf-ecap100-68.html,3.51
Audyn ERA/68/100/1,Audyn ERA/68/100/1 | 68 µF | 10% | 100 V,68.0,10.0,100.0,Film Capacitor,https://www.soundimports.eu/en/audyn-era-68-100-1.html,4.92
Intertechnik ELCA/68/AX,Intertechnik ELCA/68/AX | 68 µF | 10% | 100 V,68.0,10.0,100.0,Film Capacitor,https://www.soundimports.eu/en/it-intertechnik-elca-68-ax.html,8.47
Jantzen Audio 001-8180,"Jantzen Audio 001-8180 | 68,00 µF | 5% | 160 V",68.0,5.0,160.0,Film Capacitor,https://www.soundimports.eu/en/jantzen-audio-001-8180.html,19.38
Jantzen Audio 001-0286,Jantzen Audio 001-0286 | 68 µF | 5% | 400 V,68.0,5.0,400.0,Film Capacitor,https://www.soundimports.eu/en/jantzen-audio-001-0286.html,19.79
Audyn MKTA/68/250,Audyn MKTA/68/250 | 68 µF | 5% | 250 V,68.0,5.0,250.0,Film Capacitor,https://www.soundimports.eu/en/audyn-mkta-68-250.html,23.1
Audyn MKTA/68/160,Audyn MKTA/68/160 | 68 µF | 5% | 160 V,68.0,5.0,160.0,Film Capacitor,https://www.soundimports.eu/en/audyn-mkta-68-160.html,25.58
Audyn Q4/68.0/400,Audyn Q4/68.0/400 | 68 µF | 5% | 400 V,68.0,5.0,400.0,Film Capacitor,https://www.soundimports.eu/en/audyn-q4-68-0-400.html,26.41
ClarityCap PX,ClarityCap PX | 68 µF | 5% | 250 V,68.0,5.0,250.0,Film Capacitor,https://www.soundimports.eu/en/claritycap-px68uj250vdc.html,27.64
Mundorf MCAP250-68,Mundorf MCAP250-68 | 68 µF | 5% | 250 V,68.0,5.0,250.0,Film Capacitor,https://www.soundimports.eu/en/mundorf-mcap250-68.html,30.54
Audyn Q2/68.0/250,Audyn Q2/68.0/250 | 68 µF | 5% | 250 V,68.0,5.0,250.0,Film Capacitor,https://www.soundimports.eu/en/audyn-q2-68-0-250.html,33.02
Audyn Q6/68/600,Audyn Q6/68/600 | 68 µF | 5% | 600 V,68.0,5.0,600.0,Film Capacitor,https://www.soundimports.eu/en/audyn-q6-68-600.html,37.56
Jantzen Audio 001-0467,Jantzen Audio 001-0467 | 68 µF | 5% | 400 V,68.0,5.0,400.0,Film Capacitor,https://www.soundimports.eu/en/jantzen-audio-001-0467.html,37.98
ClarityCap ESA,ClarityCap ESA | 68 µF | 3% | 250 V,68.0,3.0,250.0,Film Capacitor,https://www.soundimports.eu/en/claritycap-esa68uh250vdc.html,38.8
ClarityCap CSA,ClarityCap CSA | 68 µF | 3% | 250 V,68.0,3.0,250.0,Film Capacitor,https://www.soundimports.eu/en/claritycap-csa68uh250vdc.html,47.48
Audyn KPQS/68/400,Audyn KPQS/68/400 | 68 µF | 5% | 400 V,68.0,5.0,400.0,Film Capacitor,https://www.soundimports.eu/en/audyn-kpqs-68-400.html,49.55
Audyn MKTA/68.00/100,Audyn MKTA/68.00/100 | 68 µF | 5% | 100 V,68.0,5.0,100.0,Film Capacitor,https://www.soundimports.eu/en/audyn-mkta-68-00-100.html,49.79
Mundorf MEO-68T3.350,Mundorf MEO-68T3.350 | 68 µF | 3% | 350 V | Oil,68.0,3.0,350.0,Film Capacitor,https://www.soundimports.eu/en/mundorf-meo68t3350.html,66.07
Mundorf ME-68T3.350,Mundorf ME-68T3.350 | 68 µF | 3% | 350 V,68.0,3.0,350.0,Film Capacitor,https://www.soundimports.eu/en/mundorf-me-68t3350.html,66.07
Mundorf MESGO-68T3.350,Mundorf MESGO-68T3.350 | 68 µF | 3% | 350 V,68.0,3.0,350.0,Film Capacitor,https://www.soundimports.eu/en/mundorf-mesgo-68t3350.html,239.63
Audyn Q4/75/400,Audyn Q4/75/400 | 75 µF | 5% | 400 V,75.0,5.0,400.0,Film Capacitor,https://www.soundimports.eu/en/audyn-q4-75-400.html,29.71
Electrolytic Non-Polarized Cap,Electrolytic Non-Polarized Cap | 80 µF | 10% | 100V,80.0,10.0,100.0,Film Capacitor,https://www.soundimports.eu/en/027-358.html,3.3
Jantzen Audio 001-6168,Jantzen Audio 001-6168 | 82 µF | 5% | 100 V,82.0,5.0,100.0,Film Capacitor,https://www.soundimports.eu/en/jantzen-audio-001-6168.html,2.85
Mundorf ECAP100-82,Mundorf ECAP100-82 | 82 µF | 5% | 100 V,82.0,5.0,100.0,Film Capacitor,https://www.soundimports.eu/en/mundorf-ecap100-82.html,4.09
Audyn EGL/82/35/5,Audyn EGL/82/35/5 | 82 µF | 5% | 35 V,82.0,5.0,35.0,Film Capacitor,https://www.soundimports.eu/en/audyn-egl-82-35-5.html,4.09
Audyn ERA/82/100/1,Audyn ERA/82/100/1 | 82 µF | 10% | 100 V,82.0,10.0,100.0,Film Capacitor,https://www.soundimports.eu/en/audyn-era-82-100-1.html,5.33
Intertechnik ELCA/82/AX,Intertechnik ELCA/82/AX | 82 µF | 10% | 100 V,82.0,10.0,100.0,Film Capacitor,https://www.soundimports.eu/en/it-intertechnik-elca-82-ax.html,9.05
Jantzen Audio 001-8190,"Jantzen Audio 001-8190 | 82,00 µF | 5% | 160 V",82.0,5.0,160.0,Film Capacitor,https://www.soundimports.eu/en/jantzen-audio-001-8190.html,21.86
Jantzen Audio 001-0288,Jantzen Audio 001-0288 | 82 µF | 5% | 400 V,82.0,5.0,400.0,Film Capacitor,https://www.soundimports.eu/en/jantzen-audio-001-0288.html,23.1
Audyn MKTA/82/250,Audyn MKTA/82/250 | 82 µF | 5% | 250 V,82.0,5.0,250.0,Film Capacitor,https://www.soundimports.eu/en/audyn-mkta-82-250.html,28.88
Audyn Q4/82.0/400,Audyn Q4/82.0/400 | 82 µF | 5% | 400 V,82.0,5.0,400.0,Film Capacitor,https://www.soundimports.eu/en/audyn-q4-82-0-400.html,30.79
ClarityCap PX,ClarityCap PX | 82 µF | 5% | 250 V,82.0,5.0,250.0,Film Capacitor,https://www.soundimports.eu/en/claritycap-px82uj250vdc.html,33.02
Audyn MKTA/82/160,Audyn MKTA/82/160 | 82 µF | 5% | 160 V,82.0,5.0,160.0,Film Capacitor,https://www.soundimports.eu/en/audyn-mkta-82-160.html,33.26
Mundorf MCAP250-82,Mundorf MCAP250-82 | 82 µF | 5% | 250 V,82.0,5.0,250.0,Film Capacitor,https://www.soundimports.eu/en/mundorf-mcap250-82.html,37.15
Audyn Q2/82.0/250,Audyn Q2/82.0/250 | 82 µF | 5% | 250 V,82.0,5.0,250.0,Film Capacitor,https://www.soundimports.eu/en/audyn-q2-82-0-250.html,39.21
Jantzen Audio 001-0470,Jantzen Audio 001-0470 | 82 µF | 5% | 400 V,82.0,5.0,400.0,Film Capacitor,https://www.soundimports.eu/en/jantzen-audio-001-0470.html,43.35
Audyn Q6/82/600,Audyn Q6/82/600 | 82 µF | 5% | 600 V,82.0,5.0,600.0,Film Capacitor,https://www.soundimports.eu/en/audyn-q6-82-600.html,44.83
ClarityCap ESA,ClarityCap ESA | 82 µF | 3% | 250 V,82.0,3.0,250.0,Film Capacitor,https://www.soundimports.eu/en/claritycap-esa82uh250vdc.html,45.41
ClarityCap CSA,ClarityCap CSA | 82 µF | 3% | 250 V,82.0,3.0,250.0,Film Capacitor,https://www.soundimports.eu/en/claritycap-csa82uh250vdc.html,50.79
Audyn KPQS/82/400,Audyn KPQS/82/400  | 82 µF | 5% | 400 V,82.0,5.0,400.0,Film Capacitor,https://www.soundimports.eu/en/audyn-kpqs-82-400.html,57.81
Audyn MKTA/82.00/100,Audyn MKTA/82.00/100 | 82 µF | 5% | 100 V,82.0,5.0,100.0,Film Capacitor,https://www.soundimports.eu/en/audyn-mkta-82-00-100.html,58.88
Mundorf ME-82T3.350,Mundorf ME-82T3.350 | 82 µF | 3% | 350 V,82.0,3.0,350.0,Film Capacitor,https://www.soundimports.eu/en/mundorf-me-82t3350.html,82.6
Mundorf MESGO-82T3.350,Mundorf MESGO-82T3.350 | 82 µF | 3% | 350 V,82.0,3.0,350.0,Film Capacitor,https://www.soundimports.eu/en/mundorf-mesgo-82t3350.html,264.42
Dayton Audio DMPC-90,Dayton Audio DMPC-90 | 90 µF | 5% | 250 V,90.0,5.0,250.0,Film Capacitor,https://www.soundimports.eu/en/dayton-audio-dmpc-90.html,28.06
Audyn Q4/90/400,Audyn Q4/90/400 | 90 µF | 5% | 400 V,90.0,5.0,400.0,Film Capacitor,https://www.soundimports.eu/en/audyn-q4-90-400.html,40.04
Jantzen Audio 001-6171,Jantzen Audio 001-6171 | 100 µF | 5% | 100 V,100.0,5.0,100.0,Film Capacitor,https://www.soundimports.eu/en/jantzen-audio-001-6171.html,3.26
Mundorf ECAP100-100,Mundorf ECAP100-100 | 100 µF | 5% | 100 V,100.0,5.0,100.0,Film Capacitor,https://www.soundimports.eu/en/mundorf-ecap100-100.html,4.09
Electrolytic Non-Polarized Cap,Electrolytic Non-Polarized Cap | 100 µF | 10% | 100V,100.0,10.0,100.0,Film Capacitor,https://www.soundimports.eu/en/027-360.html,4.12
Audyn ERA/100/100,Audyn ERA/100/100 | 100 µF | 10% | 100 V,100.0,10.0,100.0,Film Capacitor,https://www.soundimports.eu/en/audyn-era-100-100.html,6.98
Mundorf MLAL500-100,Mundorf MLAL500-100 | 100 µF | 20% | 500 V,100.0,20.0,500.0,Film Capacitor,https://www.soundimports.eu/en/mundorf-mlal500-100.html,9.05
Intertechnik ELCA/100/AX,Intertechnik ELCA/100/AX | 100 µF | 10% | 100 V,100.0,10.0,100.0,Film Capacitor,https://www.soundimports.eu/en/it-intertechnik-elca-100-ax.html,9.3
Mundorf MLGO450-100,Mundorf MLGO450-100 | 100 µF | 20% | 450 V,100.0,20.0,450.0,Film Capacitor,https://www.soundimports.eu/en/mundorf-mlgo450-100.html,14.83
Electrolytic Polarized Cap,Electrolytic Polarized Cap | 100uf + 100uf | 500V,100.0,500.0,400.0,Film Capacitor,https://www.soundimports.eu/en/020-608.html,16.49
Mundorf MLAL450-100+100,Mundorf MLAL450-100+100 | 100 + 100 µF | 20% | 450 V,100.0,20.0,450.0,Film Capacitor,https://www.soundimports.eu/en/mundorf-mlal450-100100.html,16.49
Mundorf MLSL500-100+100,Mundorf MLSL500-100+100 | 100 + 100 µF |  20% | 500 V,100.0,20.0,500.0,Film Capacitor,https://www.soundimports.eu/en/mundorf-mlsl500-100100.html,20.62
Jantzen Audio 001-8200,"Jantzen Audio 001-8200 | 100,00 µF | 5% | 160 V",100.0,5.0,160.0,Film Capacitor,https://www.soundimports.eu/en/jantzen-audio-001-8200.html,25.99
Jantzen Audio 001-0290,Jantzen Audio 001-0290 | 100 µF | 5% | 400 V,100.0,5.0,400.0,Film Capacitor,https://www.soundimports.eu/en/jantzen-audio-001-0290.html,27.64
Dayton Audio DMPC-100,Dayton Audio DMPC-100 | 100 µF | 5% | 250 V,100.0,5.0,250.0,Film Capacitor,https://www.soundimports.eu/en/dayton-audio-dmpc-100.html,35.5
ClarityCap PX,ClarityCap PX | 100 µF | 5% | 250 V,100.0,5.0,250.0,Film Capacitor,https://www.soundimports.eu/en/claritycap-px100uj250vdc.html,35.5
Audyn MKTA/100/160,Audyn MKTA/100/160 | 100 µF | 5% | 160 V,100.0,5.0,160.0,Film Capacitor,https://www.soundimports.eu/en/audyn-mkta-100-160.html,37.98
Audyn Q4/100.0/400,Audyn Q4/100.0/400 | 100 µF | 5% | 400 V,100.0,5.0,400.0,Film Capacitor,https://www.soundimports.eu/en/audyn-q4-100-0-400.html,39.88
Mundorf MCAP250-100,Mundorf MCAP250-100 | 100 µF | 5% | 250 V,100.0,5.0,250.0,Film Capacitor,https://www.soundimports.eu/en/mundorf-mcap250-100.html,47.89
ClarityCap ESA,ClarityCap ESA | 100 µF | 3% | 250 V,100.0,3.0,250.0,Film Capacitor,https://www.soundimports.eu/en/claritycap-esa100uh250vdc.html,48.31
Jantzen Audio 001-0473,Jantzen Audio 001-0473 | 100 µF | 5% | 400 V,100.0,5.0,400.0,Film Capacitor,https://www.soundimports.eu/en/jantzen-audio-001-0473.html,52.44
Audyn Q6/100/600,Audyn Q6/100/600 | 100 µF | 5% | 600 V,100.0,5.0,600.0,Film Capacitor,https://www.soundimports.eu/en/audyn-q6-100-600.html,58.88
ClarityCap CSA,ClarityCap CSA | 100 µF | 3% | 250 V,100.0,3.0,250.0,Film Capacitor,https://www.soundimports.eu/en/claritycap-csa100uh250vdc.html,60.29
Audyn MKTA/100.00/100,Audyn MKTA/100.00/100 | 100 µF | 5% | 100 V,100.0,5.0,100.0,Film Capacitor,https://www.soundimports.eu/en/audyn-mkta-100-00-100.html,64.67
Audyn KPQS/100/400,Audyn KPQS/100/400  | 100 µF | 5% | 400 V,100.0,5.0,400.0,Film Capacitor,https://www.soundimports.eu/en/audyn-kpqs-100-400.html,74.34
Mundorf MEO-100T3.350,Mundorf MEO-100T3.350 | 100 µF | 3% | 350 V | Oil,100.0,3.0,350.0,Film Capacitor,https://www.soundimports.eu/en/mundorf-meo100t3350.html,99.13
Mundorf ME-100T3.350,Mundorf ME-100T3.350 | 100 µF | 3% | 350 V,100.0,3.0,350.0,Film Capacitor,https://www.soundimports.eu/en/mundorf-me-100t3350.html,99.13
Mundorf TCAP-100T5.550,Mundorf TCAP-100T5.550 | 100 µF | 5% | 550 V,100.0,5.0,550.0,Film Capacitor,https://www.soundimports.eu/en/mundorf-tcap-100t5550.html,107.4
Mundorf MESGO-100T3.350,Mundorf MESGO-100T3.350 | 100 µF | 3% | 350 V,100.0,3.0,350.0,Film Capacitor,https://www.soundimports.eu/en/mundorf-mesgo-100t3350.html,289.21
Jantzen Audio 001-6174,Jantzen Audio 001-6174 | 120 µF | 5% | 100 V,120.0,5.0,100.0,Film Capacitor,https://www.soundimports.eu/en/jantzen-audio-001-6174.html,4.09
Jantzen Audio 001-0292,Jantzen Audio 001-0292 | 120 µF | 5% | 400 V,120.0,5.0,400.0,Film Capacitor,https://www.soundimports.eu/en/jantzen-audio-001-0292.html,36.74
ClarityCap ESA,ClarityCap ESA | 120 µF | 3% | 250 V,120.0,3.0,250.0,Film Capacitor,https://www.soundimports.eu/en/claritycap-esa120uh250vdc.html,47.07
ClarityCap CSA,ClarityCap CSA | 120 µF | 3% | 250 V,120.0,3.0,250.0,Film Capacitor,https://www.soundimports.eu/en/claritycap-csa120uh250vdc.html,68.55
Electrolytic Non-Polarized Cap,Electrolytic Non-Polarized Cap | 125 µF | 10% | 100V,125.0,10.0,100.0,Film Capacitor,https://www.soundimports.eu/en/027-362.html,4.92
Mundorf ECAP63-150,Mundorf ECAP63-150 | 150 µF | 5% | 63 V,150.0,5.0,63.0,Film Capacitor,https://www.soundimports.eu/en/mundorf-ecap63-150.html,2.88
Jantzen Audio 001-6177,Jantzen Audio 001-6177 | 150 µF | 5% | 100 V,150.0,5.0,100.0,Film Capacitor,https://www.soundimports.eu/en/jantzen-audio-001-6177.html,4.09
Electrolytic Non-Polarized Cap,Electrolytic Non-Polarized Cap | 150 µF | 10% | 100V,150.0,10.0,100.0,Film Capacitor,https://www.soundimports.eu/en/027-364.html,5.33
Audyn ERA/150/63/1,Audyn ERA/150/63/1 | 150 µF | 10% | 63 V,150.0,10.0,63.0,Film Capacitor,https://www.soundimports.eu/en/audyn-era-150-63-1.html,6.16
Audyn ERA/150/100,Audyn ERA/150/100 | 150 µF | 10% | 100 V,150.0,10.0,100.0,Film Capacitor,https://www.soundimports.eu/en/audyn-era-150-100.html,8.22
Mundorf MLGO450-150,Mundorf MLGO450-150 | 150 µF | 20% | 450 V,150.0,20.0,450.0,Film Capacitor,https://www.soundimports.eu/en/mundorf-mlgo450-150.html,16.49
Jantzen Audio 001-0294,Jantzen Audio 001-0294 | 150 µF | 5% | 400 V,150.0,5.0,400.0,Film Capacitor,https://www.soundimports.eu/en/jantzen-audio-001-0294.html,41.69
Mundorf ME-150T3.250,Mundorf ME-150T3.250 | 150 µF | 3% | 250 V,150.0,3.0,250.0,Film Capacitor,https://www.soundimports.eu/en/mundorf-me-150t3250.html,82.6
Mundorf MESGO-150T3.250,Mundorf MESGO-150T3.250 | 150 µF | 3% | 250 V,150.0,3.0,250.0,Film Capacitor,https://www.soundimports.eu/en/mundorf-mesgo-150t3250.html,330.54
ClarityCap ESA,ClarityCap ESA | 155 µF | 3% | 250 V,155.0,3.0,250.0,Film Capacitor,https://www.soundimports.eu/en/claritycap-esa155uh250vdc.html,53.68
ClarityCap ESA,ClarityCap ESA | 165 µF | 3% | 250 V,165.0,3.0,250.0,Film Capacitor,https://www.soundimports.eu/en/claritycap-esa165uh250vdc.html,70.21
ClarityCap CSA,ClarityCap CSA | 165 µF | 3% | 250 V,165.0,3.0,250.0,Film Capacitor,https://www.soundimports.eu/en/claritycap-csa165uh250vdc.html,85.08
Mundorf ECAP63-180,Mundorf ECAP63-180 | 180 µF | 5% | 63 V,180.0,5.0,63.0,Film Capacitor,https://www.soundimports.eu/en/mundorf-ecap63-180.html,3.51
ClarityCap ESA,ClarityCap ESA | 180 µF | 3% | 250 V,180.0,3.0,250.0,Film Capacitor,https://www.soundimports.eu/en/claritycap-esa180uh250vdc.html,73.51
Audyn Q4/180/400,Audyn Q4/180/400 | 180 µF | 5% | 400 V,180.0,5.0,400.0,Film Capacitor,https://www.soundimports.eu/en/audyn-q4-180-400.html,81.2
ClarityCap CSA,ClarityCap CSA | 180 µF | 3% | 250 V,180.0,3.0,250.0,Film Capacitor,https://www.soundimports.eu/en/claritycap-csa180uh260vdc.html,90.87
Mundorf ME-180T3.250,Mundorf ME-180T3.250 | 180 µF | 3% | 250 V,180.0,3.0,250.0,Film Capacitor,https://www.soundimports.eu/en/mundorf-me-180t3250.html,95.0
Mundorf MESGO-180T3.250,Mundorf MESGO-180T3.250 | 180 µF | 3% | 250 V,180.0,3.0,250.0,Film Capacitor,https://www.soundimports.eu/en/mundorf-mesgo-180t3250.html,413.18
Electrolytic Non-Polarized Cap,Electrolytic Non-Polarized Cap | 200 µF | 10% | 100V,200.0,10.0,100.0,Film Capacitor,https://www.soundimports.eu/en/027-366.html,7.4
Mundorf MLSL500-200+200,Mundorf MLSL500-200+200 | 200 + 200 µF |  20% | 500 V,200.0,20.0,500.0,Film Capacitor,https://www.soundimports.eu/en/mundorf-mlsl500-200200.html,28.88
"Audyn Q4/200,0/400","Audyn Q4/200,0/400 | 200 µF | 5% | 400 V",200.0,5.0,400.0,Film Capacitor,https://www.soundimports.eu/en/audyn-q4-200-0-400.html,120.21
Mundorf TCAP-200T5.550,Mundorf TCAP-200T5.550 | 200 µF | 5% | 550 V,200.0,5.0,550.0,Film Capacitor,https://www.soundimports.eu/en/mundorf-tcap-200t5550.html,181.78
Mundorf ECAP63-220,Mundorf ECAP63-220 | 220 µF | 5% | 63 V,220.0,5.0,63.0,Film Capacitor,https://www.soundimports.eu/en/mundorf-ecap63-220.html,3.51
Jantzen Audio 001-6180,Jantzen Audio 001-6180 | 220 µF | 5% | 100 V,220.0,5.0,100.0,Film Capacitor,https://www.soundimports.eu/en/jantzen-audio-001-6180.html,4.92
Electrolytic Non-Polarized Cap,Electrolytic Non-Polarized Cap | 220 µF | 10% | 100V,220.0,10.0,100.0,Film Capacitor,https://www.soundimports.eu/en/027-368.html,5.33
Audyn ERA/220/63/1,Audyn ERA/220/63/1 | 220 µF | 10% | 100 V,220.0,10.0,100.0,Film Capacitor,https://www.soundimports.eu/en/audyn-era-220-63-1.html,6.98
Audyn ERA/220/100,Audyn ERA/220/100 | 220 µF | 10% | 100 V,220.0,10.0,100.0,Film Capacitor,https://www.soundimports.eu/en/audyn-era-220-100.html,9.05
Mundorf MLGO450-220,Mundorf MLGO450-220 | 220 µF | 20% | 450 V,220.0,20.0,450.0,Film Capacitor,https://www.soundimports.eu/en/mundorf-mlgo450-220.html,18.97
Mundorf MLGO+550-220,Mundorf MLGO+550-220 | 220 µF| 20% | 550 V,220.0,20.0,550.0,Film Capacitor,https://www.soundimports.eu/en/mundorf-mlgo550-220.html,29.71
Jantzen Audio 001-0296,Jantzen Audio 001-0296 | 220 µF | 5% | 400 V,220.0,5.0,400.0,Film Capacitor,https://www.soundimports.eu/en/jantzen-audio-001-0296.html,56.57
Mundorf ME-220T3.250,Mundorf ME-220T3.250 | 220 µF | 3% | 250 V,220.0,3.0,250.0,Film Capacitor,https://www.soundimports.eu/en/mundorf-me-220t3250.html,107.4
Audyn KPQS/220/400,Audyn KPQS/220/400 | 220 µF | 5% | 400 V,220.0,5.0,400.0,Film Capacitor,https://www.soundimports.eu/en/audyn-kpqs-220-400.html,165.25
Mundorf MESGO-220T3.250,Mundorf MESGO-220T3.250 | 220 µF | 3% | 250 V,220.0,3.0,250.0,Film Capacitor,https://www.soundimports.eu/en/mundorf-mesgo-220t3250.html,495.83
Electrolytic Non-Polarized Cap,Electrolytic Non-Polarized Cap | 250 µF | 10% | 100V,250.0,10.0,100.0,Film Capacitor,https://www.soundimports.eu/en/027-370.html,5.33
Mundorf ECAP63-270,Mundorf ECAP63-270 | 270 µF | 5% | 63 V,270.0,5.0,63.0,Film Capacitor,https://www.soundimports.eu/en/mundorf-ecap63-270.html,5.74
Jantzen Audio 001-6183,Jantzen Audio 001-6183 | 270 µF | 5% | 100 V,270.0,5.0,100.0,Film Capacitor,https://www.soundimports.eu/en/jantzen-audio-001-6183.html,6.98
Jantzen Audio 001-0298,Jantzen Audio 001-0298 | 270 µF | 5% | 400 V,270.0,5.0,400.0,Film Capacitor,https://www.soundimports.eu/en/jantzen-audio-001-0298.html,66.9
Mundorf ME-270T3.250,Mundorf ME-270T3.250 | 270 µF | 3% | 250 V,270.0,3.0,250.0,Film Capacitor,https://www.soundimports.eu/en/mundorf-me-270t3250.html,123.93
Mundorf MESGO-270T3.250,Mundorf MESGO-270T3.250 | 270 µF | 3% | 250 V,270.0,3.0,250.0,Film Capacitor,https://www.soundimports.eu/en/mundorf-mesgo-270t3250.html,578.47
Jantzen Audio 001-6186,Jantzen Audio 001-6186 | 300 µF | 5% | 100 V,300.0,5.0,100.0,Film Capacitor,https://www.soundimports.eu/en/jantzen-audio-001-6186.html,7.81
Jantzen Audio 001-0299,Jantzen Audio 001-0299 | 300 µF | 5% | 400 V,300.0,5.0,400.0,Film Capacitor,https://www.soundimports.eu/en/jantzen-audio-001-0299.html,80.54
Mundorf ECAP63-330,Mundorf ECAP63-330 | 330 µF | 5% | 63 V,330.0,5.0,63.0,Film Capacitor,https://www.soundimports.eu/en/mundorf-ecap63-330.html,5.74
Electrolytic Non-Polarized Cap,Electrolytic Non-Polarized Cap | 330 µF | 10% | 100V,330.0,10.0,100.0,Film Capacitor,https://www.soundimports.eu/en/027-374.html,7.4
Audyn ERA/330/63/1,Audyn ERA/330/63/1 | 330 µF | 10% | 63 V,330.0,10.0,63.0,Film Capacitor,https://www.soundimports.eu/en/audyn-era-330-63-1.html,7.81
Jantzen Audio 001-6189,Jantzen Audio 001-6189 | 330 µF | 5% | 100 V,330.0,5.0,100.0,Film Capacitor,https://www.soundimports.eu/en/jantzen-audio-001-6189.html,8.22
Audyn ERA/330/100,Audyn ERA/330/100 | 330 µF | 10% | 100 V,330.0,10.0,100.0,Film Capacitor,https://www.soundimports.eu/en/audyn-era-330-100.html,12.77
Mundorf MLGO450-330,Mundorf MLGO450-330 | 330 µF | 20% | 450 V,330.0,20.0,450.0,Film Capacitor,https://www.soundimports.eu/en/mundorf-mlgo450-330.html,24.75
Mundorf ME-330T3.250,Mundorf ME-330T3.250 | 330 µF | 3% | 250 V,330.0,3.0,250.0,Film Capacitor,https://www.soundimports.eu/en/mundorf-me-330t3250.html,165.25
Mundorf MESGO-330T3.250,Mundorf MESGO-330T3.250 | 330 µF | 3% | 250 V,330.0,3.0,250.0,Film Capacitor,https://www.soundimports.eu/en/mundorf-mesgo-330t3250.html,661.12
Mundorf ECAP63-390,Mundorf ECAP63-390 | 390 µF | 5% | 63 V,390.0,5.0,63.0,Film Capacitor,https://www.soundimports.eu/en/mundorf-ecap63-390.html,6.57
Audyn ERA/390/63,Audyn ERA/390/63 | 390 µF | 10% | 63 V,390.0,10.0,63.0,Film Capacitor,https://www.soundimports.eu/en/audyn-era-390-63.html,7.4
Electrolytic Non-Polarized Cap,Electrolytic Non-Polarized Cap | 400 µF | 10% | 100V,400.0,10.0,100.0,Film Capacitor,https://www.soundimports.eu/en/027-376.html,8.22
Mundorf ECAP63-470,Mundorf ECAP63-470 | 470 µF | 5% | 63 V,470.0,5.0,63.0,Film Capacitor,https://www.soundimports.eu/en/mundorf-ecap63-470.html,6.57
Audyn ERA/470/63/1,Audyn ERA/470/63/1 | 470 µF | 10% | 63 V,470.0,10.0,63.0,Film Capacitor,https://www.soundimports.eu/en/audyn-era-470-63-1.html,7.4
Jantzen Audio 001-6192,Jantzen Audio 001-6192 | 470 µF | 5% | 100 V,470.0,5.0,100.0,Film Capacitor,https://www.soundimports.eu/en/jantzen-audio-001-6192.html,9.88
Audyn ERA/470/100,Audyn ERA/470/100 | 470 µF | 10% | 100 V,470.0,10.0,100.0,Film Capacitor,https://www.soundimports.eu/en/audyn-era-470-100.html,12.36
Mundorf MLGO450-470,Mundorf MLGO450-470 | 470 µF | 20% | 450 V,470.0,20.0,450.0,Film Capacitor,https://www.soundimports.eu/en/mundorf-mlgo450-470.html,28.88
Mundorf MLGO+550-470,Mundorf MLGO+550-470 | 470 µF| 20% | 550 V,470.0,20.0,550.0,Film Capacitor,https://www.soundimports.eu/en/mundorf-mlgo550-470.html,33.02
Electrolytic Non-Polarized Cap,Electrolytic Non-Polarized Cap | 500 µF | 10% | 100V,500.0,10.0,100.0,Film Capacitor,https://www.soundimports.eu/en/027-378.html,10.7
Mundorf ECAP63-560,Mundorf ECAP63-560 | 560 µF | 5% | 63 V,560.0,5.0,63.0,Film Capacitor,https://www.soundimports.eu/en/mundorf-ecap63-560.html,7.4
Jantzen Audio 001-6195,Jantzen Audio 001-6195 | 560 µF | 5% | 100 V,560.0,5.0,100.0,Film Capacitor,https://www.soundimports.eu/en/jantzen-audio-001-6195.html,11.94
Audyn ERA/560/100,Audyn ERA/560/100 | 560 µF | 10% | 100 V,560.0,10.0,100.0,Film Capacitor,https://www.soundimports.eu/en/audyn-era-560-100.html,15.66
Mundorf ECAP63-680,Mundorf ECAP63-680 | 680 µF | 5% | 63 V,680.0,5.0,63.0,Film Capacitor,https://www.soundimports.eu/en/mundorf-ecap63-680.html,8.22
Audyn ERA/680/63,Audyn ERA/680/63 | 680 µF | 10% | 63 V,680.0,10.0,63.0,Film Capacitor,https://www.soundimports.eu/en/audyn-era-680-63.html,9.05
Mundorf MLGO450-680,Mundorf MLGO450-680 | 680 µF | 20% | 450 V,680.0,20.0,450.0,Film Capacitor,https://www.soundimports.eu/en/mundorf-mlgo450-680.html,37.15
Audyn ERA/820/63/1,Audyn ERA/820/63/1 | 820 µF | 10% | 63 V,820.0,10.0,63.0,Film Capacitor,https://www.soundimports.eu/en/audyn-era-820-63-1.html,10.7
Jantzen Audio 001-6198,Jantzen Audio 001-6198 | 820 µF | 5% | 100 V,820.0,5.0,100.0,Film Capacitor,https://www.soundimports.eu/en/jantzen-audio-001-6198.html,17.73
Mundorf MLGO100-1000,Mundorf MLGO100-1000 | 1000 µF | 20% | 100 V,1000.0,20.0,100.0,Film Capacitor,https://www.soundimports.eu/en/mundorf-mlgo100-1000.html,12.36
Audyn ERA/1000/63,Audyn ERA/1000/63 | 1000 µF | 10% | 63 V,1000.0,10.0,63.0,Film Capacitor,https://www.soundimports.eu/en/audyn-era-1000-63.html,12.36
Mundorf MLGO+160-1000,Mundorf MLGO+160-1000 | 1000 µF | 20% | 160 V,1000.0,20.0,160.0,Film Capacitor,https://www.soundimports.eu/en/mundorf-mlgo160-1000.html,16.49
Audyn ERA/1200/63,Audyn ERA/1200/63 | 1200 µF | 10% | 63 V,1200.0,10.0,63.0,Film Capacitor,https://www.soundimports.eu/en/audyn-era-1200-63.html,14.01
Mundorf MLGO100-1500,Mundorf MLGO100-1500 | 1500 µF | 20% | 100 V,1500.0,20.0,100.0,Film Capacitor,https://www.soundimports.eu/en/mundorf-mlgo100-1500.html,14.83
Mundorf MLGO63-2200,Mundorf MLGO63-2200 | 2200 µF | 20% | 63 V,2200.0,20.0,63.0,Film Capacitor,https://www.soundimports.eu/en/mundorf-mlgo63-2200.html,14.83
Mundorf MLGO63-3300,Mundorf MLGO63-3300 | 3300 µF | 20% | 63 V,3300.0,20.0,63.0,Film Capacitor,https://www.soundimports.eu/en/mundorf-mlgo63-3300.html,15.66
Mundorf MLGO+100-3300,Mundorf MLGO+100-3300 | 3300 µF| 20% | 100 V,3300.0,20.0,100.0,Film Capacitor,https://www.soundimports.eu/en/mundorf-mlgo100-3300.html,27.23
Mundorf MLGO40-4700,Mundorf MLGO40-4700 | 4700 µF | 20% | 40 V,4700.0,20.0,40.0,Film Capacitor,https://www.soundimports.eu/en/mundorf-mlgo40-4700.html,16.49
Mundorf MLGO63-4700,Mundorf MLGO63-4700 | 4700 µF | 20% | 63 V,4700.0,20.0,63.0,Film Capacitor,https://www.soundimports.eu/en/mundorf-mlgo63-4700.html,16.49
Mundorf MLGO+100-4700,Mundorf MLGO+100-4700 | 4700 µF | 20% | 100 V,4700.0,20.0,100.0,Film Capacitor,https://www.soundimports.eu/en/mundorf-mlgo100-4700.html,33.02
Mundorf MLGO63-6800,Mundorf MLGO63-6800 | 6800 µF | 20% | 63 V,6800.0,20.0,63.0,Film Capacitor,https://www.soundimports.eu/en/mundorf-mlgo63-6800.html,18.14
Mundorf MLGO40-6800,Mundorf MLGO40-6800 | 6800 µF | 20% | 40 V,6800.0,20.0,40.0,Film Capacitor,https://www.soundimports.eu/en/mundorf-mlgo40-6800.html,18.14
Mundorf MLGO+80-6800,Mundorf MLGO+80-6800 | 6800 µF | 20% | 80 V,6800.0,20.0,80.0,Film Capacitor,https://www.soundimports.eu/en/mundorf-mlgo80-6800.html,31.36
Mundorf MLGO63-8200,Mundorf MLGO63-8200 | 8200 µF | 20% | 63 V,8200.0,20.0,63.0,Film Capacitor,https://www.soundimports.eu/en/mundorf-mlgo63-8200.html,20.62
Mundorf MLGO25-10000,Mundorf MLGO25-10000 | 10000 µF | 20% | 25 V,10000.0,20.0,25.0,Film Capacitor,https://www.soundimports.eu/en/mundorf-mlgo25-10000.html,18.14
Mundorf MLGO40-10000,Mundorf MLGO40-10000 | 10000 µF | 20% | 40 V,10000.0,20.0,40.0,Film Capacitor,https://www.soundimports.eu/en/mundorf-mlgo40-10000.html,20.62
Mundorf MLGO63-10000,Mundorf MLGO63-10000 | 10000 µF | 20% | 63 V,10000.0,20.0,63.0,Film Capacitor,https://www.soundimports.eu/en/mundorf-mlgo63-10000.html,23.1
Mundorf MLGO80-10000,Mundorf MLGO80-10000 | 10000 µF | 20% | 80 V,10000.0,20.0,80.0,Film Capacitor,https://www.soundimports.eu/en/mundorf-mlgo80-10000.html,31.36
Mundorf MLGO+80-10000,Mundorf MLGO+80-10000 | 10000 µF | 20% | 80 V,10000.0,20.0,80.0,Film Capacitor,https://www.soundimports.eu/en/mundorf-mlgo80-10000-161850669.html,35.5
Mundorf MLHC80-10000,Mundorf MLHC80-10000 | 10000 µF | 20% | 80 V,10000.0,20.0,80.0,Film Capacitor,https://www.soundimports.eu/en/mundorf-mlhc80-10000.html,57.81
Mundorf MLGO63-15000,Mundorf MLGO63-15000 | 15000 µF | 20% | 63 V,15000.0,20.0,63.0,Film Capacitor,https://www.soundimports.eu/en/mundorf-mlgo63-15000.html,31.36
Mundorf MLGO+63-15000,Mundorf MLGO+63-15000 | 15000 µF | 20% | 63 V,15000.0,20.0,63.0,Film Capacitor,https://www.soundimports.eu/en/mundorf-mlgo63-15000-161850670.html,37.15
Mundorf MLGO25-22000,Mundorf MLGO25-22000 | 22000 µF | 20% | 25 V,22000.0,20.0,25.0,Film Capacitor,https://www.soundimports.eu/en/mundorf-mlgo25-22000.html,23.1
Mundorf MLGO40-22000,Mundorf MLGO40-22000 | 22000 µF | 20% | 40 V,22000.0,20.0,40.0,Film Capacitor,https://www.soundimports.eu/en/mundorf-mlgo40-22000.html,32.19
Mundorf MLGO63-22000,Mundorf MLGO63-22000 | 22000 µF | 20% | 63 V,22000.0,20.0,63.0,Film Capacitor,https://www.soundimports.eu/en/mundorf-mlgo63-22000.html,39.63
Mundorf MLGO+63-22000,Mundorf MLGO+63-22000 | 22000 µF | 20% | 63 V,22000.0,20.0,63.0,Film Capacitor,https://www.soundimports.eu/en/mundorf-mlgo63-22000-161850671.html,43.76
Mundorf MLHC80-22000,Mundorf MLHC80-22000 | 22000 µF | 20% | 80 V,22000.0,20.0,80.0,Film Capacitor,https://www.soundimports.eu/en/mundorf-mlhc80-22000.html,90.87
Mundorf MLGO40-33000,Mundorf MLGO40-33000 | 33000 µF | 20% | 40 V,33000.0,20.0,40.0,Film Capacitor,https://www.soundimports.eu/en/mundorf-mlgo40-33000.html,35.5
Mundorf MLGO+40-33000,Mundorf MLGO+40-33000 | 33000 µF | 20% | 40 V,33000.0,20.0,40.0,Film Capacitor,https://www.soundimports.eu/en/mundorf-mlgo40-33000-161850672.html,37.15
Mundorf MLHC100-33000,Mundorf MLHC100-33000 | 33000 µF | 20% | 100 V,33000.0,20.0,100.0,Film Capacitor,https://www.soundimports.eu/en/mundorf-mlhc100-33000.html,156.98
Mundorf MLGO25-47000,Mundorf MLGO25-47000 | 47000 µF | 20% | 25 V,47000.0,20.0,25.0,Film Capacitor,https://www.soundimports.eu/en/mundorf-mlgo25-47000.html,39.63
Mundorf MLGO+25-47000,Mundorf MLGO+25-47000 | 47000 µF | 20% | 25 V,47000.0,20.0,25.0,Film Capacitor,https://www.soundimports.eu/en/mundorf-mlgo25-47000-161850673.html,43.76
Mundorf MLHC80-47000,Mundorf MLHC80-47000 | 47000 µF | 20% | 80 V,47000.0,20.0,80.0,Film Capacitor,https://www.soundimports.eu/en/mundorf-mlhc80-47000.html,165.25
027-450,Dayton Audio DFFC-0.01 0.01uF 400V By-Pass Capacitor,0.01,5.0,400.0,Film and Foil,https://www.parts-express.com/Dayton-Audio-DFFC-0.01-0.01uF-400V-By-Pass-Capacitor-027-450,1.39
027-100,Audyn Cap Q4 0.01uF 400V MKP Foil Capacitor,0.01,5.0,400.0,Metalized Polypropylene,https://www.parts-express.com/Audyn-Cap-Q4-0.01uF-400V-MKP-Foil-Capacitor-027-100,2.36
027-460,Jantzen 0502 0.10uF 1200V Z-Superior Capacitor,0.1,2.0,1200.0,Metalized Polypropylene,https://www.parts-express.com/Jantzen-0502-0.10uF-1200V-Z-Superior-Capacitor-027-460,14.67
027-750,Jantzen 0602 0.10uF 1200V Z-Silver Capacitor,0.1,2.0,1200.0,Metalized Polypropylene,https://www.parts-express.com/Jantzen-0602-0.10uF-1200V-Z-Silver-Capacitor-027-750,20.58
027-126,Audyn Cap Plus 0.1uF 1.2KV Double Layer MKP Foil C,0.1,2.0,1200.0,Metalized Polypropylene,https://www.parts-express.com/Audyn-Cap-Plus-0.1uF-1.2KV-Double-Layer-MKP-Foil-Capacitor-027-126,8.59
027-400,Dayton Audio DMPC-0.10 0.10uF 250V Polypropylene C,0.1,5.0,250.0,Metalized Polypropylene,https://www.parts-express.com/Dayton-Audio-DMPC-0.10-0.10uF-250V-Polypropylene-Capacitor-027-400,2.48
027-101,Audyn Cap Q4 0.1uF 400V MKP Foil Capacitor,0.1,5.0,400.0,Metalized Polypropylene,https://www.parts-express.com/Audyn-Cap-Q4-0.1uF-400V-MKP-Foil-Capacitor-027-101,2.48
027-900,Jantzen 0200 0.10uF 400V Crosscap Capacitor,0.1,5.0,400.0,Metalized Polypropylene,https://www.parts-express.com/Jantzen-0200-0.10uF-400V-Crosscap-Capacitor-027-900,0.96
027-452,Dayton Audio DFFC-0.10 0.10uF 400V By-Pass Capacitor,0.1,5.0,400.0,Film and Foil,https://www.parts-express.com/Dayton-Audio-DFFC-0.10-0.10uF-400V-By-Pass-Capacitor-027-452,1.49
027-631,Solen 0.10uF 700V Silver Sound MKP Silver Metallized,0.1,5.0,700.0,Metalized Polypropylene,https://www.parts-express.com/Solen-0.10uF-700V-Silver-Sound-MKP-Silver-Metallized-Polypropylene-Film-Crossover-Capacitor-027-631,25.75
027-127,Audyn Cap Plus 0.15uF 1.2KV Double Layer MKP Foil C,0.15,2.0,1200.0,Metalized Polypropylene,https://www.parts-express.com/Audyn-Cap-Plus-0.15uF-1.2KV-Double-Layer-MKP-Foil-Capacitor-027-127,8.92
027-462,Jantzen 0506 0.15uF 1200V Z-Superior Capacitor,0.15,2.0,1200.0,Metalized Polypropylene,https://www.parts-express.com/Jantzen-0506-0.15uF-1200V-Z-Superior-Capacitor-027-462,14.96
027-202,Dayton Audio PMPC-0.22 0.22uF 250V Precision Audio C,0.22,1.0,250.0,Metalized Polypropylene,https://www.parts-express.com/Dayton-Audio-PMPC-0.22-0.22uF-250V-Precision-Audio-Capacitor-027-202,0.59
027-151,Audyn True Copper Cap 0.22uF 630V Copper Foil C,0.22,2.0,600.0,Metalized Polypropylene,https://www.parts-express.com/Audyn-True-Copper-Cap-0.22uF-630V-Copper-Foil-Capacitor-027-151,52.4
027-128,Audyn Cap Plus 0.22uF 1.2KV Double Layer MKP Foil C,0.22,2.0,1200.0,Metalized Polypropylene,https://www.parts-express.com/Audyn-Cap-Plus-0.22uF-1.2KV-Double-Layer-MKP-Foil-Capacitor-027-128,9.21
027-754,Jantzen 0610 0.22uF 1200V Z-Silver Capacitor,0.22,2.0,1200.0,Metalized Polypropylene,https://www.parts-express.com/Jantzen-0610-0.22uF-1200V-Z-Silver-Capacitor-027-754,21.06
027-464,Jantzen 0510 0.22uF 1200V Z-Superior Capacitor,0.22,2.0,1200.0,Metalized Polypropylene,https://www.parts-express.com/Jantzen-0510-0.22uF-1200V-Z-Superior-Capacitor-027-464,21.06
027-402,Dayton Audio DMPC-0.22 0.22uF 250V Polypropylene C,0.22,5.0,250.0,Metalized Polypropylene,https://www.parts-express.com/Dayton-Audio-DMPC-0.22-0.22uF-250V-Polypropylene-Capacitor-027-402,1.69
027-454,Dayton Audio DFFC-0.22 0.22uF 400V By-Pass Capacitor,0.22,5.0,400.0,Film and Foil,https://www.parts-express.com/Dayton-Audio-DFFC-0.22-0.22uF-400V-By-Pass-Capacitor-027-454,2.53
027-102,Audyn Cap Q4 0.22uF 400V MKP Foil Capacitor,0.22,5.0,400.0,Metalized Polypropylene,https://www.parts-express.com/Audyn-Cap-Q4-0.22uF-400V-MKP-Foil-Capacitor-027-102,2.53
027-902,Jantzen 0208 0.22uF 400V Crosscap Capacitor,0.22,5.0,400.0,Metalized Polypropylene,https://www.parts-express.com/Jantzen-0208-0.22uF-400V-Crosscap-Capacitor-027-902,1.21
027-632,Solen 0.22uF 700V Silver Sound MKP Silver Metallized,0.22,5.0,700.0,Metalized Polypropylene,https://www.parts-express.com/Solen-0.22uF-700V-Silver-Sound-MKP-Silver-Metallized-Polypropylene-Film-Crossover-Capacitor-027-632,24.98
027-152,Audyn True Copper Cap 0.33uF 630V Copper Foil C,0.33,2.0,600.0,Metalized Polypropylene,https://www.parts-express.com/Audyn-True-Copper-Cap-0.33uF-630V-Copper-Foil-Capacitor-027-152,
027-129,Audyn Cap Plus 0.33uF 1.2KV Double Layer MKP Foil C,0.33,2.0,1200.0,Metalized Polypropylene,https://www.parts-express.com/Audyn-Cap-Plus-0.33uF-1.2KV-Double-Layer-MKP-Foil-Capacitor-027-129,10.17
027-466,Jantzen 0514 0.33uF 1200V Z-Superior Capacitor,0.33,2.0,1200.0,Metalized Polypropylene,https://www.parts-express.com/Jantzen-0514-0.33uF-1200V-Z-Superior-Capacitor-027-466,17.9
027-404,Dayton Audio DMPC-0.33 0.33uF 250V Polypropylene C,0.33,5.0,250.0,Metalized Polypropylene,https://www.parts-express.com/Dayton-Audio-DMPC-0.33-0.33uF-250V-Polypropylene-Capacitor-027-404,0.59
027-456,Dayton Audio DFFC-0.33 0.33uF 400V By-Pass Capacitor,0.33,5.0,400.0,Film and Foil,https://www.parts-express.com/Dayton-Audio-DFFC-0.33-0.33uF-400V-By-Pass-Capacitor-027-456,1.89
027-103,Audyn Cap Q4 0.33uF 400V MKP Foil Capacitor,0.33,5.0,400.0,Metalized Polypropylene,https://www.parts-express.com/Audyn-Cap-Q4-0.33uF-400V-MKP-Foil-Capacitor-027-103,2.63
027-904,Jantzen 0214 0.33uF 400V Crosscap Capacitor,0.33,5.0,400.0,Metalized Polypropylene,https://www.parts-express.com/Jantzen-0214-0.33uF-400V-Crosscap-Capacitor-027-904,17.9
027-206,Dayton Audio PMPC-0.47 0.47uF 250V Precision Audio C,0.47,1.0,250.0,Metalized Polypropylene,https://www.parts-express.com/Dayton-Audio-PMPC-0.47-0.47uF-250V-Precision-Audio-Capacitor-027-206,0.59
027-153,Audyn True Copper Cap 0.47uF 630V Copper Foil C,0.47,2.0,600.0,Metalized Polypropylene,https://www.parts-express.com/Audyn-True-Copper-Cap-0.47uF-630V-Copper-Foil-Capacitor-027-153,
027-130,Audyn Cap Plus 0.47uF 800V Double Layer MKP Foil C,0.47,2.0,800.0,Metalized Polypropylene,https://www.parts-express.com/Audyn-Cap-Plus-0.47uF-800V-Double-Layer-MKP-Foil-Capacitor-027-130,10.8
027-758,Jantzen 0618 0.47uF 800V Z-Silver Capacitor,0.47,2.0,800.0,Metalized Polypropylene,https://www.parts-express.com/Jantzen-0618-0.47uF-800V-Z-Silver-Capacitor-027-758,22.67
027-468,Jantzen 0518 0.47uF 800V Z-Superior Capacitor,0.47,2.0,800.0,Metalized Polypropylene,https://www.parts-express.com/Jantzen-0518-0.47uF-800V-Z-Superior-Capacitor-027-468,14.63
027-406,Dayton Audio DMPC-0.47 0.47uF 250V Polypropylene C,0.47,5.0,250.0,Metalized Polypropylene,https://www.parts-express.com/Dayton-Audio-DMPC-0.47-0.47uF-250V-Polypropylene-Capacitor-027-406,0.59
027-104,Audyn Cap Q4 0.47uF 400V MKP Foil Capacitor,0.47,5.0,400.0,Metalized Polypropylene,https://www.parts-express.com/Audyn-Cap-Q4-0.47uF-400V-MKP-Foil-Capacitor-027-104,2.69
027-906,Jantzen 0220 0.47uF 400V Crosscap Capacitor,0.47,5.0,400.0,Metalized Polypropylene,https://www.parts-express.com/Jantzen-0220-0.47uF-400V-Crosscap-Capacitor-027-906,1.15
027-458,Dayton Audio DFFC-0.47 0.47uF 400V By-Pass Capacitor,0.47,5.0,400.0,Film and Foil,https://www.parts-express.com/Dayton-Audio-DFFC-0.47-0.47uF-400V-By-Pass-Capacitor-027-458,2.69
027-105,Audyn Cap Q4 0.56uF 400V MKP Foil Capacitor,0.56,5.0,400.0,Metalized Polypropylene,https://www.parts-express.com/Audyn-Cap-Q4-0.56uF-400V-MKP-Foil-Capacitor-027-105,2.8
027-131,Audyn Cap Plus 0.68uF 800V Double Layer MKP Foil C,0.68,2.0,800.0,Metalized Polypropylene,https://www.parts-express.com/Audyn-Cap-Plus-0.68uF-800V-Double-Layer-MKP-Foil-Capacitor-027-131,11.45
027-472,Jantzen 0526 0.68uF 800V Z-Superior Capacitor,0.68,2.0,800.0,Metalized Polypropylene,https://www.parts-express.com/Jantzen-0526-0.68uF-800V-Z-Superior-Capacitor-027-472,15.23
027-408,Dayton Audio DMPC-0.68 0.68uF 250V Polypropylene C,0.68,5.0,250.0,Metalized Polypropylene,https://www.parts-express.com/Dayton-Audio-DMPC-0.68-0.68uF-250V-Polypropylene-Capacitor-027-408,0.59
027-106,Audyn Cap Q4 0.68uF 400V MKP Foil Capacitor,0.68,5.0,400.0,Metalized Polypropylene,https://www.parts-express.com/Audyn-Cap-Q4-0.68uF-400V-MKP-Foil-Capacitor-027-106,2.8
027-107,Audyn Cap Q4 0.82uF 400V MKP Foil Capacitor,0.82,5.0,400.0,Metalized Polypropylene,https://www.parts-express.com/Audyn-Cap-Q4-0.82uF-400V-MKP-Foil-Capacitor-027-107,2.83
027-210,Dayton Audio PMPC-1.0 1.0uF 250V Precision Audio C,1.0,1.0,250.0,Metalized Polypropylene,https://www.parts-express.com/Dayton-Audio-PMPC-1.0-1.0uF-250V-Precision-Audio-Capacitor-027-210,0.79
027-133,Audyn Cap Plus 1.0uF 800V Double Layer MKP Foil C,1.0,2.0,800.0,Metalized Polypropylene,https://www.parts-express.com/Audyn-Cap-Plus-1.0uF-800V-Double-Layer-MKP-Foil-Capacitor-027-133,12.37
027-476,Jantzen 0534 1.0uF 800V Z-Superior Capacitor,1.0,2.0,800.0,Metalized Polypropylene,https://www.parts-express.com/Jantzen-0534-1.0uF-800V-Z-Superior-Capacitor-027-476,24.23
027-766,Jantzen 0634 1.0uF 800V Z-Silver Capacitor,1.0,2.0,800.0,Metalized Polypropylene,https://www.parts-express.com/Jantzen-0634-1.0uF-800V-Z-Silver-Capacitor-027-766,15.81
027-4600,Jantzen 7022 1.0uF Alumen Z-Cap 100 VDC Alum,1.0,3.0,100.0,Film and Foil,https://www.parts-express.com/Jantzen-7022-1.0uF-Alumen-Z-Cap-100-VDC-Aluminum-Foil-Capacitor-027-4600,
020-634,1uF 400 VDC Audiophiler MKP Audio Grade Capacitor,1.0,3.0,400.0,Metalized Polypropylene,https://www.parts-express.com/1uF-400-VDC-Audiophiler-MKP-Audio-Grade-Capacitor-020-634,1.15
027-410,Dayton Audio DMPC-1.0 1.0uF 250V Polypropylene C,1.0,5.0,250.0,Metalized Polypropylene,https://www.parts-express.com/Dayton-Audio-DMPC-1.0-1.0uF-250V-Polypropylene-Capacitor-027-410,2.39
027-520,Solen 1.0uF 400V Polypropylene Capacitor,1.0,5.0,400.0,Metalized Polypropylene,https://www.parts-express.com/Solen-1.0uF-400V-Polypropylene-Capacitor-027-520,0.79
027-910,Jantzen 0230 1.0uF 400V Crosscap Capacitor,1.0,5.0,400.0,Metalized Polypropylene,https://www.parts-express.com/Jantzen-0230-1.0uF-400V-Crosscap-Capacitor-027-910,24.23
027-108,Audyn Cap Q4 1.0uF 400V MKP Foil Capacitor,1.0,5.0,400.0,Metalized Polypropylene,https://www.parts-express.com/Audyn-Cap-Q4-1.0uF-400V-MKP-Foil-Capacitor-027-108,2.96
027-261,Jantzen 0410 1.0uF 400V Z-Standard Capacitor,1.0,5.0,400.0,Metalized Polypropylene,https://www.parts-express.com/Jantzen-0410-1.0uF-400V-Z-Standard-Capacitor-027-261,2.52
027-320,1.0uF 100V Non-Polarized Capacitor,1.0,10.0,100.0,Non-Polarized Electrolytic,https://www.parts-express.com/1.0uF-100V-Non-Polarized-Capacitor-027-320,0.89
027-212,Dayton Audio PMPC-1.5 1.5uF 250V Precision Audio C,1.5,1.0,250.0,Metalized Polypropylene,https://www.parts-express.com/Dayton-Audio-PMPC-1.5-1.5uF-250V-Precision-Audio-Capacitor-027-212,3.25
027-478,Jantzen 0538 1.5uF 800V Z-Superior Capacitor,1.5,2.0,800.0,Metalized Polypropylene,https://www.parts-express.com/Jantzen-0538-1.5uF-800V-Z-Superior-Capacitor-027-478,26.98
027-768,Jantzen 0638 1.5uF 800V Z-Silver Capacitor,1.5,2.0,800.0,Metalized Polypropylene,https://www.parts-express.com/Jantzen-0638-1.5uF-800V-Z-Silver-Capacitor-027-768,26.98
027-134,Audyn Cap Plus 1.5uF 800V Double Layer MKP Foil C,1.5,2.0,800.0,Metalized Polypropylene,https://www.parts-express.com/Audyn-Cap-Plus-1.5uF-800V-Double-Layer-MKP-Foil-Capacitor-027-134,14.63
027-412,Dayton Audio DMPC-1.5 1.5uF 250V Polypropylene C,1.5,5.0,250.0,Metalized Polypropylene,https://www.parts-express.com/Dayton-Audio-DMPC-1.5-1.5uF-250V-Polypropylene-Capacitor-027-412,1.33
027-528,Solen 1.5uF 400V Polypropylene Capacitor,1.5,5.0,400.0,Metalized Polypropylene,https://www.parts-express.com/Solen-1.5uF-400V-Polypropylene-Capacitor-027-528,0.79
027-262,Jantzen 0413 1.5uF 400V Z-Standard Capacitor,1.5,5.0,400.0,Metalized Polypropylene,https://www.parts-express.com/Jantzen-0413-1.5uF-400V-Z-Standard-Capacitor-027-262,1.33
027-912,Jantzen 0236 1.5uF 400V Crosscap Capacitor,1.5,5.0,400.0,Metalized Polypropylene,https://www.parts-express.com/Jantzen-0236-1.5uF-400V-Crosscap-Capacitor-027-912,2.77
027-109,Audyn Cap Q4 1.5uF 400V MKP Foil Capacitor,1.5,5.0,400.0,Metalized Polypropylene,https://www.parts-express.com/Audyn-Cap-Q4-1.5uF-400V-MKP-Foil-Capacitor-027-109,3.25
027-322,1.5uF 100V Non-Polarized Capacitor,1.5,10.0,100.0,Non-Polarized Electrolytic,https://www.parts-express.com/1.5uF-100V-Non-Polarized-Capacitor-027-322,0.89
027-480,Jantzen 0542 1.8uF 800V Z-Superior Capacitor,1.8,2.0,800.0,Metalized Polypropylene,https://www.parts-express.com/Jantzen-0542-1.8uF-800V-Z-Superior-Capacitor-027-480,18.5
027-914,Jantzen 0237 1.8uF 400V Crosscap Capacitor,1.8,5.0,400.0,Metalized Polypropylene,https://www.parts-express.com/Jantzen-0237-1.8uF-400V-Crosscap-Capacitor-027-914,1.31
027-264,Jantzen 0416 1.8uF 400V Z-Standard Capacitor,1.8,5.0,400.0,Metalized Polypropylene,https://www.parts-express.com/Jantzen-0416-1.8uF-400V-Z-Standard-Capacitor-027-264,2.88
027-214,Dayton Audio PMPC-2.0 2.0uF 250V Precision Audio C,2.0,1.0,250.0,Metalized Polypropylene,https://www.parts-express.com/Dayton-Audio-PMPC-2.0-2.0uF-250V-Precision-Audio-Capacitor-027-214,0.99
027-414,Dayton Audio DMPC-2.0 2.0uF 250V Polypropylene C,2.0,5.0,250.0,Metalized Polypropylene,https://www.parts-express.com/Dayton-Audio-DMPC-2.0-2.0uF-250V-Polypropylene-Capacitor-027-414,2.79
027-534,Solen 2.0uF 400V Polypropylene Capacitor,2.0,5.0,400.0,Metalized Polypropylene,https://www.parts-express.com/Solen-2.0uF-400V-Polypropylene-Capacitor-027-534,0.99
027-640,Solen 2.0uF 700V Silver MKP Metallized Polypropylene,2.0,5.0,700.0,Metalized Polypropylene,https://www.parts-express.com/Solen-2.0uF-700V-Silver-MKP-Metallized-Polypropylene-Crossov-027-640,
027-216,Dayton Audio PMPC-2.2 2.2uF 250V Precision Audio C,2.2,1.0,250.0,Metalized Polypropylene,https://www.parts-express.com/Dayton-Audio-PMPC-2.2-2.2uF-250V-Precision-Audio-Capacitor-027-216,0.99
027-482,Jantzen 0546 2.2uF 800V Z-Superior Capacitor,2.2,2.0,800.0,Metalized Polypropylene,https://www.parts-express.com/Jantzen-0546-2.2uF-800V-Z-Superior-Capacitor-027-482,28.94
027-135,Audyn Cap Plus 2.2uF 800V Double Layer MKP Foil C,2.2,2.0,800.0,Metalized Polypropylene,https://www.parts-express.com/Audyn-Cap-Plus-2.2uF-800V-Double-Layer-MKP-Foil-Capacitor-027-135,16.54
027-772,Jantzen 0646 2.2uF 800V Z-Silver Capacitor,2.2,2.0,800.0,Metalized Polypropylene,https://www.parts-express.com/Jantzen-0646-2.2uF-800V-Z-Silver-Capacitor-027-772,18.85
027-4604,Jantzen 7028 2.2uF Alumen Z-Cap 100 VDC Aluminum Fo,2.2,3.0,100.0,Film and Foil,https://www.parts-express.com/Jantzen-7028-2.2uF-Alumen-Z-Cap-100-VDC-Aluminum-Foil-Capacitor-027-4604,55.73
020-636,2.2uF 400 VDC Audiophiler MKP Audio Grade Capacitor,2.2,3.0,400.0,Metalized Polypropylene,https://www.parts-express.com/2.2uF-400-VDC-Audiophiler-MKP-Audio-Grade-Capacitor-020-636,1.19
027-415,Dayton Audio DMPC-2.2 2.2uF 250V Polypropylene C,2.2,5.0,250.0,Metalized Polypropylene,https://www.parts-express.com/Dayton-Audio-DMPC-2.2-2.2uF-250V-Polypropylene-Capacitor-027-415,1.19
027-110,Audyn Cap Q4 2.2uF 400V MKP Foil Capacitor,2.2,5.0,400.0,Metalized Polypropylene,https://www.parts-express.com/Audyn-Cap-Q4-2.2uF-400V-MKP-Foil-Capacitor-027-110,3.37
027-916,Jantzen 0238 2.2uF 400V Crosscap Capacitor,2.2,5.0,400.0,Metalized Polypropylene,https://www.parts-express.com/Jantzen-0238-2.2uF-400V-Crosscap-Capacitor-027-916,1.6
027-266,Jantzen 0419 2.2uF 400V Z-Standard Capacitor,2.2,5.0,400.0,Metalized Polypropylene,https://www.parts-express.com/Jantzen-0419-2.2uF-400V-Z-Standard-Capacitor-027-266,28.94
027-536,Solen 2.2uF 400V Polypropylene Capacitor,2.2,5.0,400.0,Metalized Polypropylene,https://www.parts-express.com/Solen-2.2uF-400V-Polypropylene-Capacitor-027-536,0.99
027-324,2.2uF 100V Non-Polarized Capacitor,2.2,10.0,100.0,Non-Polarized Electrolytic,https://www.parts-express.com/2.2uF-100V-Non-Polarized-Capacitor-027-324,0.89
027-218,Dayton Audio PMPC-2.7 2.7uF 250V Precision Audio C,2.7,1.0,250.0,Metalized Polypropylene,https://www.parts-express.com/Dayton-Audio-PMPC-2.7-2.7uF-250V-Precision-Audio-Capacitor-027-218,1.09
027-484,Jantzen 0550 2.7uF 800V Z-Superior Capacitor,2.7,2.0,800.0,Metalized Polypropylene,https://www.parts-express.com/Jantzen-0550-2.7uF-800V-Z-Superior-Capacitor-027-484,20.17
027-4608,Jantzen 7030 2.7uF Alumen Z-Cap 100 VDC Aluminum Fo,2.7,3.0,100.0,Film and Foil,https://www.parts-express.com/Jantzen-7030-2.7uF-Alumen-Z-Cap-100-VDC-Aluminum-Foil-Capacitor-027-4608,57.83
027-416,Dayton Audio DMPC-2.7 2.7uF 250V Polypropylene C,2.7,5.0,250.0,Metalized Polypropylene,https://www.parts-express.com/Dayton-Audio-DMPC-2.7-2.7uF-250V-Polypropylene-Capacitor-027-416,3.49
027-918,Jantzen 0240 2.7uF 400V Crosscap Capacitor,2.7,5.0,400.0,Metalized Polypropylene,https://www.parts-express.com/Jantzen-0240-2.7uF-400V-Crosscap-Capacitor-027-918,1.77
027-268,Jantzen 0422 2.7uF 400V Z-Standard Capacitor,2.7,5.0,400.0,Metalized Polypropylene,https://www.parts-express.com/Jantzen-0422-2.7uF-400V-Z-Standard-Capacitor-027-268,3.56
027-111,Audyn Cap Q4 2.7uF 400V MKP Foil Capacitor,2.7,5.0,400.0,Metalized Polypropylene,https://www.parts-express.com/Audyn-Cap-Q4-2.7uF-400V-MKP-Foil-Capacitor-027-111,3.61
027-326,2.7uF 100V Non-Polarized Capacitor,2.7,10.0,100.0,Non-Polarized Electrolytic,https://www.parts-express.com/2.7uF-100V-Non-Polarized-Capacitor-027-326,0.89
027-220,Dayton Audio PMPC-3.0 3.0uF 250V Precision Audio C,3.0,1.0,250.0,Metalized Polypropylene,https://www.parts-express.com/Dayton-Audio-PMPC-3.0-3.0uF-250V-Precision-Audio-Capacitor-027-220,1.19
027-418,Dayton Audio DMPC-3.0 3.0uF 250V Polypropylene C,3.0,5.0,250.0,Metalized Polypropylene,https://www.parts-express.com/Dayton-Audio-DMPC-3.0-3.0uF-250V-Polypropylene-Capacitor-027-418,1.81
027-542,Solen 3.0uF 400V Polypropylene Capacitor,3.0,5.0,400.0,Metalized Polypropylene,https://www.parts-express.com/Solen-3.0uF-400V-Polypropylene-Capacitor-027-542,1.19
027-222,Dayton Audio PMPC-3.3 3.3uF 250V Precision Audio C,3.3,1.0,250.0,Metalized Polypropylene,https://www.parts-express.com/Dayton-Audio-PMPC-3.3-3.3uF-250V-Precision-Audio-Capacitor-027-222,1.29
027-486,Jantzen 0554 3.3uF 800V Z-Superior Capacitor,3.3,2.0,800.0,Metalized Polypropylene,https://www.parts-express.com/Jantzen-0554-3.3uF-800V-Z-Superior-Capacitor-027-486,34.46
027-776,Jantzen 0654 3.3uF 800V Z-Silver Capacitor,3.3,2.0,800.0,Metalized Polypropylene,https://www.parts-express.com/Jantzen-0654-3.3uF-800V-Z-Silver-Capacitor-027-776,
027-136,Audyn Cap Plus 3.3uF 800V Double Layer MKP Foil C,3.3,2.0,800.0,Metalized Polypropylene,https://www.parts-express.com/Audyn-Cap-Plus-3.3uF-800V-Double-Layer-MKP-Foil-Capacitor-027-136,20.01
027-4610,Jantzen 7035 3.3uF Alumen Z-Cap 100 VDC Aluminum Fo,3.3,3.0,100.0,Film and Foil,https://www.parts-express.com/Jantzen-7035-3.3uF-Alumen-Z-Cap-100-VDC-Aluminum-Foil-Capacitor-027-4610,58.94
027-420,Dayton Audio DMPC-3.3 3.3uF 250V Polypropylene C,3.3,5.0,250.0,Metalized Polypropylene,https://www.parts-express.com/Dayton-Audio-DMPC-3.3-3.3uF-250V-Polypropylene-Capacitor-027-420,2.06
027-920,Jantzen 0242 3.3uF 400V Crosscap Capacitor,3.3,5.0,400.0,Metalized Polypropylene,https://www.parts-express.com/Jantzen-0242-3.3uF-400V-Crosscap-Capacitor-027-920,34.46
027-112,Audyn Cap Q4 3.3uF 400V MKP Foil Capacitor,3.3,5.0,400.0,Metalized Polypropylene,https://www.parts-express.com/Audyn-Cap-Q4-3.3uF-400V-MKP-Foil-Capacitor-027-112,3.73
027-544,Solen 3.3uF 400V Polypropylene Capacitor,3.3,5.0,400.0,Metalized Polypropylene,https://www.parts-express.com/Solen-3.3uF-400V-Polypropylene-Capacitor-027-544,1.29
027-270,Jantzen 0425 3.3uF 400V Z-Standard Capacitor,3.3,5.0,400.0,Metalized Polypropylene,https://www.parts-express.com/Jantzen-0425-3.3uF-400V-Z-Standard-Capacitor-027-270,2.06
027-328,3.3uF 100V Non-Polarized Capacitor,3.3,10.0,100.0,Non-Polarized Electrolytic,https://www.parts-express.com/3.3uF-100V-Non-Polarized-Capacitor-027-328,0.89
027-778,Jantzen 0658 3.9uF 800V Z-Silver Capacitor,3.9,2.0,800.0,Metalized Polypropylene,https://www.parts-express.com/Jantzen-0658-3.9uF-800V-Z-Silver-Capacitor-027-778,38.19
027-488,Jantzen 0558 3.9uF 800V Z-Superior Capacitor,3.9,2.0,800.0,Metalized Polypropylene,https://www.parts-express.com/Jantzen-0558-3.9uF-800V-Z-Superior-Capacitor-027-488,4.06
027-113,Audyn Cap Q4 3.9uF 400V MKP Foil Capacitor,3.9,5.0,400.0,Metalized Polypropylene,https://www.parts-express.com/Audyn-Cap-Q4-3.9uF-400V-MKP-Foil-Capacitor-027-113,3.91
027-272,Jantzen 0431 3.9uF 400V Z-Standard Capacitor,3.9,5.0,400.0,Metalized Polypropylene,https://www.parts-express.com/Jantzen-0431-3.9uF-400V-Z-Standard-Capacitor-027-272,23.15
027-548,Solen 3.9uF 400V Polypropylene Capacitor,3.9,5.0,400.0,Metalized Polypropylene,https://www.parts-express.com/Solen-3.9uF-400V-Polypropylene-Capacitor-027-548,6.82
027-922,Jantzen 0246 3.9uF 400V Crosscap Capacitor,3.9,5.0,400.0,Metalized Polypropylene,https://www.parts-express.com/Jantzen-0246-3.9uF-400V-Crosscap-Capacitor-027-922,6.82
027-226,Dayton Audio PMPC-4.0 4.0uF 250V Precision Audio C,4.0,1.0,250.0,Metalized Polypropylene,https://www.parts-express.com/Dayton-Audio-PMPC-4.0-4.0uF-250V-Precision-Audio-Capacitor-027-226,1.39
027-421,Dayton Audio DMPC-4.0 4.0uF 250V Polypropylene C,4.0,5.0,250.0,Metalized Polypropylene,https://www.parts-express.com/Dayton-Audio-DMPC-4.0-4.0uF-250V-Polypropylene-Capacitor-027-421,4.69
027-330,4.0uF 100V Non-Polarized Capacitor,4.0,10.0,100.0,Non-Polarized Electrolytic,https://www.parts-express.com/4.0uF-100V-Non-Polarized-Capacitor-027-330,0.89
027-419,Dayton Audio DMPC-4.3 4.3uF 250V Polypropylene C,4.3,5.0,250.0,Metalized Polypropylene,https://www.parts-express.com/Dayton-Audio-DMPC-4.3-4.3uF-250V-Polypropylene-Capacitor-027-419,1.59
027-550,Solen 4.3uF 400V Polypropylene Capacitor,4.3,5.0,400.0,Metalized Polypropylene,https://www.parts-express.com/Solen-4.3uF-400V-Polypropylene-Capacitor-027-550,1.59
027-230,Dayton Audio PMPC-4.7 4.7uF 250V Precision Audio C,4.7,1.0,250.0,Metalized Polypropylene,https://www.parts-express.com/Dayton-Audio-PMPC-4.7-4.7uF-250V-Precision-Audio-Capacitor-027-230,1.69
027-780,Jantzen 0662 4.7uF 800V Z-Silver Capacitor,4.7,2.0,800.0,Metalized Polypropylene,https://www.parts-express.com/Jantzen-0662-4.7uF-800V-Z-Silver-Capacitor-027-780,24.58
027-490,Jantzen 0562 4.7uF 800V Z-Superior Capacitor,4.7,2.0,800.0,Metalized Polypropylene,https://www.parts-express.com/Jantzen-0562-4.7uF-800V-Z-Superior-Capacitor-027-490,4.31
027-137,Audyn Cap Plus 4.7uF 800V Double Layer MKP Foil C,4.7,2.0,1200.0,Metalized Polypropylene,https://www.parts-express.com/Audyn-Cap-Plus-4.7uF-800V-Double-Layer-MKP-Foil-Capacitor-027-137,24.17
027-4614,Jantzen 7040 4.7uF Alumen Z-Cap 100 VDC Aluminum Fo,4.7,3.0,100.0,Film and Foil,https://www.parts-express.com/Jantzen-7040-4.7uF-Alumen-Z-Cap-100-VDC-Aluminum-Foil-Capacitor-027-4614,66.67
027-422,Dayton Audio DMPC-4.7 4.7uF 250V Polypropylene C,4.7,5.0,250.0,Metalized Polypropylene,https://www.parts-express.com/Dayton-Audio-DMPC-4.7-4.7uF-250V-Polypropylene-Capacitor-027-422,4.89
027-924,Jantzen 0250 4.7uF 400V Crosscap Capacitor,4.7,5.0,400.0,Metalized Polypropylene,https://www.parts-express.com/Jantzen-0250-4.7uF-400V-Crosscap-Capacitor-027-924,2.83
027-552,Solen 4.7uF 400V Polypropylene Capacitor,4.7,5.0,400.0,Metalized Polypropylene,https://www.parts-express.com/Solen-4.7uF-400V-Polypropylene-Capacitor-027-552,1.69
027-274,Jantzen 0434 4.7uF 400V Z-Standard Capacitor,4.7,5.0,400.0,Metalized Polypropylene,https://www.parts-express.com/Jantzen-0434-4.7uF-400V-Z-Standard-Capacitor-027-274,
027-114,Audyn Cap Q4 4.7uF 400V MKP Foil Capacitor,4.7,5.0,400.0,Metalized Polypropylene,https://www.parts-express.com/Audyn-Cap-Q4-4.7uF-400V-MKP-Foil-Capacitor-027-114,4.5
027-332,4.7uF 100V Non-Polarized Capacitor,4.7,10.0,100.0,Non-Polarized Electrolytic,https://www.parts-express.com/4.7uF-100V-Non-Polarized-Capacitor-027-332,0.89
027-232,Dayton Audio PMPC-5.1 5.1uF 250V Precision Audio C,5.1,1.0,250.0,Metalized Polypropylene,https://www.parts-express.com/Dayton-Audio-PMPC-5.1-5.1uF-250V-Precision-Audio-Capacitor-027-232,5.19
027-423,Dayton Audio DMPC-5.1 5.1uF 250V Polypropylene C,5.1,5.0,250.0,Metalized Polypropylene,https://www.parts-express.com/Dayton-Audio-DMPC-5.1-5.1uF-250V-Polypropylene-Capacitor-027-423,5.19
027-554,Solen 5.1uF 400V Polypropylene Capacitor,5.1,5.0,400.0,Metalized Polypropylene,https://www.parts-express.com/Solen-5.1uF-400V-Polypropylene-Capacitor-027-554,1.79
027-234,Dayton Audio PMPC-5.6 5.6uF 250V Precision Audio C,5.6,1.0,250.0,Metalized Polypropylene,https://www.parts-express.com/Dayton-Audio-PMPC-5.6-5.6uF-250V-Precision-Audio-Capacitor-027-234,1.89
027-782,Jantzen 0666 5.6uF 800V Z-Silver Capacitor,5.6,2.0,800.0,Metalized Polypropylene,https://www.parts-express.com/Jantzen-0666-5.6uF-800V-Z-Silver-Capacitor-027-782,27.04
027-492,Jantzen 0566 5.6uF 800V Z-Superior Capacitor,5.6,2.0,800.0,Metalized Polypropylene,https://www.parts-express.com/Jantzen-0566-5.6uF-800V-Z-Superior-Capacitor-027-492,45.06
027-138,Audyn Cap Plus 5.6uF 800V Double Layer MKP Foil C,5.6,2.0,800.0,Metalized Polypropylene,https://www.parts-express.com/Audyn-Cap-Plus-5.6uF-800V-Double-Layer-MKP-Foil-Capacitor-027-138,28.57
027-425,Dayton Audio DMPC-5.6 5.6uF 250V Polypropylene C,5.6,5.0,250.0,Metalized Polypropylene,https://www.parts-express.com/Dayton-Audio-DMPC-5.6-5.6uF-250V-Polypropylene-Capacitor-027-425,5.29
027-556,Solen 5.6uF 400V Polypropylene Capacitor,5.6,5.0,400.0,Metalized Polypropylene,https://www.parts-express.com/Solen-5.6uF-400V-Polypropylene-Capacitor-027-556,1.89
027-926,Jantzen 0254 5.6uF 400V Crosscap Capacitor,5.6,5.0,400.0,Metalized Polypropylene,https://www.parts-express.com/Jantzen-0254-5.6uF-400V-Crosscap-Capacitor-027-926,3.71
027-276,Jantzen 0437 5.6uF 400V Z-Standard Capacitor,5.6,5.0,400.0,Metalized Polypropylene,https://www.parts-express.com/Jantzen-0437-5.6uF-400V-Z-Standard-Capacitor-027-276,4.56
027-115,Audyn Cap Q4 5.6uF 400V MKP Foil Capacitor,5.6,5.0,400.0,Metalized Polypropylene,https://www.parts-express.com/Audyn-Cap-Q4-5.6uF-400V-MKP-Foil-Capacitor-027-115,4.98
027-334,5.6uF 100V Non-Polarized Capacitor,5.6,10.0,100.0,Non-Polarized Electrolytic,https://www.parts-express.com/5.6uF-100V-Non-Polarized-Capacitor-027-334,0.99
027-236,Dayton Audio PMPC-6.2 6.2uF 250V Precision Audio C,6.2,1.0,250.0,Metalized Polypropylene,https://www.parts-express.com/Dayton-Audio-PMPC-6.2-6.2uF-250V-Precision-Audio-Capacitor-027-236,1.99
027-427,Dayton Audio DMPC-6.2 6.2uF 250V Polypropylene C,6.2,5.0,250.0,Metalized Polypropylene,https://www.parts-express.com/Dayton-Audio-DMPC-6.2-6.2uF-250V-Polypropylene-Capacitor-027-427,5.79
027-558,Solen 6.2uF 400V Polypropylene Capacitor,6.2,5.0,400.0,Metalized Polypropylene,https://www.parts-express.com/Solen-6.2uF-400V-Polypropylene-Capacitor-027-558,1.99
027-238,Dayton Audio PMPC-6.8 6.8uF 250V Precision Audio C,6.8,1.0,250.0,Metalized Polypropylene,https://www.parts-express.com/Dayton-Audio-PMPC-6.8-6.8uF-250V-Precision-Audio-Capacitor-027-238,3.09
027-139,Audyn Cap Plus 6.8uF 800V Double Layer MKP Foil C,6.8,2.0,800.0,Metalized Polypropylene,https://www.parts-express.com/Audyn-Cap-Plus-6.8uF-800V-Double-Layer-MKP-Foil-Capacitor-027-139,30.51
027-784,Jantzen 0670 6.8uF 800V Z-Silver Capacitor,6.8,2.0,800.0,Metalized Polypropylene,https://www.parts-express.com/Jantzen-0670-6.8uF-800V-Z-Silver-Capacitor-027-784,47.21
027-494,Jantzen 0570 6.8uF 800V Z-Superior Capacitor,6.8,2.0,800.0,Metalized Polypropylene,https://www.parts-express.com/Jantzen-0570-6.8uF-800V-Z-Superior-Capacitor-027-494,3.96
027-4618,Jantzen 7050 6.8uF Alumen Z-Cap 100 VDC Aluminum Fo,6.8,3.0,100.0,Film and Foil,https://www.parts-express.com/Jantzen-7050-6.8uF-Alumen-Z-Cap-100-VDC-Aluminum-Foil-Capacitor-027-4618,78.65
027-424,Dayton Audio DMPC-6.8 6.8uF 250V Polypropylene C,6.8,5.0,250.0,Metalized Polypropylene,https://www.parts-express.com/Dayton-Audio-DMPC-6.8-6.8uF-250V-Polypropylene-Capacitor-027-424,3.96
027-928,Jantzen 0258 6.8uF 400V Crosscap Capacitor,6.8,5.0,400.0,Metalized Polypropylene,https://www.parts-express.com/Jantzen-0258-6.8uF-400V-Crosscap-Capacitor-027-928,6.98
027-278,Jantzen 0440 6.8uF 400V Z-Standard Capacitor,6.8,5.0,400.0,Metalized Polypropylene,https://www.parts-express.com/Jantzen-0440-6.8uF-400V-Z-Standard-Capacitor-027-278,3.96
027-560,Solen 6.8uF 400V Polypropylene Capacitor,6.8,5.0,400.0,Metalized Polypropylene,https://www.parts-express.com/Solen-6.8uF-400V-Polypropylene-Capacitor-027-560,1.99
027-116,Audyn Cap Q4 6.8uF 400V MKP Foil Capacitor,6.8,5.0,400.0,Metalized Polypropylene,https://www.parts-express.com/Audyn-Cap-Q4-6.8uF-400V-MKP-Foil-Capacitor-027-116,5.94
027-336,6.8uF 100V Non-Polarized Capacitor,6.8,10.0,100.0,Non-Polarized Electrolytic,https://www.parts-express.com/6.8uF-100V-Non-Polarized-Capacitor-027-336,1.09
027-429,Dayton Audio DMPC-7.5 7.5uF 250V Polypropylene C,7.5,5.0,250.0,Metalized Polypropylene,https://www.parts-express.com/Dayton-Audio-DMPC-7.5-7.5uF-250V-Polypropylene-Capacitor-027-429,2.29
027-562,Solen 7.5uF 400V Polypropylene Capacitor,7.5,5.0,400.0,Metalized Polypropylene,https://www.parts-express.com/Solen-7.5uF-400V-Polypropylene-Capacitor-027-562,2.29
027-338,8.0uF 100V Non-Polarized Capacitor,8.0,10.0,100.0,Non-Polarized Electrolytic,https://www.parts-express.com/8.0uF-100V-Non-Polarized-Capacitor-027-338,1.09
027-242,Dayton Audio PMPC-8.2 8.2uF 250V Precision Audio C,8.2,1.0,250.0,Metalized Polypropylene,https://www.parts-express.com/Dayton-Audio-PMPC-8.2-8.2uF-250V-Precision-Audio-Capacitor-027-242,2.39
027-496,Jantzen 0574 8.2uF 800V Z-Superior Capacitor,8.2,2.0,800.0,Metalized Polypropylene,https://www.parts-express.com/Jantzen-0574-8.2uF-800V-Z-Superior-Capacitor-027-496,35.87
027-140,Audyn Cap Plus 8.2uF 800V Double Layer MKP Foil C,8.2,2.0,800.0,Metalized Polypropylene,https://www.parts-express.com/Audyn-Cap-Plus-8.2uF-800V-Double-Layer-MKP-Foil-Capacitor-027-140,37.49
027-4620,Jantzen 7055 8.2uF Alumen Z-Cap 100 VDC Aluminum Fo,8.2,3.0,100.0,Film and Foil,https://www.parts-express.com/Jantzen-7055-8.2uF-Alumen-Z-Cap-100-VDC-Aluminum-Foil-Capacitor-027-4620,87.4
027-426,Dayton Audio DMPC-8.2 8.2uF 250V Polypropylene C,8.2,5.0,250.0,Metalized Polypropylene,https://www.parts-express.com/Dayton-Audio-DMPC-8.2-8.2uF-250V-Polypropylene-Capacitor-027-426,2.81
027-117,Audyn Cap Q4 8.2uF 400V MKP Foil Capacitor,8.2,5.0,400.0,Metalized Polypropylene,https://www.parts-express.com/Audyn-Cap-Q4-8.2uF-400V-MKP-Foil-Capacitor-027-117,7.11
027-564,Solen 8.2uF 400V Polypropylene Capacitor,8.2,5.0,400.0,Metalized Polypropylene,https://www.parts-express.com/Solen-8.2uF-400V-Polypropylene-Capacitor-027-564,2.39
027-280,Jantzen 0443 8.2uF 400V Z-Standard Capacitor,8.2,5.0,400.0,Metalized Polypropylene,https://www.parts-express.com/Jantzen-0443-8.2uF-400V-Z-Standard-Capacitor-027-280,7.38
027-930,Jantzen 0262 8.2uF 400V Crosscap Capacitor,8.2,5.0,400.0,Metalized Polypropylene,https://www.parts-express.com/Jantzen-0262-8.2uF-400V-Crosscap-Capacitor-027-930,9.34
027-566,Solen 9.1uF 400V Poylpropylene Capacitor,9.1,5.0,400.0,Metalized Polypropylene,https://www.parts-express.com/Solen-9.1uF-400V-Poylpropylene-Capacitor-027-566,9.83
027-931,Jantzen 0263 9.1uF 400V Crosscap Capacitor,9.1,5.0,400.0,Metalized Polypropylene,https://www.parts-express.com/Jantzen-0263-9.1uF-400V-Crosscap-Capacitor-027-931,4.88
027-244,Dayton Audio PMPC-10 10uF 250V Precision Audio C,10.0,1.0,250.0,Metalized Polypropylene,https://www.parts-express.com/Dayton-Audio-PMPC-10-10uF-250V-Precision-Audio-Capacitor-027-244,8.35
027-788,Jantzen 0678 10uF 800V Z-Silver Capacitor,10.0,2.0,800.0,Metalized Polypropylene,https://www.parts-express.com/Jantzen-0678-10uF-800V-Z-Silver-Capacitor-027-788,68.29
027-141,Audyn Cap Plus 10uF 800V Double Layer MKP Foil C,10.0,2.0,800.0,Metalized Polypropylene,https://www.parts-express.com/Audyn-Cap-Plus-10uF-800V-Double-Layer-MKP-Foil-Capacitor-027-141,48.29
027-497,Jantzen 0578 10uF 800V Z-Superior Capacitor,10.0,2.0,800.0,Metalized Polypropylene,https://www.parts-express.com/Jantzen-0578-10uF-800V-Z-Superior-Capacitor-027-497,43.5
027-4022,Jantzen 7060 10.0uF Alumen Z-Cap 100 VDC Aluminum F,10.0,3.0,100.0,Film and Foil,https://www.parts-express.com/Jantzen-7060-10.0uF-Alumen-Z-Cap-100-VDC-Aluminum-Foil-Capacitor-027-4022,95.85
027-428,Dayton Audio DMPC-10 10uF 250V Polypropylene C,10.0,5.0,250.0,Metalized Polypropylene,https://www.parts-express.com/Dayton-Audio-DMPC-10-10uF-250V-Polypropylene-Capacitor-027-428,7.34
027-568,Solen 10uF 400V Polypropylene Capacitor,10.0,5.0,400.0,Metalized Polypropylene,https://www.parts-express.com/Solen-10uF-400V-Polypropylene-Capacitor-027-568,3.09
027-282,Jantzen 0446 10uF 400V Z-Standard Capacitor,10.0,5.0,400.0,Metalized Polypropylene,https://www.parts-express.com/Jantzen-0446-10uF-400V-Z-Standard-Capacitor-027-282,8.35
027-932,Jantzen 0264 10uF 400V Crosscap Capacitor,10.0,5.0,400.0,Metalized Polypropylene,https://www.parts-express.com/Jantzen-0264-10uF-400V-Crosscap-Capacitor-027-932,7.4
027-118,Audyn Cap Q4 10uF 400V MKP Foil Capacitor,10.0,5.0,400.0,Metalized Polypropylene,https://www.parts-express.com/Audyn-Cap-Q4-10uF-400V-MKP-Foil-Capacitor-027-118,7.34
027-648,Solen 10uF 700V Silver MKP Metallized Polypropylene,10.0,5.0,700.0,Metalized Polypropylene,https://www.parts-express.com/Solen-10uF-700V-Silver-MKP-Metallized-Polypropylene-Crossove-027-648,68.16
027-340,10uF 100V Non-Polarized Capacitor,10.0,10.0,100.0,Non-Polarized Electrolytic,https://www.parts-express.com/10uF-100V-Non-Polarized-Capacitor-027-340,1.09
027-740,Audiocap PPT Theta 10uF 200V Film/Foil Capacitor,10.0,10.0,200.0,Film and Foil,https://www.parts-express.com/Audiocap-PPT-Theta-10uF-200V-Film-Foil-Capacitor-027-740,
027-571,Solen 11uF 400V Polypropylene Capacitor,11.0,5.0,400.0,Metalized Polypropylene,https://www.parts-express.com/Solen-11uF-400V-Polypropylene-Capacitor-027-571,11.13
027-246,Dayton Audio PMPC-12 12uF 250V Precision Audio C,12.0,1.0,250.0,Metalized Polypropylene,https://www.parts-express.com/Dayton-Audio-PMPC-12-12uF-250V-Precision-Audio-Capacitor-027-246,3.59
027-430,Dayton Audio DMPC-12 12uF 250V Polypropylene C,12.0,5.0,250.0,Metalized Polypropylene,https://www.parts-express.com/Dayton-Audio-DMPC-12-12uF-250V-Polypropylene-Capacitor-027-430,7.78
027-934,Jantzen 0266 12uF 400V Crosscap Capacitor,12.0,5.0,400.0,Metalized Polypropylene,https://www.parts-express.com/Jantzen-0266-12uF-400V-Crosscap-Capacitor-027-934,8.1
027-162,Audyn Cap Q4 12uF 400V MKP Foil Capacitor,12.0,5.0,400.0,Metalized Polypropylene,https://www.parts-express.com/Audyn-Cap-Q4-12uF-400V-MKP-Foil-Capacitor-027-162,7.78
027-572,Solen 12uF 400V Polypropylene Capacitor,12.0,5.0,400.0,Metalized Polypropylene,https://www.parts-express.com/Solen-12uF-400V-Polypropylene-Capacitor-027-572,3.59
027-342,12uF 100V Non-Polarized Capacitor,12.0,10.0,100.0,Non-Polarized Electrolytic,https://www.parts-express.com/12uF-100V-Non-Polarized-Capacitor-027-342,3.59
027-248,Dayton Audio PMPC-15 15uF 250V Precision Audio C,15.0,1.0,250.0,Metalized Polypropylene,https://www.parts-express.com/Dayton-Audio-PMPC-15-15uF-250V-Precision-Audio-Capacitor-027-248,4.19
027-790,Jantzen 0686 15uF 800V Z-Silver Capacitor,15.0,2.0,800.0,Metalized Polypropylene,https://www.parts-express.com/Jantzen-0686-15uF-800V-Z-Silver-Capacitor-027-790,53.81
027-498,Jantzen 0586 15uF 800V Z-Superior Capacitor,15.0,2.0,800.0,Metalized Polypropylene,https://www.parts-express.com/Jantzen-0586-15uF-800V-Z-Superior-Capacitor-027-498,75.31
027-432,Dayton Audio DMPC-15 15uF 250V Polypropylene C,15.0,5.0,250.0,Metalized Polypropylene,https://www.parts-express.com/Dayton-Audio-DMPC-15-15uF-250V-Polypropylene-Capacitor-027-432,12.29
027-284,Jantzen 0449 15uF 400V Z-Standard Capacitor,15.0,5.0,400.0,Metalized Polypropylene,https://www.parts-express.com/Jantzen-0449-15uF-400V-Z-Standard-Capacitor-027-284,12.56
027-119,Audyn Cap Q4 15uF 400V MKP Foil Capacitor,15.0,5.0,400.0,Metalized Polypropylene,https://www.parts-express.com/Audyn-Cap-Q4-15uF-400V-MKP-Foil-Capacitor-027-119,8.45
027-936,Jantzen 0268 15uF 400V Crosscap Capacitor,15.0,5.0,400.0,Metalized Polypropylene,https://www.parts-express.com/Jantzen-0268-15uF-400V-Crosscap-Capacitor-027-936,8.56
027-576,Solen 15uF 400V Polypropylene Capacitor,15.0,5.0,400.0,Metalized Polypropylene,https://www.parts-express.com/Solen-15uF-400V-Polypropylene-Capacitor-027-576,4.19
027-344,15uF 100V Non-Polarized Capacitor,15.0,10.0,100.0,Non-Polarized Electrolytic,https://www.parts-express.com/15uF-100V-Non-Polarized-Capacitor-027-344,4.19
027-578,Solen 16uF 400V Polypropylene Capacitor,16.0,5.0,400.0,Metalized Polypropylene,https://www.parts-express.com/Solen-16uF-400V-Polypropylene-Capacitor-027-578,12.24
027-346,17uF 100V Non-Polarized Capacitor,17.0,10.0,100.0,Non-Polarized Electrolytic,https://www.parts-express.com/17uF-100V-Non-Polarized-Capacitor-027-346,1.29
027-434,Dayton Audio DMPC-18 18uF 250V Polypropylene C,18.0,5.0,250.0,Metalized Polypropylene,https://www.parts-express.com/Dayton-Audio-DMPC-18-18uF-250V-Polypropylene-Capacitor-027-434,4.79
027-580,Solen 18uF 400V Polypropylene Capacitor,18.0,5.0,400.0,Metalized Polypropylene,https://www.parts-express.com/Solen-18uF-400V-Polypropylene-Capacitor-027-580,4.79
027-938,Jantzen 0270 18uF 400V Crosscap Capacitor,18.0,5.0,400.0,Metalized Polypropylene,https://www.parts-express.com/Jantzen-0270-18uF-400V-Crosscap-Capacitor-027-938,10.02
027-252,Dayton Audio PMPC-20 20uF 250V Precision Audio C,20.0,1.0,250.0,Metalized Polypropylene,https://www.parts-express.com/Dayton-Audio-PMPC-20-20uF-250V-Precision-Audio-Capacitor-027-252,12.79
027-436,Dayton Audio DMPC-20 20uF 250V Polypropylene C,20.0,5.0,250.0,Metalized Polypropylene,https://www.parts-express.com/Dayton-Audio-DMPC-20-20uF-250V-Polypropylene-Capacitor-027-436,6.25
027-939,Jantzen 0271 20uF 400V Crosscap Capacitor,20.0,5.0,400.0,Metalized Polypropylene,https://www.parts-express.com/Jantzen-0271-20uF-400V-Crosscap-Capacitor-027-939,11.25
027-582,Solen 20uF 400V Polypropylene Capacitor,20.0,5.0,400.0,Metalized Polypropylene,https://www.parts-express.com/Solen-20uF-400V-Polypropylene-Capacitor-027-582,5.09
027-143,Audyn Cap Plus 22uF 800V Double Layer MKP Foil C,22.0,2.0,800.0,Metalized Polypropylene,https://www.parts-express.com/Audyn-Cap-Plus-22uF-800V-Double-Layer-MKP-Foil-Capacitor-027-143,72.36
027-940,Jantzen 0272 22uF 400V Crosscap Capacitor,22.0,5.0,400.0,Metalized Polypropylene,https://www.parts-express.com/Jantzen-0272-22uF-400V-Crosscap-Capacitor-027-940,11.37
027-286,Jantzen 0455 22uF 400V Z-Standard Capacitor,22.0,5.0,400.0,Metalized Polypropylene,https://www.parts-express.com/Jantzen-0455-22uF-400V-Z-Standard-Capacitor-027-286,16.35
027-120,Audyn Cap Q4 22uF 400V MKP Foil Capacitor,22.0,5.0,400.0,Metalized Polypropylene,https://www.parts-express.com/Audyn-Cap-Q4-22uF-400V-MKP-Foil-Capacitor-027-120,
027-348,22uF 100V Non-Polarized Capacitor,22.0,10.0,100.0,Non-Polarized Electrolytic,https://www.parts-express.com/22uF-100V-Non-Polarized-Capacitor-027-348,1.29
027-586,Solen 24uF 400V Polypropylene Capacitor,24.0,5.0,400.0,Metalized Polypropylene,https://www.parts-express.com/Solen-24uF-400V-Polypropylene-Capacitor-027-586,16.1
027-256,Dayton Audio PMPC-25 25uF 250V Precision Audio C,25.0,1.0,250.0,Metalized Polypropylene,https://www.parts-express.com/Dayton-Audio-PMPC-25-25uF-250V-Precision-Audio-Capacitor-027-256,6.29
027-438,Dayton Audio DMPC-25 25uF 250V Polypropylene C,25.0,5.0,250.0,Metalized Polypropylene,https://www.parts-express.com/Dayton-Audio-DMPC-25-25uF-250V-Polypropylene-Capacitor-027-438,17.69
027-439,Dayton Audio DMPC-27 27uF 250V Polypropylene C,27.0,5.0,250.0,Metalized Polypropylene,https://www.parts-express.com/Dayton-Audio-DMPC-27-27uF-250V-Polypropylene-Capacitor-027-439,6.99
027-588,Solen 27uF 400V Polypropylene Capacitor,27.0,5.0,400.0,Metalized Polypropylene,https://www.parts-express.com/Solen-27uF-400V-Polypropylene-Capacitor-027-588,18.49
027-942,Jantzen 0274 27uF 400V Crosscap Capacitor,27.0,5.0,400.0,Metalized Polypropylene,https://www.parts-express.com/Jantzen-0274-27uF-400V-Crosscap-Capacitor-027-942,12.17
027-440,Dayton Audio DMPC-30 30uF 250V Polypropylene C,30.0,5.0,250.0,Metalized Polypropylene,https://www.parts-express.com/Dayton-Audio-DMPC-30-30uF-250V-Polypropylene-Capacitor-027-440,7.69
027-590,Solen 30uF 400V Polypropylene Capacitor 027-590,30.0,5.0,400.0,Metalized Polypropylene,https://www.parts-express.com/Solen-30uF-400V-Polypropylene-Capacitor-027-590,7.69
027-441,Dayton Audio DMPC-33 33uF 250V Polypropylene C,33.0,5.0,250.0,Metalized Polypropylene,https://www.parts-express.com/Dayton-Audio-DMPC-33-33uF-250V-Polypropylene-Capacitor-027-441,9.29
027-288,Jantzen 0458 33uF 400V Z-Standard Capacitor,33.0,5.0,400.0,Metalized Polypropylene,https://www.parts-express.com/Jantzen-0458-33uF-400V-Z-Standard-Capacitor-027-288,22.27
027-121,Audyn Cap Q4 33uF 400V MKP Foil Capacitor,33.0,5.0,400.0,Metalized Polypropylene,https://www.parts-express.com/Audyn-Cap-Q4-33uF-400V-MKP-Foil-Capacitor-027-121,15.07
027-592,Solen 33uF 400V Polypropylene Capacitor,33.0,5.0,400.0,Metalized Polypropylene,https://www.parts-express.com/Solen-33uF-400V-Polypropylene-Capacitor-027-592,9.29
027-944,Jantzen 0278 33uF 400V Crosscap Capacitor,33.0,5.0,400.0,Metalized Polypropylene,https://www.parts-express.com/Jantzen-0278-33uF-400V-Crosscap-Capacitor-027-944,14.69
027-350,33uF 100V Non-Polarized Capacitor,33.0,10.0,100.0,Non-Polarized Electrolytic,https://www.parts-express.com/33uF-100V-Non-Polarized-Capacitor-027-350,1.49
027-594,Solen 36uF 400V Polypropylene Capacitor,36.0,5.0,400.0,Metalized Polypropylene,https://www.parts-express.com/Solen-36uF-400V-Polypropylene-Capacitor-027-594,24.68
027-946,Jantzen 0280 39uF 400V Crosscap Capacitor,39.0,5.0,400.0,Metalized Polypropylene,https://www.parts-express.com/Jantzen-0280-39uF-400V-Crosscap-Capacitor-027-946,9.89
027-596,Solen 39uF 400V Polypropylene Capacitor,39.0,5.0,400.0,Metalized Polypropylene,https://www.parts-express.com/Solen-39uF-400V-Polypropylene-Capacitor-027-596,19.02
027-260,Dayton Audio PMPC-40 40uF 250V Precision Audio C,40.0,1.0,250.0,Metalized Polypropylene,https://www.parts-express.com/Dayton-Audio-PMPC-40-40uF-250V-Precision-Audio-Capacitor-027-260,9.89
027-442,Dayton Audio DMPC-40 40uF 250V Polypropylene C,40.0,5.0,250.0,Metalized Polypropylene,https://www.parts-express.com/Dayton-Audio-DMPC-40-40uF-250V-Polypropylene-Capacitor-027-442,19.02
027-448,Dayton Audio DMPC-47 47uF 250V Polypropylene C,47.0,5.0,250.0,Metalized Polypropylene,https://www.parts-express.com/Dayton-Audio-DMPC-47-47uF-250V-Polypropylene-Capacitor-027-448,12.99
027-122,Audyn Cap Q4 47uF 400V MKP Foil Capacitor,47.0,5.0,400.0,Metalized Polypropylene,https://www.parts-express.com/Audyn-Cap-Q4-47uF-400V-MKP-Foil-Capacitor-027-122,20.86
027-600,Solen 47uF 400V Polypropylene Capacitor,47.0,5.0,400.0,Metalized Polypropylene,https://www.parts-express.com/Solen-47uF-400V-Polypropylene-Capacitor-027-600,12.99
027-289,Jantzen 0461 47uF 400V Z-Standard Capacitor,47.0,5.0,400.0,Metalized Polypropylene,https://www.parts-express.com/Jantzen-0461-47uF-400V-Z-Standard-Capacitor-027-289,31.71
027-948,Jantzen 0282 47uF 400V Crosscap Capacitor,47.0,5.0,400.0,Metalized Polypropylene,https://www.parts-express.com/Jantzen-0282-47uF-400V-Crosscap-Capacitor-027-948,20.6
027-352,47uF 100V Non-Polarized Capacitor,47.0,10.0,100.0,Non-Polarized Electrolytic,https://www.parts-express.com/47uF-100V-Non-Polarized-Capacitor-027-352,2.19
027-443,Dayton Audio DMPC-50 50uF 250V Polypropylene C,50.0,5.0,250.0,Metalized Polypropylene,https://www.parts-express.com/Dayton-Audio-DMPC-50-50uF-250V-Polypropylene-Capacitor-027-443,24.98
027-354,50uF 100V Non-Polarized Capacitor,50.0,10.0,100.0,Non-Polarized Electrolytic,https://www.parts-express.com/50uF-100V-Non-Polarized-Capacitor-027-354,
027-602,Solen 51uF 400V Polypropylene Capacitor,51.0,5.0,400.0,Metalized Polypropylene,https://www.parts-express.com/Solen-51uF-400V-Polypropylene-Capacitor-027-602,13.89
027-950,Jantzen 0284 56uF 400V Crosscap Capacitor,56.0,5.0,400.0,Metalized Polypropylene,https://www.parts-express.com/Jantzen-0284-56uF-400V-Crosscap-Capacitor-027-950,24.42
027-444,Dayton Audio DMPC-60 60uF 250V Polypropylene C,60.0,5.0,250.0,Metalized Polypropylene,https://www.parts-express.com/Dayton-Audio-DMPC-60-60uF-250V-Polypropylene-Capacitor-027-444,17.49
027-123,Audyn Cap Q4 68uF 400V MKP Foil Capacitor,68.0,5.0,400.0,Metalized Polypropylene,https://www.parts-express.com/Audyn-Cap-Q4-68uF-400V-MKP-Foil-Capacitor-027-123,27.41
027-952,Jantzen 0286 68uF 400V Crosscap Capacitor,68.0,5.0,400.0,Metalized Polypropylene,https://www.parts-express.com/Jantzen-0286-68uF-400V-Crosscap-Capacitor-027-952,26.38
027-608,Solen 68uF 400V Polypropylene Capacitor,68.0,5.0,400.0,Metalized Polypropylene,https://www.parts-express.com/Solen-68uF-400V-Polypropylene-Capacitor-027-608,34.98
027-356,68uF 100V Non-Polarized Capacitor,68.0,10.0,100.0,Non-Polarized Electrolytic,https://www.parts-express.com/68uF-100V-Non-Polarized-Capacitor-027-356,2.49
027-358,80uF 100V Non-Polarized Capacitor,80.0,10.0,100.0,Non-Polarized Electrolytic,https://www.parts-express.com/80uF-100V-Non-Polarized-Capacitor-027-358,2.79
027-954,Jantzen 0288 82uF 400V Crosscap Capacitor,82.0,5.0,400.0,Metalized Polypropylene,https://www.parts-express.com/Jantzen-0288-82uF-400V-Crosscap-Capacitor-027-954,30.92
027-612,Solen 82uF 400V Polypropylene Capacitor,82.0,5.0,400.0,Metalized Polypropylene,https://www.parts-express.com/Solen-82uF-400V-Polypropylene-Capacitor-027-612,43.18
027-124,Audyn Cap Q4 82uF 400V MKP Foil Capacitor,82.0,5.0,400.0,Metalized Polypropylene,https://www.parts-express.com/Audyn-Cap-Q4-82uF-400V-MKP-Foil-Capacitor-027-124,31.74
027-446,Dayton Audio DMPC-90 90uF 250V Polypropylene C,90.0,5.0,250.0,Metalized Polypropylene,https://www.parts-express.com/Dayton-Audio-DMPC-90-90uF-250V-Polypropylene-Capacitor-027-446,28.19
027-447,Dayton Audio DMPC-100 100uF 250V Polypropylene C,100.0,5.0,250.0,Metalized Polypropylene,https://www.parts-express.com/Dayton-Audio-DMPC-100-100uF-250V-Polypropylene-Capacitor-027-447,31.29
027-956,Jantzen 0290 100uF 400V Crosscap Capacitor,100.0,5.0,400.0,Metalized Polypropylene,https://www.parts-express.com/Jantzen-0290-100uF-400V-Crosscap-Capacitor-027-956,37.06
027-616,Solen 100uF 400V Poylpropylene Capacitor,100.0,5.0,400.0,Metalized Polypropylene,https://www.parts-express.com/Solen-100uF-400V-Poylpropylene-Capacitor-027-616,31.29
027-125,Audyn Cap Q4 100uF 400V MKP Foil Capacitor,100.0,5.0,400.0,Metalized Polypropylene,https://www.parts-express.com/Audyn-Cap-Q4-100uF-400V-MKP-Foil-Capacitor-027-125,41.11
027-360,100uF 100V Non-Polarized Capacitor,100.0,10.0,100.0,Non-Polarized Electrolytic,https://www.parts-express.com/100uF-100V-Non-Polarized-Capacitor-027-360,2.79
027-362,125uF 100V Non-Polarized Capacitor,125.0,10.0,100.0,Non-Polarized Electrolytic,https://www.parts-express.com/125uF-100V-Non-Polarized-Capacitor-027-362,3.25
027-622,Solen 130uF 400V Polypropylene Capacitor,130.0,5.0,400.0,Metalized Polypropylene,https://www.parts-express.com/Solen-130uF-400V-Polypropylene-Capacitor-027-622,63.98
027-364,150uF 100V Non-Polarized Capacitor,150.0,10.0,100.0,Non-Polarized Electrolytic,https://www.parts-express.com/150uF-100V-Non-Polarized-Capacitor-027-364,4.39
027-626,Solen 160uF 400V Polypropylene Capacitor,160.0,5.0,400.0,Metalized Polypropylene,https://www.parts-express.com/Solen-160uF-400V-Polypropylene-Capacitor-027-626,79.56
027-630,Solen 200uF 400V Polypropylene Capacitor,200.0,5.0,400.0,Metalized Polypropylene,https://www.parts-express.com/Solen-200uF-400V-Polypropylene-Capacitor-027-630,
027-366,200uF 100V Non-Polarized Capacitor,200.0,10.0,100.0,Non-Polarized Electrolytic,https://www.parts-express.com/200uF-100V-Non-Polarized-Capacitor-027-366,87.61
027-368,220uF 100V Non-Polarized Capacitor,220.0,10.0,100.0,Non-Polarized Electrolytic,https://www.parts-express.com/220uF-100V-Non-Polarized-Capacitor-027-368,4.79
027-370,250uF 100V Non-Polarized Capacitor,250.0,10.0,100.0,Non-Polarized Electrolytic,https://www.parts-express.com/250uF-100V-Non-Polarized-Capacitor-027-370,4.79
027-371,300uF 100V Non-Polarized Capacitor,300.0,10.0,100.0,Non-Polarized Electrolytic,https://www.parts-express.com/300uF-100V-Non-Polarized-Capacitor-027-371,
027-374,330uF 100V Non-Polarized Capacitor,330.0,10.0,100.0,Non-Polarized Electrolytic,https://www.parts-express.com/330uF-100V-Non-Polarized-Capacitor-027-374,5.49
027-376,400uF 100V Non-Polarized Capacitor,400.0,10.0,100.0,Non-Polarized Electrolytic,https://www.parts-express.com/400uF-100V-Non-Polarized-Capacitor-027-376,6.09
027-378,500uF 100V Non-Polarized Capacitor,500.0,10.0,100.0,Non-Polarized Electrolytic,https://www.parts-express.com/500uF-100V-Non-Polarized-Capacitor-027-378,7.69
