PartNumber,Description,Value,DCR_Ohm,AWG,Type,URL,Price
Jantzen Audio 000-1557,"Jantzen Audio 000-1557 | 0,01 mH | 0,07 Ω | 1% | 20 AWG",0.01,0.07,20.0,Air Core,https://www.soundimports.eu/en/jantzen-audio-000-1557.html,4.09
Jantzen Audio 000-76064,"Jantzen Audio 000-76064 | 0,01 mH | 0,03 Ω | 2% | 16 AWG",0.01,0.03,16.0,Air Core,https://www.soundimports.eu/en/jantzen-audio-000-76064.html,12.77
Jantzen Audio 000-76065,"Jantzen Audio 000-76065 | 0,011 mH | 0,03 Ω | 2% | 16 AWG",0.011,0.03,16.0,Air Core,https://www.soundimports.eu/en/jantzen-audio-000-76065.html,13.18
Jantzen Audio 000-7260,"Jantzen Audio 000-7260 | 0,011 mH | 0,02 Ω | 2% | 14 AWG",0.011,0.02,14.0,Air Core,https://www.soundimports.eu/en/jantzen-audio-000-7260.html,14.42
Jantzen Audio 000-85192,"Jantzen Audio 000-85192 | 0,02 mH | 0,04 Ω | 2% | 16 AWG",0.02,0.04,16.0,Air Core,https://www.soundimports.eu/en/jantzen-audio-000-85192.html,14.01
Jantzen Audio 000-1804,"Jantzen Audio 000-1804 | 0,025 mH | 0,06 Ω | 1% | 18 AWG",0.025,0.06,18.0,Air Core,https://www.soundimports.eu/en/jantzen-audio-000-1804.html,4.5
Jantzen Audio 000-76075,"Jantzen Audio 000-76075 | 0,025 mH | 0,05 Ω | 2% | 16 AWG",0.025,0.05,16.0,Air Core,https://www.soundimports.eu/en/jantzen-audio-000-76075.html,14.42
Jantzen Audio 000-7273,"Jantzen Audio 000-7273 | 0,025 mH | 0,03 Ω | 2% | 14 AWG",0.025,0.03,14.0,Air Core,https://www.soundimports.eu/en/jantzen-audio-000-7273.html,16.07
Jantzen Audio 000-76077,"Jantzen Audio 000-76077 | 0,027 mH | 0,05 Ω | 2% | 16 AWG",0.027,0.05,16.0,Air Core,https://www.soundimports.eu/en/jantzen-audio-000-76077.html,14.42
Jantzen Audio 000-8006,"Jantzen Audio 000-8006 | 0,033 mH | 0,03 Ω | 2% | 12 AWG",0.033,0.03,12.0,Air Core,https://www.soundimports.eu/en/jantzen-audio-000-8006.html,20.21
Dayton Audio LW18-05,Dayton Audio LW18-05 | 0.05 mH | 0.10 Ω | 5% | 18 AWG,0.05,0.1,18.0,Air Core,https://www.soundimports.eu/en/dayton-audio-lw18-05.html,3.3
Jantzen Audio 000-0918,"Jantzen Audio 000-0918 | 0,05 mH | 0,12 Ω | 1% | 20 AWG",0.05,0.12,20.0,Air Core,https://www.soundimports.eu/en/jantzen-audio-000-0918.html,3.68
Jantzen Audio 000-1963,"Jantzen Audio 000-1963 | 0,05 mH | 0,06 Ω | 5% | 18 AWG",0.05,0.06,18.0,Air Core,https://www.soundimports.eu/en/jantzen-audio-000-1963.html,4.5
Intertechnik LU25/005/071,"Intertechnik LU25/005/071 | 0,05 mH | 0,15 Ω | 3% | 21 AWG",0.05,0.15,21.0,Air Core,https://www.soundimports.eu/en/it-intertechnik-lu25-005-071.html,5.74
Jantzen Audio 000-7611,"Jantzen Audio 000-7611 | 0,05 mH | 0,07 Ω | 2% | 16 AWG",0.05,0.07,16.0,Air Core,https://www.soundimports.eu/en/jantzen-audio-000-7611.html,14.83
Jantzen Audio 000-85194,"Jantzen Audio 000-85194 | 0,05 mH | 0,07 Ω | 2% | 16 AWG",0.05,0.07,16.0,Air Core,https://www.soundimports.eu/en/jantzen-audio-000-85194.html,15.25
Jantzen Audio 000-7004,"Jantzen Audio 000-7004 | 0,05 mH | 0,04 Ω | 2% | 12 AWG",0.05,0.04,12.0,Air Core,https://www.soundimports.eu/en/jantzen-audio-000-7004.html,21.45
Jantzen Audio 000-76115,"Jantzen Audio 000-76115 | 0,055 mH | 0,07 Ω | 2% | 16 AWG",0.055,0.07,16.0,Air Core,https://www.soundimports.eu/en/jantzen-audio-000-76115.html,15.25
Jantzen Audio 000-2120,"Jantzen Audio 000-2120 | 0,06 mH | 0,07 Ω | 3% | 20 AWG",0.06,0.07,20.0,Air Core,https://www.soundimports.eu/en/jantzen-audio-000-2120.html,4.5
Intertechnik LU25/006/071,"Intertechnik LU25/006/071 | 0,06 mH | 0,17 Ω | 3% | 21 AWG",0.06,0.17,21.0,Air Core,https://www.soundimports.eu/en/it-intertechnik-lu25-006-071.html,5.74
Jantzen Audio 000-85196,"Jantzen Audio 000-85196 | 0,06 mH | 0,07 Ω | 2% | 16 AWG",0.06,0.07,16.0,Air Core,https://www.soundimports.eu/en/jantzen-audio-000-85196.html,16.07
Intertechnik LU25/007/071,"Intertechnik LU25/007/071 | 0,07 mH | 0,18 Ω | 3% | 21 AWG",0.07,0.18,21.0,Air Core,https://www.soundimports.eu/en/it-intertechnik-lu25-007-071.html,5.74
Jantzen Audio 000-7615,"Jantzen Audio 000-7615 | 0,07 mH | 0,09 Ω | 2% | 16 AWG",0.07,0.09,16.0,Air Core,https://www.soundimports.eu/en/jantzen-audio-000-7615.html,15.25
Jantzen Audio 000-8009,"Jantzen Audio 000-8009 | 0,07 mH | 0,05 Ω | 2% | 12 AWG",0.07,0.05,12.0,Air Core,https://www.soundimports.eu/en/jantzen-audio-000-8009.html,25.17
Jantzen Audio 000-8264,"Jantzen Audio 000-8264 | 0,075 mH | 0,06 Ω | 2% | 14 AWG",0.075,0.06,14.0,Air Core,https://www.soundimports.eu/en/jantzen-audio-000-8264.html,19.79
Jantzen Audio 000-1154,"Jantzen Audio 000-1154 | 0,08 mH | 0,17 Ω | 3% | 20 AWG",0.08,0.17,20.0,Air Core,https://www.soundimports.eu/en/jantzen-audio-000-1154.html,4.5
Jantzen Audio 000-1028,"Jantzen Audio 000-1028 | 0,08 mH | 0,12 Ω | 3% | 18 AWG",0.08,0.12,18.0,Air Core,https://www.soundimports.eu/en/jantzen-audio-000-1028.html,4.92
Intertechnik LU25/008/071,"Intertechnik LU25/008/071 | 0,08 mH | 0,19 Ω | 3% | 21 AWG",0.08,0.19,21.0,Air Core,https://www.soundimports.eu/en/it-intertechnik-lu25-008-071.html,5.74
Jantzen Audio 000-1534,"Jantzen Audio 000-1534 | 0,08 mH | 0,06 Ω | 3% | 15 AWG",0.08,0.06,15.0,Air Core,https://www.soundimports.eu/en/jantzen-audio-000-1534.html,6.98
Jantzen Audio 000-85198,"Jantzen Audio 000-85198 | 0,08 mH | 0,09 Ω | 2% | 16 AWG",0.08,0.09,16.0,Air Core,https://www.soundimports.eu/en/jantzen-audio-000-85198.html,16.49
Jantzen Audio 000-7005,"Jantzen Audio 000-7005 | 0,08 mH | 0,05 Ω | 2% | 12 AWG",0.08,0.05,12.0,Air Core,https://www.soundimports.eu/en/jantzen-audio-000-7005.html,24.34
Jantzen Audio 000-1808,"Jantzen Audio 000-1808 | 0,082 mH | 0,37 Ω | 3% | 24 AWG",0.082,0.37,24.0,Air Core,https://www.soundimports.eu/en/jantzen-audio-000-1808.html,4.09
Jantzen Audio 000-1141,"Jantzen Audio 000-1141 | 0,09 mH | 0,21 Ω | 3% | 21 AWG",0.09,0.21,21.0,Air Core,https://www.soundimports.eu/en/jantzen-audio-000-1141.html,4.09
Jantzen Audio 000-1646,"Jantzen Audio 000-1646 | 0,09 mH | 0,13 Ω | 3% | 18 AWG",0.09,0.13,18.0,Air Core,https://www.soundimports.eu/en/jantzen-audio-000-1646.html,5.33
Dayton Audio AC20-10,Dayton Audio AC20-10 | 0.10 mH | 0.21 Ω | 5% | 20 AWG,0.1,0.21,20.0,Air Core,https://www.soundimports.eu/en/dayton-audio-ac20-10.html,2.69
Dayton Audio LW18-10,Dayton Audio LW18-10 | 0.10 mH | 0.14 Ω | 5% | 18 AWG,0.1,0.14,18.0,Air Core,https://www.soundimports.eu/en/dayton-audio-lw18-10.html,3.68
Jantzen Audio 000-1751,"Jantzen Audio 000-1751 | 0,10 mH | 0,58 Ω | 3% | 24 AWG",0.1,0.58,24.0,Air Core,https://www.soundimports.eu/en/jantzen-audio-000-1751.html,4.09
Jantzen Audio 000-1809,"Jantzen Audio 000-1809 | 0,10 mH | 0,44 Ω | 3% | 24 AWG",0.1,0.44,24.0,Air Core,https://www.soundimports.eu/en/jantzen-audio-000-1809.html,4.09
Jantzen Audio 000-0241,"Jantzen Audio 000-0241 | 0,10 mH | 0,58 Ω | 3% | 26 AWG",0.1,0.58,26.0,Air Core,https://www.soundimports.eu/en/jantzen-audio-000-0241.html,4.09
Jantzen Audio 000-1463,"Jantzen Audio 000-1463 | 0,10 mH | 0,29 Ω | 3% | 22 AWG",0.1,0.29,22.0,Air Core,https://www.soundimports.eu/en/jantzen-audio-000-1463.html,4.09
Jantzen Audio 000-1149,"Jantzen Audio 000-1149 | 0,10 mH | 0,19 Ω | 3% | 20 AWG",0.1,0.19,20.0,Air Core,https://www.soundimports.eu/en/jantzen-audio-000-1149.html,4.5
Jantzen Audio 000-1002,"Jantzen Audio 000-1002 | 0,10 mH | 0,19 Ω | 3% | 20 AWG",0.1,0.19,20.0,Air Core,https://www.soundimports.eu/en/jantzen-audio-000-1002.html,4.5
Jantzen Audio 000-1148,"Jantzen Audio 000-1148 | 0,1 mH | 0,23 Ω | 3% | 21 AWG",0.1,0.23,21.0,Air Core,https://www.soundimports.eu/en/jantzen-audio-000-1148.html,4.5
Jantzen Audio 000-1449,"Jantzen Audio 000-1449 | 0,10 mH | 0,19 Ω | 3% | 20 AWG",0.1,0.19,20.0,Air Core,https://www.soundimports.eu/en/jantzen-audio-000-1449.html,4.5
Jantzen Audio 000-1900,"Jantzen Audio 000-1900 | 0,10 mH | 0,25 Ω | 3% | 21 AWG",0.1,0.25,21.0,Air Core,https://www.soundimports.eu/en/jantzen-audio-000-1900.html,4.5
Jantzen Audio 000-1752,"Jantzen Audio 000-1752 | 0,10 mH | 0,29 Ω | 3% | 21 AWG",0.1,0.29,21.0,Air Core,https://www.soundimports.eu/en/jantzen-audio-000-1752.html,4.5
Jantzen Audio 000-1801,"Jantzen Audio 000-1801 | 0,10 mH | 0,23 Ω | 3% | 21 AWG",0.1,0.23,21.0,Air Core,https://www.soundimports.eu/en/jantzen-audio-000-1801.html,4.5
Jantzen Audio 000-1361,"Jantzen Audio 000-1361 | 0,1 mH | 0,32 Ω | 3% | 21 AWG",0.1,0.32,21.0,Air Core,https://www.soundimports.eu/en/jantzen-audio-000-1361.html,4.5
Jantzen Audio 000-1234,"Jantzen Audio 000-1234 | 0,10 mH | 0,12 Ω | 3% | 18 AWG",0.1,0.12,18.0,Air Core,https://www.soundimports.eu/en/jantzen-audio-000-1234.html,4.92
Intertechnik LU32/010/071,"Intertechnik LU32/010/071 | 0,1 mH | 0,26 Ω | 3% | 21 AWG",0.1,0.26,21.0,Air Core,https://www.soundimports.eu/en/it-intertechnik-lu32-010-071.html,4.92
Jantzen Audio 000-1948,"Jantzen Audio 000-1948 | 0,10 mH | 0,13 Ω | 3% | 18 AWG",0.1,0.13,18.0,Air Core,https://www.soundimports.eu/en/jantzen-audio-000-1948.html,4.92
Jantzen Audio 000-1964,"Jantzen Audio 000-1964 | 0,10 mH | 0,13 Ω | 3% | 18 AWG",0.1,0.13,18.0,Air Core,https://www.soundimports.eu/en/jantzen-audio-000-1964.html,5.33
"Mundorf L100-0,10","Mundorf L100-0,10 | 0,10 mH | 0,14 Ω | 2% | 18 AWG",0.1,0.14,18.0,Air Core,https://www.soundimports.eu/en/mundorf-l100-010.html,5.74
Intertechnik LU25/010/060,"Intertechnik LU25/010/060 | 0,1 mH | 0,29 Ω | 3% | 23 AWG",0.1,0.29,23.0,Air Core,https://www.soundimports.eu/en/it-intertechnik-lu25-010-060.html,5.74
Jantzen Audio 000-0206,"Jantzen Audio 000-0206 | 0,10 mH | 0,18 Ω | 3% | 18 AWG",0.1,0.18,18.0,Air Core,https://www.soundimports.eu/en/jantzen-audio-000-0206.html,5.74
Jantzen Audio 000-1810,"Jantzen Audio 000-1810 | 0,10 mH | 0,09 Ω | 3% | 17 AWG",0.1,0.09,17.0,Air Core,https://www.soundimports.eu/en/jantzen-audio-000-1810.html,6.16
Jantzen Audio 000-0951,"Jantzen Audio 000-0951 | 0,10 mH | 0,096 Ω | 3% | 17 AWG",0.1,0.096,17.0,Air Core,https://www.soundimports.eu/en/jantzen-audio-000-0951.html,6.16
Jantzen Audio 000-1533,"Jantzen Audio 000-1533 | 0,1 mH | 0,12 Ω | 3% | 17 AWG",0.1,0.12,17.0,Air Core,https://www.soundimports.eu/en/jantzen-audio-000-1533.html,6.57
Jantzen Audio 000-1535,"Jantzen Audio 000-1535 | 0,10 mH | 0,075 Ω | 3% | 15 AWG",0.1,0.075,15.0,Air Core,https://www.soundimports.eu/en/jantzen-audio-000-1535.html,6.57
Intertechnik LUT32/010/10,"Intertechnik LUT32/010/10 | 0,1 mH | 0,17 Ω | 3% | 18 AWG",0.1,0.17,18.0,Air Core,https://www.soundimports.eu/en/it-intertechnik-lut32-010-10.html,7.81
Jantzen Audio 000-L-0010,"Jantzen Audio 000-L-0010 | 0,10 mH | 0,09 Ω | 3% | 15 AWG",0.1,0.09,15.0,Air Core,https://www.soundimports.eu/en/jantzen-audio-000-l-0010.html,8.64
Jantzen Audio 000-0002,"Jantzen Audio 000-0002 | 0,10 mH | 0,067 Ω | 3% | 14 AWG",0.1,0.067,14.0,Air Core,https://www.soundimports.eu/en/jantzen-audio-000-0002.html,8.64
Intertechnik LU44/010/100,"Intertechnik LU44/010/100 | 0,1 mH | 0,14 Ω | 3% | 18 AWG",0.1,0.14,18.0,Air Core,https://www.soundimports.eu/en/it-intertechnik-lu44-010-100.html,9.46
Intertechnik LU55/010/140,"Intertechnik LU55/010/140 | 0,1 mH | 0,08 Ω | 3% | 15 AWG",0.1,0.08,15.0,Air Core,https://www.soundimports.eu/en/it-intertechnik-lu55-010-140.html,10.29
"Mundorf CFC16-0,10","Mundorf CFC16-0,10 | 0,10 mH | 0,10 Ω | 2% | 16,5 AWG",0.1,0.1,16.5,Air Core,https://www.soundimports.eu/en/mundorf-cfc16-010.html,14.83
Jantzen Audio 000-7620,"Jantzen Audio 000-7620 | 0,10 mH | 0,10 Ω | 2% | 16 AWG",0.1,0.1,16.0,Air Core,https://www.soundimports.eu/en/jantzen-audio-000-7620.html,15.25
Intertechnik CO30/010/090,"Intertechnik CO30/010/090 | 0,1 mH | 0,10 Ω | 5% | 19 AWG",0.1,0.1,19.0,Air Core,https://www.soundimports.eu/en/it-intertechnik-co30-010-090.html,16.49
Jantzen Audio 000-8520,"Jantzen Audio 000-8520 | 0,10 mH | 0,10 Ω | 2% | 16 AWG",0.1,0.1,16.0,Air Core,https://www.soundimports.eu/en/jantzen-audio-000-8520.html,16.49
Intertechnik LU62/010/200,"Intertechnik LU62/010/200 | 0,1 mH | 0,05 Ω | 3% | 12 AWG",0.1,0.05,12.0,Air Core,https://www.soundimports.eu/en/it-intertechnik-lu62-010-200.html,17.73
Jantzen Audio 000-8265,"Jantzen Audio 000-8265 | 0,10 mH | 0,07 Ω | 2% | 14 AWG",0.1,0.07,14.0,Air Core,https://www.soundimports.eu/en/jantzen-audio-000-8265.html,19.38
Jantzen Audio 000-7282,"Jantzen Audio 000-7282 | 0,10 mH | 0,07 Ω | 2% | 14 AWG",0.1,0.07,14.0,Air Core,https://www.soundimports.eu/en/jantzen-audio-000-7282.html,19.38
"Mundorf CFC14-0,10","Mundorf CFC14-0,10 | 0,10 mH | 0,07 Ω | 2% | 14 AWG",0.1,0.07,14.0,Air Core,https://www.soundimports.eu/en/mundorf-cfc14-010.html,19.79
Jantzen Audio 000-7009,"Jantzen Audio 000-7009 | 0,10 mH | 0,05 Ω | 2% | 12 AWG",0.1,0.05,12.0,Air Core,https://www.soundimports.eu/en/jantzen-audio-000-7009.html,26.82
Jantzen Audio 000-9010,"Jantzen Audio 000-9010 | 0,1 mH | 0,02 Ω | 2% | 8 AWG",0.1,0.02,8.0,Air Core,https://www.soundimports.eu/en/jantzen-audio-000-9010.html,52.02
Jantzen Audio 000-1782,"Jantzen Audio 000-1782 | 0,105 mH | 0,4 Ω | 3% | 17 AWG",0.105,0.4,17.0,Air Core,https://www.soundimports.eu/en/jantzen-audio-000-1782.html,15.25
Jantzen Audio 000-1620,"Jantzen Audio 000-1620 | 0,107 mH | 0,10 Ω | 3% | 17 AWG",0.107,0.1,17.0,Air Core,https://www.soundimports.eu/en/jantzen-audio-000-1620.html,6.16
Jantzen Audio 000-1692,"Jantzen Audio 000-1692 | 0,11 mH | 0,25 Ω | 3% | 21 AWG",0.11,0.25,21.0,Air Core,https://www.soundimports.eu/en/jantzen-audio-000-1692.html,4.5
Jantzen Audio 000-1634,"Jantzen Audio 000-1634 | 0,11 mH | 0,20 Ω | 3% | 20 AWG",0.11,0.2,20.0,Air Core,https://www.soundimports.eu/en/jantzen-audio-000-1634.html,4.5
Jantzen Audio 000-0917,"Jantzen Audio 000-0917 | 0,11 mH | 0,14 Ω | 3% | 18 AWG",0.11,0.14,18.0,Air Core,https://www.soundimports.eu/en/jantzen-audio-000-0917.html,5.33
Jantzen Audio 000-1621,"Jantzen Audio 000-1621 | 0,11 mH | 0,10 Ω | 3% | 17 AWG",0.11,0.1,17.0,Air Core,https://www.soundimports.eu/en/jantzen-audio-000-1621.html,6.16
Jantzen Audio 000-7622,"Jantzen Audio 000-7622 | 0,11 mH | 0,10 Ω | 2% | 16 AWG",0.11,0.1,16.0,Air Core,https://www.soundimports.eu/en/jantzen-audio-000-7622.html,16.07
Jantzen Audio 000-7010,"Jantzen Audio 000-7010 | 0,11 mH | 0,05 Ω | 2% | 12 AWG",0.11,0.05,12.0,Air Core,https://www.soundimports.eu/en/jantzen-audio-000-7010.html,27.64
Jantzen Audio 000-9011,"Jantzen Audio 000-9011 | 0,11 mH | 0,02 Ω | 2% | 8 AWG",0.11,0.02,8.0,Air Core,https://www.soundimports.eu/en/jantzen-audio-000-9011.html,52.44
Jantzen Audio 000-7623,"Jantzen Audio 000-7623 | 0,115 mH | 0,10 Ω | 2% | 16 AWG",0.115,0.1,16.0,Air Core,https://www.soundimports.eu/en/jantzen-audio-000-7623.html,16.9
Jantzen Audio 000-1003,"Jantzen Audio 000-1003 | 0,12 mH | 0,32 Ω | 3% | 22 AWG",0.12,0.32,22.0,Air Core,https://www.soundimports.eu/en/jantzen-audio-000-1003.html,3.68
Jantzen Audio 000-1325,"Jantzen Audio 000-1325 | 0,12 mH | 0,44 Ω | 3% | 24 AWG",0.12,0.44,24.0,Air Core,https://www.soundimports.eu/en/jantzen-audio-000-1325.html,4.09
Jantzen Audio 000-1811,"Jantzen Audio 000-1811 | 0,12 mH | 0,47 Ω | 3% | 24 AWG",0.12,0.47,24.0,Air Core,https://www.soundimports.eu/en/jantzen-audio-000-1811.html,4.09
Jantzen Audio 000-1090,"Jantzen Audio 000-1090 | 0,12 mH | 0,25 Ω | 3% | 21 AWG",0.12,0.25,21.0,Air Core,https://www.soundimports.eu/en/jantzen-audio-000-1090.html,4.5
Jantzen Audio 000-1812,"Jantzen Audio 000-1812 | 0,12 mH | 0,21 Ω | 3% | 20 AWG",0.12,0.21,20.0,Air Core,https://www.soundimports.eu/en/jantzen-audio-000-1812.html,4.5
Jantzen Audio 000-1261,"Jantzen Audio 000-1261 | 0,12 mH | 0,26 Ω | 3% | 21 AWG",0.12,0.26,21.0,Air Core,https://www.soundimports.eu/en/jantzen-audio-000-1261.html,4.5
Intertechnik LU32/012/071,"Intertechnik LU32/012/071 | 0,12 mH | 0,28 Ω | 3% | 21 AWG",0.12,0.28,21.0,Air Core,https://www.soundimports.eu/en/it-intertechnik-lu32-012-071.html,4.92
Jantzen Audio 000-1675,"Jantzen Audio 000-1675 | 0,12 mH | 0,15 Ω | 3% | 18 AWG",0.12,0.15,18.0,Air Core,https://www.soundimports.eu/en/jantzen-audio-000-1675.html,5.33
Jantzen Audio 000-1680,"Jantzen Audio 000-1680 | 0,12 mH | 0,15 Ω | 3% | 18 AWG",0.12,0.15,18.0,Air Core,https://www.soundimports.eu/en/jantzen-audio-000-1680.html,5.74
Intertechnik LU25/012/060,"Intertechnik LU25/012/060 | 0,12 mH | 0,32 Ω | 3% | 23 AWG",0.12,0.32,23.0,Air Core,https://www.soundimports.eu/en/it-intertechnik-lu25-012-060.html,5.74
"Mundorf L100-0,12","Mundorf L100-0,12 | 0,12 mH | 0,15 Ω | 2% | 18 AWG",0.12,0.15,18.0,Air Core,https://www.soundimports.eu/en/mundorf-l100-012.html,5.99
Jantzen Audio 000-0928,"Jantzen Audio 000-0928 | 0,12 mH | 0,12 Ω | 3% | 17 AWG",0.12,0.12,17.0,Air Core,https://www.soundimports.eu/en/jantzen-audio-000-0928.html,6.16
Jantzen Audio 000-1543,"Jantzen Audio 000-1543 | 0,12 mH | 0,09 Ω | 3% | 15 AWG",0.12,0.09,15.0,Air Core,https://www.soundimports.eu/en/jantzen-audio-000-1543.html,7.4
Jantzen Audio 000-L-0012,"Jantzen Audio 000-L-0012 | 0,12 mH | 0,10 Ω | 3% | 15 AWG",0.12,0.1,15.0,Air Core,https://www.soundimports.eu/en/jantzen-audio-000-l-0012.html,8.64
Intertechnik LUT32/012/10,"Intertechnik LUT32/012/10 | 0,12 mH | 0,19 Ω | 3% | 18 AWG",0.12,0.19,18.0,Air Core,https://www.soundimports.eu/en/it-intertechnik-lut32-012-10.html,8.64
Intertechnik LU44/012/100,"Intertechnik LU44/012/100 | 0,12 mH | 0,16 Ω | 3% | 18 AWG",0.12,0.16,18.0,Air Core,https://www.soundimports.eu/en/it-intertechnik-lu44-012-100.html,9.46
Intertechnik LU55/012/140,"Intertechnik LU55/012/140 | 0,12 mH | 0,09 Ω | 3% | 15 AWG",0.12,0.09,15.0,Air Core,https://www.soundimports.eu/en/it-intertechnik-lu55-012-140.html,11.12
Jantzen Audio 000-0103,"Jantzen Audio 000-0103 | 0,12 mH | 0,07 Ω | 3% | 13 AWG",0.12,0.07,13.0,Air Core,https://www.soundimports.eu/en/jantzen-audio-000-0103.html,11.94
"Mundorf CFC16-0,12","Mundorf CFC16-0,12 | 0,12 mH | 0,11 Ω | 2% | 16,5 AWG",0.12,0.11,16.5,Air Core,https://www.soundimports.eu/en/mundorf-cfc16-012.html,15.66
Jantzen Audio 000-7624,"Jantzen Audio 000-7624 | 0,12 mH | 0,11 Ω | 2% | 16 AWG",0.12,0.11,16.0,Air Core,https://www.soundimports.eu/en/jantzen-audio-000-7624.html,16.07
Intertechnik CO30/012/090,"Intertechnik CO30/012/090 | 0,12 mH | 0,11 Ω | 5% | 19 AWG",0.12,0.11,19.0,Air Core,https://www.soundimports.eu/en/it-intertechnik-co30-012-090.html,16.49
Jantzen Audio 000-8525,"Jantzen Audio 000-8525 | 0,12 mH | 0,11 Ω | 2% | 16 AWG",0.12,0.11,16.0,Air Core,https://www.soundimports.eu/en/jantzen-audio-000-8525.html,16.49
Intertechnik LU62/012/200,"Intertechnik LU62/012/200 | 0,12 mH | 0,05 Ω | 3% | 12 AWG",0.12,0.05,12.0,Air Core,https://www.soundimports.eu/en/it-intertechnik-lu62-012-200.html,18.14
Jantzen Audio 000-7284,"Jantzen Audio 000-7284 | 0,12 mH | 0,08 Ω | 2% | 14 AWG",0.12,0.08,14.0,Air Core,https://www.soundimports.eu/en/jantzen-audio-000-7284.html,19.79
"Mundorf CFC14-0,12","Mundorf CFC14-0,12 | 0,12 mH | 0,08 Ω | 2% | 14 AWG",0.12,0.08,14.0,Air Core,https://www.soundimports.eu/en/mundorf-cfc14-012.html,21.45
Jantzen Audio 000-8012,"Jantzen Audio 000-8012 | 0,12 mH | 0,06 Ω | 2% | 12 AWG",0.12,0.06,12.0,Air Core,https://www.soundimports.eu/en/jantzen-audio-000-8012.html,30.12
Dayton Audio LW18-13,Dayton Audio LW18-13 | 0.13 mH | 0.16 Ω | 5% | 18 AWG,0.13,0.16,18.0,Air Core,https://www.soundimports.eu/en/dayton-audio-lw18-13.html,3.68
Jantzen Audio 000-1738,"Jantzen Audio 000-1738 | 0,13 mH | 0,476 Ω | 3% | 24 AWG",0.13,0.476,24.0,Air Core,https://www.soundimports.eu/en/jantzen-audio-000-1738.html,4.09
Jantzen Audio 000-1531,"Jantzen Audio 000-1531 | 0,13 mH | 0,29 Ω | 3% | 21 AWG",0.13,0.29,21.0,Air Core,https://www.soundimports.eu/en/jantzen-audio-000-1531.html,4.92
Jantzen Audio 000-1965,"Jantzen Audio 000-1965 | 0,13 mH | 0,16 Ω | 3% | 18 AWG",0.13,0.16,18.0,Air Core,https://www.soundimports.eu/en/jantzen-audio-000-1965.html,5.33
Jantzen Audio 000-7626,"Jantzen Audio 000-7626 | 0,13 mH | 0,11 Ω | 2% | 16 AWG",0.13,0.11,16.0,Air Core,https://www.soundimports.eu/en/jantzen-audio-000-7626.html,16.9
Jantzen Audio 000-80135,"Jantzen Audio 000-80135 | 0,135 mH | 0,06 Ω | 2% | 12 AWG",0.135,0.06,12.0,Air Core,https://www.soundimports.eu/en/jantzen-audio-000-80135.html,31.36
Jantzen Audio 000-1112,"Jantzen Audio 000-1112 | 0,14 mH | 0,23 Ω | 3% | 20 AWG",0.14,0.23,20.0,Air Core,https://www.soundimports.eu/en/jantzen-audio-000-1112.html,4.5
Jantzen Audio 000-2371,"Jantzen Audio 000-2371 | 0,14 mH | 0,11 Ω | 3% | 20 AWG",0.14,0.11,20.0,Air Core,https://www.soundimports.eu/en/jantzen-audio-000-2371.html,4.92
Jantzen Audio 000-0921,"Jantzen Audio 000-0921 | 0,14 mH | 0,16 Ω | 3% | 18 AWG",0.14,0.16,18.0,Air Core,https://www.soundimports.eu/en/jantzen-audio-000-0921.html,5.33
Jantzen Audio 000-0207,"Jantzen Audio 000-0207 | 0,14 mH | 0,22 Ω | 3% | 18 AWG",0.14,0.22,18.0,Air Core,https://www.soundimports.eu/en/jantzen-audio-000-0207.html,6.16
Jantzen Audio 000-7628,"Jantzen Audio 000-7628 | 0,14 mH | 0,12 Ω | 2% | 16 AWG",0.14,0.12,16.0,Air Core,https://www.soundimports.eu/en/jantzen-audio-000-7628.html,17.73
Jantzen Audio 000-8014,"Jantzen Audio 000-8014 | 0,14 mH | 0,06 Ω | 2% | 12 AWG",0.14,0.06,12.0,Air Core,https://www.soundimports.eu/en/jantzen-audio-000-8014.html,30.95
Dayton Audio AC20-15,Dayton Audio AC20-15 | 0.15 mH | 0.26 Ω | 5% | 20 AWG,0.15,0.26,20.0,Air Core,https://www.soundimports.eu/en/dayton-audio-ac20-15.html,3.26
Jantzen Audio 000-1324,"Jantzen Audio 000-1324 | 0,15 mH | 0,49 Ω | 3% | 24 AWG",0.15,0.49,24.0,Air Core,https://www.soundimports.eu/en/jantzen-audio-000-1324.html,4.09
Jantzen Audio 000-1816,"Jantzen Audio 000-1816 | 0,15 mH | 0,51 Ω | 3% | 24 AWG",0.15,0.51,24.0,Air Core,https://www.soundimports.eu/en/jantzen-audio-000-1816.html,4.09
Dayton Audio LW18-15,Dayton Audio LW18-15 | 0.15 mH | 0.18 Ω | 5% | 18 AWG,0.15,0.18,18.0,Air Core,https://www.soundimports.eu/en/dayton-audio-lw18-15.html,4.34
Jantzen Audio 000-1815,"Jantzen Audio 000-1815 | 0,15 mH | 0,23 Ω | 3% | 20 AWG",0.15,0.23,20.0,Air Core,https://www.soundimports.eu/en/jantzen-audio-000-1815.html,4.5
Jantzen Audio 000-1045,"Jantzen Audio 000-1045 | 0,15 mH | 0,25 Ω | 3% | 20 AWG",0.15,0.25,20.0,Air Core,https://www.soundimports.eu/en/jantzen-audio-000-1045.html,4.5
Jantzen Audio 000-1061,"Jantzen Audio 000-1061 | 0,15 mH | 0,30 Ω | 3% | 21 AWG",0.15,0.3,21.0,Air Core,https://www.soundimports.eu/en/jantzen-audio-000-1061.html,4.5
Jantzen Audio 000-1129,"Jantzen Audio 000-1129 | 0,15 mH | 0,33 Ω | 3% | 22 AWG",0.15,0.33,22.0,Air Core,https://www.soundimports.eu/en/jantzen-audio-000-1129.html,4.5
Jantzen Audio 000-2386,"Jantzen Audio 000-2386 | 0,15 mH | 0,11 Ω | 3% | 20 AWG",0.15,0.11,20.0,Air Core,https://www.soundimports.eu/en/jantzen-audio-000-2386.html,4.5
Jantzen Audio 000-1262,"Jantzen Audio 000-1262 | 0,15 mH | 0,283 Ω | 3% | 21 AWG",0.15,0.283,21.0,Air Core,https://www.soundimports.eu/en/jantzen-audio-000-1262.html,4.5
Jantzen Audio 000-1007,"Jantzen Audio 000-1007 | 0,15 mH | 0,31 Ω | 3% | 21 AWG",0.15,0.31,21.0,Air Core,https://www.soundimports.eu/en/jantzen-audio-000-1007.html,4.5
Jantzen Audio 000-1146,"Jantzen Audio 000-1146 | 0,15 mH | 0,29 Ω | 3% | 21 AWG",0.15,0.29,21.0,Air Core,https://www.soundimports.eu/en/jantzen-audio-000-1146.html,4.92
Jantzen Audio 000-1051,"Jantzen Audio 000-1051 | 0,15 mH | 0,16 Ω | 3% | 18 AWG",0.15,0.16,18.0,Air Core,https://www.soundimports.eu/en/jantzen-audio-000-1051.html,5.33
Jantzen Audio 000-2207,"Jantzen Audio 000-2207 | 0,15 mH | 0,06 Ω | 3% | 17 AWG",0.15,0.06,17.0,Air Core,https://www.soundimports.eu/en/jantzen-audio-000-2207.html,5.33
Intertechnik LU32/015/071,"Intertechnik LU32/015/071 | 0,15 mH | 0,32 Ω | 3% | 21 AWG",0.15,0.32,21.0,Air Core,https://www.soundimports.eu/en/it-intertechnik-lu32-015-071.html,5.33
Jantzen Audio 000-1236,"Jantzen Audio 000-1236 | 0,15 mH | 0,16 Ω | 3% | 18 AWG",0.15,0.16,18.0,Air Core,https://www.soundimports.eu/en/jantzen-audio-000-1236.html,5.33
Jantzen Audio 000-1130,"Jantzen Audio 000-1130 | 0,15 mH | 0,16 Ω | 3% | 18 AWG",0.15,0.16,18.0,Air Core,https://www.soundimports.eu/en/jantzen-audio-000-1130.html,5.74
Intertechnik LU25/015/050,"Intertechnik LU25/015/050 | 0,15 mH | 0,49 Ω | 3% | 24 AWG",0.15,0.49,24.0,Air Core,https://www.soundimports.eu/en/it-intertechnik-lu25-015-050.html,5.74
Jantzen Audio 000-1206,"Jantzen Audio 000-1206 | 0,15 mH | 0,19 Ω | 3% | 18 AWG",0.15,0.19,18.0,Air Core,https://www.soundimports.eu/en/jantzen-audio-000-1206.html,6.16
"Mundorf L100-0,15","Mundorf L100-0,15 | 0,15 mH | 0,17 Ω | 2% | 18 AWG",0.15,0.17,18.0,Air Core,https://www.soundimports.eu/en/mundorf-l100-015.html,6.57
Jantzen Audio 000-1092,"Jantzen Audio 000-1092 | 0,15 mH | 0,12 Ω | 3% | 17 AWG",0.15,0.12,17.0,Air Core,https://www.soundimports.eu/en/jantzen-audio-000-1092.html,6.98
Jantzen Audio 000-1688,"Jantzen Audio 000-1688 | 0,15 mH | 0,105 Ω | 3% | 15 AWG",0.15,0.105,15.0,Air Core,https://www.soundimports.eu/en/jantzen-audio-000-1688.html,8.22
Intertechnik LUT32/015/10,"Intertechnik LUT32/015/10 | 0,15 mH | 0,21 Ω | 3% | 18 AWG",0.15,0.21,18.0,Air Core,https://www.soundimports.eu/en/it-intertechnik-lut32-015-10.html,8.64
Jantzen Audio 000-1485,"Jantzen Audio 000-1485 | 0,15 mH | 0,1 Ω | 3% | 15 AWG",0.15,0.1,15.0,Air Core,https://www.soundimports.eu/en/jantzen-audio-000-1485.html,9.05
Jantzen Audio 000-L-0015,"Jantzen Audio 000-L-0015 | 0,15 mH | 0,12 Ω | 3% | 15 AWG",0.15,0.12,15.0,Air Core,https://www.soundimports.eu/en/jantzen-audio-000-l-0015.html,9.88
Jantzen Audio 000-0004,"Jantzen Audio 000-0004 | 0,15 mH | 0,084 Ω | 3% | 14 AWG",0.15,0.084,14.0,Air Core,https://www.soundimports.eu/en/jantzen-audio-000-0004.html,10.29
Intertechnik LU44/015/100,"Intertechnik LU44/015/100 | 0,15 mH | 0,17 Ω | 3% | 18 AWG",0.15,0.17,18.0,Air Core,https://www.soundimports.eu/en/it-intertechnik-lu44-015-100.html,10.7
Intertechnik LU55/015/140,"Intertechnik LU55/015/140 | 0,15 mH | 0,10 Ω | 3% | 15 AWG",0.15,0.1,15.0,Air Core,https://www.soundimports.eu/en/it-intertechnik-lu55-015-140.html,12.36
Dayton Audio LW14-15,Dayton Audio LW14-15 | 0.15 mH | 0.08 Ω | 3% | 14 AWG,0.15,0.08,14.0,Air Core,https://www.soundimports.eu/en/dayton-audio-lw14-15.html,14.01
"Mundorf CFC16-0,15","Mundorf CFC16-0,15 | 0,15 mH | 0,12 Ω | 2% | 16,5 AWG",0.15,0.12,16.5,Air Core,https://www.soundimports.eu/en/mundorf-cfc16-015.html,16.49
Intertechnik CO30/015/090,"Intertechnik CO30/015/090 | 0,15 mH | 0,12 Ω | 5% | 19 AWG",0.15,0.12,19.0,Air Core,https://www.soundimports.eu/en/it-intertechnik-co30-015-090.html,16.9
Jantzen Audio 000-7630,"Jantzen Audio 000-7630 | 0,15 mH | 0,12 Ω | 2% | 16 AWG",0.15,0.12,16.0,Air Core,https://www.soundimports.eu/en/jantzen-audio-000-7630.html,16.9
Jantzen Audio 000-8530,"Jantzen Audio 000-8530 | 0,15 mH | 0,12 Ω | 2% | 16 AWG",0.15,0.12,16.0,Air Core,https://www.soundimports.eu/en/jantzen-audio-000-8530.html,17.73
Intertechnik TRI55/015/0.50,"Intertechnik TRI55/015/0.50 | 0,15 mH | 0,116 Ω | 1% | 7 x 24 AWG",0.15,0.116,7.0,Air Core,https://www.soundimports.eu/en/it-intertechnik-tri55-015-0-50.html,18.14
Intertechnik LU62/015/100,"Intertechnik LU62/015/100 | 0,15 mH | 0,06 Ω | 3% | 18 AWG",0.15,0.06,18.0,Air Core,https://www.soundimports.eu/en/it-intertechnik-lu62-015-100.html,19.79
Jantzen Audio 000-7295,"Jantzen Audio 000-7295 | 0,15 mH | 0,09 Ω | 2% | 14 AWG",0.15,0.09,14.0,Air Core,https://www.soundimports.eu/en/jantzen-audio-000-7295.html,21.45
Jantzen Audio 000-8275,"Jantzen Audio 000-8275 | 0,15 mH | 0,09 Ω | 2% | 14 AWG",0.15,0.09,14.0,Air Core,https://www.soundimports.eu/en/jantzen-audio-000-8275.html,22.69
"Mundorf CFC14-0,15","Mundorf CFC14-0,15 | 0,15 mH | 0,09 Ω | 2% | 14 AWG",0.15,0.09,14.0,Air Core,https://www.soundimports.eu/en/mundorf-cfc14-015.html,23.1
Jantzen Audio 000-8015,"Jantzen Audio 000-8015 | 0,15 mH | 0,07 Ω | 2% | 12 AWG",0.15,0.07,12.0,Air Core,https://www.soundimports.eu/en/jantzen-audio-000-8015.html,31.36
Jantzen Audio 000-9015,"Jantzen Audio 000-9015 | 0,15 mH | 0,03 Ω | 2% | 8 AWG",0.15,0.03,8.0,Air Core,https://www.soundimports.eu/en/jantzen-audio-000-9015.html,61.94
Jantzen Audio 000-1008,"Jantzen Audio 000-1008 | 0,16 mH | 0,85 Ω | 3% | 26 AWG",0.16,0.85,26.0,Air Core,https://www.soundimports.eu/en/jantzen-audio-000-1008.html,4.09
Jantzen Audio 000-1684,"Jantzen Audio 000-1684 | 0,16 mH | 0,29 Ω | 3% | 21 AWG",0.16,0.29,21.0,Air Core,https://www.soundimports.eu/en/jantzen-audio-000-1684.html,4.5
Jantzen Audio 000-1817,"Jantzen Audio 000-1817 | 0,16 mH | 0,24 Ω | 3% | 20 AWG",0.16,0.24,20.0,Air Core,https://www.soundimports.eu/en/jantzen-audio-000-1817.html,4.5
Jantzen Audio 000-1627,"Jantzen Audio 000-1627 | 0,16 mH | 0,18 Ω | 3% | 18 AWG",0.16,0.18,18.0,Air Core,https://www.soundimports.eu/en/jantzen-audio-000-1627.html,5.33
Jantzen Audio 000-0952,"Jantzen Audio 000-0952 | 0,16 mH | 0,12 Ω | 3% | 17 AWG",0.16,0.12,17.0,Air Core,https://www.soundimports.eu/en/jantzen-audio-000-0952.html,6.98
Jantzen Audio 000-L-0016,"Jantzen Audio 000-L-0016 | 0,16 mH | 0,12 Ω | 3% | 15 AWG",0.16,0.12,15.0,Air Core,https://www.soundimports.eu/en/jantzen-audio-000-l-0016.html,10.29
Jantzen Audio 000-7632,"Jantzen Audio 000-7632 | 0,16 mH | 0,13 Ω | 2% | 16 AWG",0.16,0.13,16.0,Air Core,https://www.soundimports.eu/en/jantzen-audio-000-7632.html,16.9
Jantzen Audio 000-8016,"Jantzen Audio 000-8016 | 0,16 mH | 0,07 Ω | 2% | 12 AWG",0.16,0.07,12.0,Air Core,https://www.soundimports.eu/en/jantzen-audio-000-8016.html,32.19
Jantzen Audio 000-0822,"Jantzen Audio 000-0822 | 0,17 mH | 0,18 Ω | 3% | 18 AWG",0.17,0.18,18.0,Air Core,https://www.soundimports.eu/en/jantzen-audio-000-0822.html,5.74
Jantzen Audio 000-1049,"Jantzen Audio 000-1049 | 0,17 mH | 0,11 Ω | 3% | 15 AWG",0.17,0.11,15.0,Air Core,https://www.soundimports.eu/en/jantzen-audio-000-1049.html,8.64
Jantzen Audio 000-8017,"Jantzen Audio 000-8017 | 0,17 mH | 0,07 Ω | 2% | 12 AWG",0.17,0.07,12.0,Air Core,https://www.soundimports.eu/en/jantzen-audio-000-8017.html,32.6
Jantzen Audio 000-1820,"Jantzen Audio 000-1820 | 0,18 mH | 0,55 Ω | 3% | 24 AWG",0.18,0.55,24.0,Air Core,https://www.soundimports.eu/en/jantzen-audio-000-1820.html,3.68
Jantzen Audio 000-1475,"Jantzen Audio 000-1475 | 0,18 mH | 1,35 Ω | 3% | 29 AWG",0.18,1.35,29.0,Air Core,https://www.soundimports.eu/en/jantzen-audio-000-1475.html,4.09
Jantzen Audio 000-1819,"Jantzen Audio 000-1819 | 0,18 mH | 0,90 Ω | 3% | 26 AWG",0.18,0.9,26.0,Air Core,https://www.soundimports.eu/en/jantzen-audio-000-1819.html,4.09
Jantzen Audio 000-1072,"Jantzen Audio 000-1072 | 0,18 mH | 0,33 Ω | 3% | 21 AWG",0.18,0.33,21.0,Air Core,https://www.soundimports.eu/en/jantzen-audio-000-1072.html,4.5
Jantzen Audio 000-1091,"Jantzen Audio 000-1091 | 0,18 mH | 0,42 Ω | 3% | 22 AWG",0.18,0.42,22.0,Air Core,https://www.soundimports.eu/en/jantzen-audio-000-1091.html,4.5
Jantzen Audio 000-1291,"Jantzen Audio 000-1291 | 0,18 mH | 0,321 Ω | 3% | 21 AWG",0.18,0.321,21.0,Air Core,https://www.soundimports.eu/en/jantzen-audio-000-1291.html,4.5
Jantzen Audio 000-1818,"Jantzen Audio 000-1818 | 0,18 mH | 0,25 Ω | 3% | 20 AWG",0.18,0.25,20.0,Air Core,https://www.soundimports.eu/en/jantzen-audio-000-1818.html,4.5
Jantzen Audio 000-1741,"Jantzen Audio 000-1741 | 0,18 mH | 0,85 Ω | 3% | 24 AWG",0.18,0.85,24.0,Air Core,https://www.soundimports.eu/en/jantzen-audio-000-1741.html,4.5
Jantzen Audio 000-1488,"Jantzen Audio 000-1488 | 0,18 mH | 0,382 Ω | 3% | 22 AWG",0.18,0.382,22.0,Air Core,https://www.soundimports.eu/en/jantzen-audio-000-1488.html,4.5
Jantzen Audio 000-1066,"Jantzen Audio 000-1066 | 0,18 mH | 0,27 Ω | 3% | 20 AWG",0.18,0.27,20.0,Air Core,https://www.soundimports.eu/en/jantzen-audio-000-1066.html,4.92
Jantzen Audio 000-1421,"Jantzen Audio 000-1421 | 0,18 mH | 0,43 Ω | 3% | 21 AWG",0.18,0.43,21.0,Air Core,https://www.soundimports.eu/en/jantzen-audio-000-1421.html,4.92
Jantzen Audio 000-2406,"Jantzen Audio 000-2406 | 0,18 mH | 0,13 Ω | 3% | 20 AWG",0.18,0.13,20.0,Air Core,https://www.soundimports.eu/en/jantzen-audio-000-2406.html,4.92
Intertechnik LU32/018/071,"Intertechnik LU32/018/071 | 0,18 mH | 0,35 Ω | 3% | 21 AWG",0.18,0.35,21.0,Air Core,https://www.soundimports.eu/en/it-intertechnik-lu32-018-071.html,5.33
Intertechnik LU25/018/050,"Intertechnik LU25/018/050 | 0,18 mH | 0,55 Ω | 3% | 24 AWG",0.18,0.55,24.0,Air Core,https://www.soundimports.eu/en/it-intertechnik-lu25-018-050.html,5.74
Jantzen Audio 000-1277,"Jantzen Audio 000-1277 | 0,18 mH | 0,18 Ω | 3% | 18 AWG",0.18,0.18,18.0,Air Core,https://www.soundimports.eu/en/jantzen-audio-000-1277.html,5.74
Jantzen Audio 000-1010,"Jantzen Audio 000-1010 | 0,18 mH | 0,18 Ω | 3% | 18 AWG",0.18,0.18,18.0,Air Core,https://www.soundimports.eu/en/jantzen-audio-000-1010.html,5.74
Jantzen Audio 000-1289,"Jantzen Audio 000-1289 | 0,18 mH | 0,2 Ω | 3% | 18 AWG",0.18,0.2,18.0,Air Core,https://www.soundimports.eu/en/jantzen-audio-000-1289.html,6.16
Jantzen Audio 000-1207,"Jantzen Audio 000-1207 | 0,18 mH | 0,21 Ω | 3% | 18 AWG",0.18,0.21,18.0,Air Core,https://www.soundimports.eu/en/jantzen-audio-000-1207.html,6.16
"Mundorf L100-0,18","Mundorf L100-0,18 | 0,18 mH | 0,19 Ω | 2% | 18 AWG",0.18,0.19,18.0,Air Core,https://www.soundimports.eu/en/mundorf-l100-018.html,6.57
Jantzen Audio 000-1937,"Jantzen Audio 000-1937 | 0,18 mH | 0,14 Ω | 3% | 17 AWG",0.18,0.14,17.0,Air Core,https://www.soundimports.eu/en/jantzen-audio-000-1937.html,6.98
Jantzen Audio 000-1273,"Jantzen Audio 000-1273 | 0,18 mH | 0,105 Ω | 3% | 15 AWG",0.18,0.105,15.0,Air Core,https://www.soundimports.eu/en/jantzen-audio-000-1273.html,8.22
Intertechnik LUT32/018/10,"Intertechnik LUT32/018/10 | 0,18 mH | 0,23 Ω | 3% | 18 AWG",0.18,0.23,18.0,Air Core,https://www.soundimports.eu/en/it-intertechnik-lut32-018-10.html,8.64
Intertechnik LU44/018/100,"Intertechnik LU44/018/100 | 0,18 mH | 0,22 Ω | 3% | 18 AWG",0.18,0.22,18.0,Air Core,https://www.soundimports.eu/en/it-intertechnik-lu44-018-100.html,10.29
Jantzen Audio 000-0005,"Jantzen Audio 000-0005 | 0,18 mH | 0,09 Ω | 3% | 14 AWG",0.18,0.09,14.0,Air Core,https://www.soundimports.eu/en/jantzen-audio-000-0005.html,11.94
Intertechnik LU55/018/140,"Intertechnik LU55/018/140 | 0,18 mH | 0,11 Ω | 3% | 15 AWG",0.18,0.11,15.0,Air Core,https://www.soundimports.eu/en/it-intertechnik-lu55-018-140.html,13.18
Jantzen Audio 000-0105,"Jantzen Audio 000-0105 | 0,18 mH | 0,08 Ω | 3% | 13 AWG",0.18,0.08,13.0,Air Core,https://www.soundimports.eu/en/jantzen-audio-000-0105.html,14.42
"Mundorf CFC16-0,18","Mundorf CFC16-0,18 | 0,18 mH | 0,13 Ω | 2% | 16,5 AWG",0.18,0.13,16.5,Air Core,https://www.soundimports.eu/en/mundorf-cfc16-018.html,17.31
Jantzen Audio 000-7636,"Jantzen Audio 000-7636 | 0,18 mH | 0,13 Ω | 2% | 16 AWG",0.18,0.13,16.0,Air Core,https://www.soundimports.eu/en/jantzen-audio-000-7636.html,17.73
Intertechnik CO30/018/090,"Intertechnik CO30/018/090 | 0,18 mH | 0,13 Ω | 5% | 19 AWG",0.18,0.13,19.0,Air Core,https://www.soundimports.eu/en/it-intertechnik-co30-018-090.html,17.73
Jantzen Audio 000-8535,"Jantzen Audio 000-8535 | 0,18 mH | 0,14 Ω | 2% | 16 AWG",0.18,0.14,16.0,Air Core,https://www.soundimports.eu/en/jantzen-audio-000-8535.html,18.55
Intertechnik TRI55/018/0.50,"Intertechnik TRI55/018/0.50 | 0,18 mH | 0,13 Ω | 1% | 7 x 24 AWG",0.18,0.13,7.0,Air Core,https://www.soundimports.eu/en/it-intertechnik-tri55-018-0-50.html,19.79
Intertechnik LU62/018/200,"Intertechnik LU62/018/200 | 0,18 mH | 0,07 Ω | 3% | 12 AWG",0.18,0.07,12.0,Air Core,https://www.soundimports.eu/en/it-intertechnik-lu62-018-200.html,21.03
Jantzen Audio 000-7298,"Jantzen Audio 000-7298 | 0,18 mH | 0,10 Ω | 2% | 14 AWG",0.18,0.1,14.0,Air Core,https://www.soundimports.eu/en/jantzen-audio-000-7298.html,22.69
Jantzen Audio 000-8280,"Jantzen Audio 000-8280 | 0,18 mH | 0,10 Ω | 2% | 14 AWG",0.18,0.1,14.0,Air Core,https://www.soundimports.eu/en/jantzen-audio-000-8280.html,23.93
"Mundorf CFC14-0,18","Mundorf CFC14-0,18 | 0,18 mH | 0,10 Ω | 2% | 14 AWG",0.18,0.1,14.0,Air Core,https://www.soundimports.eu/en/mundorf-cfc14-018.html,24.75
Jantzen Audio 000-7018,"Jantzen Audio 000-7018 | 0,18 mH | 0,07 Ω | 2% | 12 AWG",0.18,0.07,12.0,Air Core,https://www.soundimports.eu/en/jantzen-audio-000-7018.html,33.02
Jantzen Audio 000-1597,"Jantzen Audio 000-1597 | 0,19 mH | 0,29 Ω | 3% | 20 AWG",0.19,0.29,20.0,Air Core,https://www.soundimports.eu/en/jantzen-audio-000-1597.html,4.92
Jantzen Audio 000-1763,"Jantzen Audio 000-1763 | 0,19 mH | 0,209 Ω | 3% | 18 AWG",0.19,0.209,18.0,Air Core,https://www.soundimports.eu/en/jantzen-audio-000-1763.html,6.16
Jantzen Audio 000-7639,"Jantzen Audio 000-7639 | 0,195 mH | 0,13 Ω | 2% | 16 AWG",0.195,0.13,16.0,Air Core,https://www.soundimports.eu/en/jantzen-audio-000-7639.html,17.73
Dayton Audio AC20-20,Dayton Audio AC20-20 | 0.20 mH | 0.29 Ω | 5% | 20 AWG,0.2,0.29,20.0,Air Core,https://www.soundimports.eu/en/dayton-audio-ac20-20.html,3.43
Jantzen Audio 000-1073,"Jantzen Audio 000-1073 | 0,2 mH | 0,59 Ω | 3% | 24 AWG",0.2,0.59,24.0,Air Core,https://www.soundimports.eu/en/jantzen-audio-000-1073.html,3.68
Jantzen Audio 000-1011,"Jantzen Audio 000-1011 | 0,20 mH | 0,70 Ω | 3% | 24 AWG",0.2,0.7,24.0,Air Core,https://www.soundimports.eu/en/jantzen-audio-000-1011.html,4.09
Jantzen Audio 000-1823,"Jantzen Audio 000-1823 | 0,2 mH | 0,95 Ω | 3% | 26 AWG",0.2,0.95,26.0,Air Core,https://www.soundimports.eu/en/jantzen-audio-000-1823.html,4.09
Dayton Audio LW18-20,Dayton Audio LW18-20 | 0.20 mH | 0.21 Ω | 5% | 18 AWG,0.2,0.21,18.0,Air Core,https://www.soundimports.eu/en/dayton-audio-lw18-20.html,4.5
Jantzen Audio 000-1824,"Jantzen Audio 000-1824 | 0,20 mH | 0,29 Ω | 3% | 20 AWG",0.2,0.29,20.0,Air Core,https://www.soundimports.eu/en/jantzen-audio-000-1824.html,4.5
Jantzen Audio 000-1462,"Jantzen Audio 000-1462 | 0,20 mH | 0,42 Ω | 3% | 22 AWG",0.2,0.42,22.0,Air Core,https://www.soundimports.eu/en/jantzen-audio-000-1462.html,4.5
Jantzen Audio 000-1101,"Jantzen Audio 000-1101 | 0,20 mH | 0,35 Ω | 3% | 21 AWG",0.2,0.35,21.0,Air Core,https://www.soundimports.eu/en/jantzen-audio-000-1101.html,4.5
Jantzen Audio 000-1147,"Jantzen Audio 000-1147 | 0,20 mH | 0,35 Ω | 3% | 21 AWG",0.2,0.35,21.0,Air Core,https://www.soundimports.eu/en/jantzen-audio-000-1147.html,4.5
Jantzen Audio 000-1100,"Jantzen Audio 000-1100 | 0,20 mH | 0,35 Ω | 3% | 21 AWG",0.2,0.35,21.0,Air Core,https://www.soundimports.eu/en/jantzen-audio-000-1100.html,4.5
Jantzen Audio 000-2364,"Jantzen Audio 000-2364 | 0,20 mH | 0,33 Ω | 3% | 24 AWG",0.2,0.33,24.0,Air Core,https://www.soundimports.eu/en/jantzen-audio-000-2364.html,4.5
Jantzen Audio 000-2046,"Jantzen Audio 000-2046 | 0,20 mH | 0,14 Ω | 3% | 20 AWG",0.2,0.14,20.0,Air Core,https://www.soundimports.eu/en/jantzen-audio-000-2046.html,4.5
Jantzen Audio 000-1109,"Jantzen Audio 000-1109 | 0,20 mH | 0,29 Ω | 3% | 20 AWG",0.2,0.29,20.0,Air Core,https://www.soundimports.eu/en/jantzen-audio-000-1109.html,4.92
Jantzen Audio 000-2179,"Jantzen Audio 000-2179 | 0,20 mH | 0,10 Ω | 3% | 18 AWG",0.2,0.1,18.0,Air Core,https://www.soundimports.eu/en/jantzen-audio-000-2179.html,5.33
Jantzen Audio 000-1276,"Jantzen Audio 000-1276 | 0,2 mH | 0,2 Ω | 3% | 18 AWG",0.2,0.2,18.0,Air Core,https://www.soundimports.eu/en/jantzen-audio-000-1276.html,5.74
Jantzen Audio 000-1822,"Jantzen Audio 000-1822 | 0,20 mH | 0,20 Ω | 3% | 18 AWG",0.2,0.2,18.0,Air Core,https://www.soundimports.eu/en/jantzen-audio-000-1822.html,6.16
Jantzen Audio 000-1357,"Jantzen Audio 000-1357 | 0,20 mH | 0,21 Ω | 3% | 18 AWG",0.2,0.21,18.0,Air Core,https://www.soundimports.eu/en/jantzen-audio-000-1357.html,6.16
Jantzen Audio 000-1985,"Jantzen Audio 000-1985 | 0,20 mH | 0,22 Ω | 3% | 18 AWG",0.2,0.22,18.0,Air Core,https://www.soundimports.eu/en/jantzen-audio-000-1985.html,6.16
Jantzen Audio 000-1606,"Jantzen Audio 000-1606 | 0,2 mH | 0,12 Ω | 3% | 15 AWG",0.2,0.12,15.0,Air Core,https://www.soundimports.eu/en/jantzen-audio-000-1606.html,8.22
Jantzen Audio 000-1600,"Jantzen Audio 000-1600 | 0,20 mH | 0,15 Ω | 3% | 17 AWG",0.2,0.15,17.0,Air Core,https://www.soundimports.eu/en/jantzen-audio-000-1600.html,8.22
Jantzen Audio 000-1507,"Jantzen Audio 000-1507 | 0,20 mH | 0,13 Ω | 3% | 15 AWG",0.2,0.13,15.0,Air Core,https://www.soundimports.eu/en/jantzen-audio-000-1507.html,9.88
Jantzen Audio 000-L-0020,"Jantzen Audio 000-L-0020 | 0,2 mH | 0,15 Ω | 3% | 15 AWG",0.2,0.15,15.0,Air Core,https://www.soundimports.eu/en/jantzen-audio-000-l-0020.html,11.53
Dayton Audio LW14-20,Dayton Audio LW14-20 | 0.20 mH | 0.10 Ω | 3% | 14 AWG,0.2,0.1,14.0,Air Core,https://www.soundimports.eu/en/dayton-audio-lw14-20.html,12.77
Jantzen Audio 000-0057,"Jantzen Audio 000-0057 | 0,20 mH | 0,10 Ω | 3% | 14 AWG",0.2,0.1,14.0,Air Core,https://www.soundimports.eu/en/jantzen-audio-000-0057.html,12.77
Jantzen Audio 000-0139,"Jantzen Audio 000-0139 | 0,20 mH | 0,08 Ω | 3% | 13 AWG",0.2,0.08,13.0,Air Core,https://www.soundimports.eu/en/jantzen-audio-000-0139.html,15.25
Dayton Audio CF16-20,Dayton Audio CF16-20 | 0.20 mH | 0.14 Ω | 3% | 16 AWG,0.2,0.14,16.0,Air Core,https://www.soundimports.eu/en/dayton-audio-cf16-20.html,16.49
Jantzen Audio 000-7640,"Jantzen Audio 000-7640 | 0,20 mH | 0,14 Ω | 2% | 16 AWG",0.2,0.14,16.0,Air Core,https://www.soundimports.eu/en/jantzen-audio-000-7640.html,18.14
Jantzen Audio 000-8537,"Jantzen Audio 000-8537 | 0,20 mH | 0,15 Ω | 2% | 16 AWG",0.2,0.15,16.0,Air Core,https://www.soundimports.eu/en/jantzen-audio-000-8537.html,18.97
Jantzen Audio 000-7300,"Jantzen Audio 000-7300 | 0,20 mH | 0,10 Ω | 2% | 14 AWG",0.2,0.1,14.0,Air Core,https://www.soundimports.eu/en/jantzen-audio-000-7300.html,22.69
Jantzen Audio 000-7020,"Jantzen Audio 000-7020 | 0,20 mH | 0,08 Ω | 2% | 12 AWG",0.2,0.08,12.0,Air Core,https://www.soundimports.eu/en/jantzen-audio-000-7020.html,33.84
Jantzen Audio 000-8020,"Jantzen Audio 000-8020 | 0,20 mH | 0,08 Ω | 2% | 12 AWG",0.2,0.08,12.0,Air Core,https://www.soundimports.eu/en/jantzen-audio-000-8020.html,35.08
Jantzen Audio 000-9020,"Jantzen Audio 000-9020 | 0,20 mH | 0,03 Ω | 2% | 8 AWG",0.2,0.03,8.0,Air Core,https://www.soundimports.eu/en/jantzen-audio-000-9020.html,71.86
Jantzen Audio 000-1074,"Jantzen Audio 000-1074 | 0,21 mH | 0,605 Ω | 3% | 24 AWG",0.21,0.605,24.0,Air Core,https://www.soundimports.eu/en/jantzen-audio-000-1074.html,3.68
Jantzen Audio 000-1686,"Jantzen Audio 000-1686 | 0,21 mH | 0,37 Ω | 3% | 21 AWG",0.21,0.37,21.0,Air Core,https://www.soundimports.eu/en/jantzen-audio-000-1686.html,4.5
Jantzen Audio 000-2190,"Jantzen Audio 000-2190 | 0,21 mH | 0,18 Ω | 3% | 21 AWG",0.21,0.18,21.0,Air Core,https://www.soundimports.eu/en/jantzen-audio-000-2190.html,4.5
Jantzen Audio 000-1086,"Jantzen Audio 000-1086 | 0,21 mH | 0,295 Ω | 3% | 20 AWG",0.21,0.295,20.0,Air Core,https://www.soundimports.eu/en/jantzen-audio-000-1086.html,4.92
Jantzen Audio 000-0100,"Jantzen Audio 000-0100 | 0,21 mH | 0,08 Ω | 3% | 13 AWG",0.21,0.08,13.0,Air Core,https://www.soundimports.eu/en/jantzen-audio-000-0100.html,14.42
Jantzen Audio 000-8539,"Jantzen Audio 000-8539 | 0,21 mH | 0,15 Ω | 2% | 16 AWG",0.21,0.15,16.0,Air Core,https://www.soundimports.eu/en/jantzen-audio-000-8539.html,19.38
Jantzen Audio 000-1826,"Jantzen Audio 000-1826 | 0,22 mH | 0,61 Ω | 3% | 24 AWG",0.22,0.61,24.0,Air Core,https://www.soundimports.eu/en/jantzen-audio-000-1826.html,3.68
Jantzen Audio 000-1323,"Jantzen Audio 000-1323 | 0,22 mH | 0,64 Ω | 3% | 24 AWG",0.22,0.64,24.0,Air Core,https://www.soundimports.eu/en/jantzen-audio-000-1323.html,3.68
Jantzen Audio 000-1912,"Jantzen Audio 000-1912 | 0,22 mH | 0,88 Ω | 3% | 26 AWG",0.22,0.88,26.0,Air Core,https://www.soundimports.eu/en/jantzen-audio-000-1912.html,4.09
Jantzen Audio 000-1263,"Jantzen Audio 000-1263 | 0,22 mH | 0,34 Ω | 3% | 21 AWG",0.22,0.34,21.0,Air Core,https://www.soundimports.eu/en/jantzen-audio-000-1263.html,4.5
Jantzen Audio 000-1915,"Jantzen Audio 000-1915 | 0,22 mH | 0,50 Ω | 3% | 22 AWG",0.22,0.5,22.0,Air Core,https://www.soundimports.eu/en/jantzen-audio-000-1915.html,4.5
Jantzen Audio 000-1125,"Jantzen Audio 000-1125 | 0,22 mH | 0,37 Ω | 3% | 21 AWG",0.22,0.37,21.0,Air Core,https://www.soundimports.eu/en/jantzen-audio-000-1125.html,4.5
Jantzen Audio 000-1650,"Jantzen Audio 000-1650 | 0,22 mH | 0,465 Ω | 3% | 22 AWG",0.22,0.465,22.0,Air Core,https://www.soundimports.eu/en/jantzen-audio-000-1650.html,4.5
Jantzen Audio 000-1013,"Jantzen Audio 000-1013 | 0,22 mH | 0,44 Ω | 3% | 22 AWG",0.22,0.44,22.0,Air Core,https://www.soundimports.eu/en/jantzen-audio-000-1013.html,4.5
Jantzen Audio 000-2409,"Jantzen Audio 000-2409 | 0,22 mH | 0,17 Ω | 3% | 21 AWG",0.22,0.17,21.0,Air Core,https://www.soundimports.eu/en/jantzen-audio-000-2409.html,4.5
Jantzen Audio 000-1674,"Jantzen Audio 000-1674 | 0,22 mH | 0,36 Ω | 3% | 21 AWG",0.22,0.36,21.0,Air Core,https://www.soundimports.eu/en/jantzen-audio-000-1674.html,4.5
Dayton Audio LW18-22,Dayton Audio LW18-22 | 0.22 mH | 0.22 Ω | 5% | 18 AWG,0.22,0.22,18.0,Air Core,https://www.soundimports.eu/en/dayton-audio-lw18-22.html,4.92
Jantzen Audio 000-1308,"Jantzen Audio 000-1308 | 0,22 mH | 0,30 Ω | 3% | 20 AWG",0.22,0.3,20.0,Air Core,https://www.soundimports.eu/en/jantzen-audio-000-1308.html,4.92
Jantzen Audio 000-2310,"Jantzen Audio 000-2310 | 0,22 mH | 0,13 Ω | 3% | 20 AWG",0.22,0.13,20.0,Air Core,https://www.soundimports.eu/en/jantzen-audio-000-2310.html,4.92
Jantzen Audio 000-1742,"Jantzen Audio 000-1742 | 0,22 mH | 0,46 Ω | 3% | 21 AWG",0.22,0.46,21.0,Air Core,https://www.soundimports.eu/en/jantzen-audio-000-1742.html,4.92
Jantzen Audio 000-1825,"Jantzen Audio 000-1825 | 0,22 mH | 0,30 Ω | 3% | 20 AWG",0.22,0.3,20.0,Air Core,https://www.soundimports.eu/en/jantzen-audio-000-1825.html,4.95
Jantzen Audio 000-1708,"Jantzen Audio 000-1708 | 0,22 mH | 0,3 Ω | 3% | 20 AWG",0.22,0.3,20.0,Air Core,https://www.soundimports.eu/en/jantzen-audio-000-1708.html,5.33
Jantzen Audio 000-1753,"Jantzen Audio 000-1753 | 0,22 mH | 0,46 Ω | 3% | 21 AWG",0.22,0.46,21.0,Air Core,https://www.soundimports.eu/en/jantzen-audio-000-1753.html,5.33
Jantzen Audio 000-2158,"Jantzen Audio 000-2158 | 0,22 mH | 0,1 Ω | 3% | 18 AWG",0.22,0.1,18.0,Air Core,https://www.soundimports.eu/en/jantzen-audio-000-2158.html,5.33
Intertechnik LU32/022/071,"Intertechnik LU32/022/071 | 0,22 mH | 0,39 Ω | 3% | 21 AWG",0.22,0.39,21.0,Air Core,https://www.soundimports.eu/en/it-intertechnik-lu32-022-071.html,5.74
Intertechnik LU25/022/050,"Intertechnik LU25/022/050 | 0,22 mH | 0,62 Ω | 3% | 24 AWG",0.22,0.62,24.0,Air Core,https://www.soundimports.eu/en/it-intertechnik-lu25-022-050.html,5.74
Jantzen Audio 000-1278,"Jantzen Audio 000-1278 | 0,22 mH | 0,21 Ω | 3% | 18 AWG",0.22,0.21,18.0,Air Core,https://www.soundimports.eu/en/jantzen-audio-000-1278.html,6.16
Jantzen Audio 000-1015,"Jantzen Audio 000-1015 | 0,22 mH | 0,21 Ω | 3% | 18 AWG",0.22,0.21,18.0,Air Core,https://www.soundimports.eu/en/jantzen-audio-000-1015.html,6.16
Jantzen Audio 000-1345,"Jantzen Audio 000-1345 | 0,22 mH | 0,21 Ω | 3% | 18 AWG",0.22,0.21,18.0,Air Core,https://www.soundimports.eu/en/jantzen-audio-000-1345.html,6.16
Jantzen Audio 000-1745,"Jantzen Audio 000-1745 | 0,22 mH | 0,24 Ω | 3% | 18 AWG",0.22,0.24,18.0,Air Core,https://www.soundimports.eu/en/jantzen-audio-000-1745.html,6.57
Jantzen Audio 000-1998,"Jantzen Audio 000-1998 | 0,22 mH | 0,23 Ω | 3% | 18 AWG",0.22,0.23,18.0,Air Core,https://www.soundimports.eu/en/jantzen-audio-000-1998.html,6.98
"Mundorf L100-0,22","Mundorf L100-0,22 | 0,22 mH | 0,21 Ω | 2% | 18 AWG",0.22,0.21,18.0,Air Core,https://www.soundimports.eu/en/mundorf-l100-022.html,6.98
Jantzen Audio 000-5340,"Jantzen Audio 000-5340 | 0,22 mH | 0,04 Ω | 3% | 15 AWG",0.22,0.04,15.0,Air Core,https://www.soundimports.eu/en/jantzen-audio-000-5340.html,6.98
Jantzen Audio 000-1922,"Jantzen Audio 000-1922 | 0,22 mH | 0,16 Ω | 3% | 17 AWG",0.22,0.16,17.0,Air Core,https://www.soundimports.eu/en/jantzen-audio-000-1922.html,7.81
Jantzen Audio 000-1923,"Jantzen Audio 000-1923 | 0,22 mH | 0,16 Ω | 3% | 17 AWG",0.22,0.16,17.0,Air Core,https://www.soundimports.eu/en/jantzen-audio-000-1923.html,7.81
Jantzen Audio 000-1921,"Jantzen Audio 000-1921 | 0,22 mH | 0,17 Ω | 3% | 17 AWG",0.22,0.17,17.0,Air Core,https://www.soundimports.eu/en/jantzen-audio-000-1921.html,8.64
Jantzen Audio 000-1268,"Jantzen Audio 000-1268 | 0,22 mH | 0,12 Ω | 3% | 15 AWG",0.22,0.12,15.0,Air Core,https://www.soundimports.eu/en/jantzen-audio-000-1268.html,8.64
Intertechnik LUT32/022/10,"Intertechnik LUT32/022/10 | 0,22 mH | 0,26 Ω | 3% | 18 AWG",0.22,0.26,18.0,Air Core,https://www.soundimports.eu/en/it-intertechnik-lut32-022-10.html,9.05
Jantzen Audio 000-1631,"Jantzen Audio 000-1631 | 0,22 mH | 0,14 Ω | 3% | 15 AWG",0.22,0.14,15.0,Air Core,https://www.soundimports.eu/en/jantzen-audio-000-1631.html,9.46
Intertechnik LU44/022/100,"Intertechnik LU44/022/100 | 0,22 mH | 0,23 Ω | 3% | 18 AWG",0.22,0.23,18.0,Air Core,https://www.soundimports.eu/en/it-intertechnik-lu44-022-100.html,11.53
Jantzen Audio 000-L-0022,"Jantzen Audio 000-L-0022 | 0,22 mH | 0,15 Ω | 3% | 15 AWG",0.22,0.15,15.0,Air Core,https://www.soundimports.eu/en/jantzen-audio-000-l-0022.html,11.94
Jantzen Audio 000-0006,"Jantzen Audio 000-0006 | 0,22 mH | 0,104 Ω | 3% | 14 AWG",0.22,0.104,14.0,Air Core,https://www.soundimports.eu/en/jantzen-audio-000-0006.html,13.18
Intertechnik LU55/022/140,"Intertechnik LU55/022/140 | 0,22 mH | 0,13 Ω | 3% | 15 AWG",0.22,0.13,15.0,Air Core,https://www.soundimports.eu/en/it-intertechnik-lu55-022-140.html,13.6
Jantzen Audio 000-0106,"Jantzen Audio 000-0106 | 0,22 mH | 0,08 Ω | 3% | 13 AWG",0.22,0.08,13.0,Air Core,https://www.soundimports.eu/en/jantzen-audio-000-0106.html,15.66
Intertechnik CO30/022/090,"Intertechnik CO30/022/090 | 0,22 mH | 0,15 Ω | 5% | 19 AWG",0.22,0.15,19.0,Air Core,https://www.soundimports.eu/en/it-intertechnik-co30-022-090.html,17.73
"Mundorf CFC16-0,22","Mundorf CFC16-0,22 | 0,22 mH | 0,15 Ω | 2% | 16,5 AWG",0.22,0.15,16.5,Air Core,https://www.soundimports.eu/en/mundorf-cfc16-022.html,18.14
Jantzen Audio 000-7644,"Jantzen Audio 000-7644 | 0,22 mH | 0,15 Ω | 2% | 16 AWG",0.22,0.15,16.0,Air Core,https://www.soundimports.eu/en/jantzen-audio-000-7644.html,18.97
Jantzen Audio 000-8540,"Jantzen Audio 000-8540 | 0,22 mH | 0,15 Ω | 2% | 16 AWG",0.22,0.15,16.0,Air Core,https://www.soundimports.eu/en/jantzen-audio-000-8540.html,19.38
Jantzen Audio 000-7302,"Jantzen Audio 000-7302 | 0,22 mH | 0,11 Ω | 2% | 14 AWG",0.22,0.11,14.0,Air Core,https://www.soundimports.eu/en/jantzen-audio-000-7302.html,22.69
Intertechnik LU62/022/200,"Intertechnik LU62/022/200 | 0,22 mH | 0,07 Ω | 3% | 12 AWG",0.22,0.07,12.0,Air Core,https://www.soundimports.eu/en/it-intertechnik-lu62-022-200.html,22.69
Intertechnik TRI55/022/0.50,"Intertechnik TRI55/022/0.50 | 0,22 mH | 0,147 Ω | 1% | 7 x 24 AWG",0.22,0.147,7.0,Air Core,https://www.soundimports.eu/en/it-intertechnik-tri55-022-0-50.html,23.1
Jantzen Audio 000-8285,"Jantzen Audio 000-8285 | 0,22 mH | 0,11 Ω | 2% | 14 AWG",0.22,0.11,14.0,Air Core,https://www.soundimports.eu/en/jantzen-audio-000-8285.html,25.99
"Mundorf CFC14-0,22","Mundorf CFC14-0,22 | 0,22 mH | 0,11 Ω | 2% | 14 AWG",0.22,0.11,14.0,Air Core,https://www.soundimports.eu/en/mundorf-cfc14-022.html,26.44
Intertechnik TRI62/022/0.60,"Intertechnik TRI62/022/0.60 | 0,22 mH | 0,11 Ω | 1% | 7 x 23 AWG",0.22,0.11,7.0,Air Core,https://www.soundimports.eu/en/it-intertechnik-tri62-022-0-60.html,33.02
Jantzen Audio 000-8022,"Jantzen Audio 000-8022 | 0,22 mH | 0,08 Ω | 2% | 12 AWG",0.22,0.08,12.0,Air Core,https://www.soundimports.eu/en/jantzen-audio-000-8022.html,36.74
Jantzen Audio 000-7646,"Jantzen Audio 000-7646 | 0,23 mH | 0,15 Ω | 2% | 16 AWG",0.23,0.15,16.0,Air Core,https://www.soundimports.eu/en/jantzen-audio-000-7646.html,18.97
Jantzen Audio 000-1102,"Jantzen Audio 000-1102 | 0,24 mH | 0,64 Ω | 3% | 24 AWG",0.24,0.64,24.0,Air Core,https://www.soundimports.eu/en/jantzen-audio-000-1102.html,3.68
Jantzen Audio 000-1017,"Jantzen Audio 000-1017 | 0,24 mH | 1,69 Ω | 3% | 29 AWG",0.24,1.69,29.0,Air Core,https://www.soundimports.eu/en/jantzen-audio-000-1017.html,4.09
Jantzen Audio 000-1084,"Jantzen Audio 000-1084 | 0,24 mH | 0,31 Ω | 3% | 20 AWG",0.24,0.31,20.0,Air Core,https://www.soundimports.eu/en/jantzen-audio-000-1084.html,4.92
Jantzen Audio 000-2372,"Jantzen Audio 000-2372 | 0,24 mH | 0,15 Ω | 3% | 20 AWG",0.24,0.15,20.0,Air Core,https://www.soundimports.eu/en/jantzen-audio-000-2372.html,4.92
Jantzen Audio 000-1926,"Jantzen Audio 000-1926 | 0,24 mH | 0,21 Ω | 3% | 18 AWG",0.24,0.21,18.0,Air Core,https://www.soundimports.eu/en/jantzen-audio-000-1926.html,6.16
Jantzen Audio 000-0905,"Jantzen Audio 000-0905 | 0,24 mH | 0,13 Ω | 3% | 15 AWG",0.24,0.13,15.0,Air Core,https://www.soundimports.eu/en/jantzen-audio-000-0905.html,9.46
Dayton Audio LW14-24,Dayton Audio LW14-24 | 0.24 mH | 0.11 Ω | 3% | 14 AWG,0.24,0.11,14.0,Air Core,https://www.soundimports.eu/en/dayton-audio-lw14-24.html,16.49
Jantzen Audio 000-8542,"Jantzen Audio 000-8542 | 0,24 mH | 0,15 Ω | 2% | 16 AWG",0.24,0.15,16.0,Air Core,https://www.soundimports.eu/en/jantzen-audio-000-8542.html,20.62
Jantzen Audio 000-7304,"Jantzen Audio 000-7304 | 0,24 mH | 0,11 Ω | 2% | 14 AWG",0.24,0.11,14.0,Air Core,https://www.soundimports.eu/en/jantzen-audio-000-7304.html,24.34
Dayton Audio AC20-25,Dayton Audio AC20-25 | 0.25 mH | 0.35 Ω | 5% | 20 AWG,0.25,0.35,20.0,Air Core,https://www.soundimports.eu/en/dayton-audio-ac20-25.html,3.6
Jantzen Audio 000-1152,"Jantzen Audio 000-1152 | 0,25 mH | 0,72 Ω | 3% | 24 AWG",0.25,0.72,24.0,Air Core,https://www.soundimports.eu/en/jantzen-audio-000-1152.html,3.68
Jantzen Audio 000-1464,"Jantzen Audio 000-1464 | 0,25 mH | 0,40 Ω | 3% | 21 AWG",0.25,0.4,21.0,Air Core,https://www.soundimports.eu/en/jantzen-audio-000-1464.html,4.5
Jantzen Audio 000-1645,"Jantzen Audio 000-1645 | 0,25 mH | 0,38 Ω | 3% | 21 AWG",0.25,0.38,21.0,Air Core,https://www.soundimports.eu/en/jantzen-audio-000-1645.html,4.5
Jantzen Audio 000-2266,"Jantzen Audio 000-2266 | 0,25 mH | 0,16 Ω | 3% | 20 AWG",0.25,0.16,20.0,Air Core,https://www.soundimports.eu/en/jantzen-audio-000-2266.html,4.92
Jantzen Audio 000-1528,"Jantzen Audio 000-1528 | 0,25 mH | 0,33 Ω | 3% | 20 AWG",0.25,0.33,20.0,Air Core,https://www.soundimports.eu/en/jantzen-audio-000-1528.html,5.33
Jantzen Audio 000-2143,"Jantzen Audio 000-2143 | 0,25 mH | 0,11 Ω | 3% | 18 AWG",0.25,0.11,18.0,Air Core,https://www.soundimports.eu/en/jantzen-audio-000-2143.html,5.33
Jantzen Audio 000-1279,"Jantzen Audio 000-1279 | 0,25 mH | 0,223 Ω | 3% | 18 AWG",0.25,0.223,18.0,Air Core,https://www.soundimports.eu/en/jantzen-audio-000-1279.html,6.16
Jantzen Audio 000-1076,"Jantzen Audio 000-1076 | 0,25 mH | 0,22 Ω | 3% | 18 AWG",0.25,0.22,18.0,Air Core,https://www.soundimports.eu/en/jantzen-audio-000-1076.html,6.57
Jantzen Audio 000-1093,"Jantzen Audio 000-1093 | 0,25 mH | 0,17 Ω | 3% | 17 AWG",0.25,0.17,17.0,Air Core,https://www.soundimports.eu/en/jantzen-audio-000-1093.html,8.22
Jantzen Audio 000-1269,"Jantzen Audio 000-1269 | 0,25 mH | 0,128 Ω | 3% | 15 AWG",0.25,0.128,15.0,Air Core,https://www.soundimports.eu/en/jantzen-audio-000-1269.html,9.46
Jantzen Audio 000-1155,"Jantzen Audio 000-1155 | 0,25 mH | 0,14 Ω | 3% | 15 AWG",0.25,0.14,15.0,Air Core,https://www.soundimports.eu/en/jantzen-audio-000-1155.html,11.12
Jantzen Audio 000-L-0025,"Jantzen Audio 000-L-0025 | 0,25 mH | 0,15 Ω | 3% | 15 AWG",0.25,0.15,15.0,Air Core,https://www.soundimports.eu/en/jantzen-audio-000-l-0025.html,12.77
Jantzen Audio 000-7651,"Jantzen Audio 000-7651 | 0,25 mH | 0,16 Ω | 2% | 16 AWG",0.25,0.16,16.0,Air Core,https://www.soundimports.eu/en/jantzen-audio-000-7651.html,19.38
Jantzen Audio 000-8543,"Jantzen Audio 000-8543 | 0,25 mH | 0,16 Ω | 2% | 16 AWG",0.25,0.16,16.0,Air Core,https://www.soundimports.eu/en/jantzen-audio-000-8543.html,20.62
Jantzen Audio 000-7305,"Jantzen Audio 000-7305 | 0,25 mH | 0,11 Ω | 2% | 14 AWG",0.25,0.11,14.0,Air Core,https://www.soundimports.eu/en/jantzen-audio-000-7305.html,25.17
Jantzen Audio 000-8288,"Jantzen Audio 000-8288 | 0,25 mH | 0,12 Ω | 2% | 14 AWG",0.25,0.12,14.0,Air Core,https://www.soundimports.eu/en/jantzen-audio-000-8288.html,26.82
Jantzen Audio 000-8025,"Jantzen Audio 000-8025 | 0,25 mH | 0,09 Ω | 2% | 12 AWG",0.25,0.09,12.0,Air Core,https://www.soundimports.eu/en/jantzen-audio-000-8025.html,37.98
Jantzen Audio 000-1266,"Jantzen Audio 000-1266 | 0,26 mH | 1,83 Ω | 3% | 29 AWG",0.26,1.83,29.0,Air Core,https://www.soundimports.eu/en/jantzen-audio-000-1266.html,3.68
Jantzen Audio 000-1419,"Jantzen Audio 000-1419 | 0,26 mH | 0,50 Ω | 3% | 21 AWG",0.26,0.5,21.0,Air Core,https://www.soundimports.eu/en/jantzen-audio-000-1419.html,4.92
Jantzen Audio 000-1113,"Jantzen Audio 000-1113 | 0,26 mH | 0,32 Ω | 3% | 20 AWG",0.26,0.32,20.0,Air Core,https://www.soundimports.eu/en/jantzen-audio-000-1113.html,4.92
Jantzen Audio 000-1728,"Jantzen Audio 000-1728 | 0,26 mH | 0,23 Ω | 3% | 18 AWG",0.26,0.23,18.0,Air Core,https://www.soundimports.eu/en/jantzen-audio-000-1728.html,6.16
Jantzen Audio 000-1372,"Jantzen Audio 000-1372 | 0,26 mH | 0,26 Ω | 3% | 18 AWG",0.26,0.26,18.0,Air Core,https://www.soundimports.eu/en/jantzen-audio-000-1372.html,6.98
Jantzen Audio 000-1412,"Jantzen Audio 000-1412 | 0,26 mH | 0,19 Ω | 3% | 17 AWG",0.26,0.19,17.0,Air Core,https://www.soundimports.eu/en/jantzen-audio-000-1412.html,9.05
Jantzen Audio 000-1414,"Jantzen Audio 000-1414 | 0,26 mH | 0,14 Ω | 3% | 15 AWG",0.26,0.14,15.0,Air Core,https://www.soundimports.eu/en/jantzen-audio-000-1414.html,11.12
Jantzen Audio 000-0907,"Jantzen Audio 000-0907 | 0,26 mH | 0,09 Ω | 3% | 13 AWG",0.26,0.09,13.0,Air Core,https://www.soundimports.eu/en/jantzen-audio-000-0907.html,16.07
Jantzen Audio 000-1000,"Jantzen Audio 000-1000 | 0,267 mH | 1,90 Ω | 3% | 29 AWG",0.267,1.9,29.0,Air Core,https://www.soundimports.eu/en/jantzen-audio-000-1000.html,4.09
Jantzen Audio 000-1322,"Jantzen Audio 000-1322 | 0,27 mH | 0,71 Ω | 3% | 24 AWG",0.27,0.71,24.0,Air Core,https://www.soundimports.eu/en/jantzen-audio-000-1322.html,3.68
Jantzen Audio 000-1829,"Jantzen Audio 000-1829 | 0,27 mH | 0,68 Ω | 3% | 24 AWG",0.27,0.68,24.0,Air Core,https://www.soundimports.eu/en/jantzen-audio-000-1829.html,3.68
Jantzen Audio 000-1350,"Jantzen Audio 000-1350 | 0,27 mH | 0,41 Ω | 3% | 21 AWG",0.27,0.41,21.0,Air Core,https://www.soundimports.eu/en/jantzen-audio-000-1350.html,4.5
Jantzen Audio 000-1019,"Jantzen Audio 000-1019 | 0,27 mH | 0,41 Ω | 3% | 21 AWG",0.27,0.41,21.0,Air Core,https://www.soundimports.eu/en/jantzen-audio-000-1019.html,4.5
Jantzen Audio 000-1168,"Jantzen Audio 000-1168 | 0,27 mH | 0,414 Ω | 3% | 21 AWG",0.27,0.414,21.0,Air Core,https://www.soundimports.eu/en/jantzen-audio-000-1168.html,4.5
Dayton Audio LW18-27,Dayton Audio LW18-27 | 0.27 mH | 0.25 Ω | 5% | 18 AWG,0.27,0.25,18.0,Air Core,https://www.soundimports.eu/en/dayton-audio-lw18-27.html,4.92
Jantzen Audio 000-1828,"Jantzen Audio 000-1828 | 0,27 mH | 0,33 Ω | 3% | 20 AWG",0.27,0.33,20.0,Air Core,https://www.soundimports.eu/en/jantzen-audio-000-1828.html,5.33
Intertechnik LU32/027/071,"Intertechnik LU32/027/071 | 0,27 mH | 0,43 Ω | 3% | 21 AWG",0.27,0.43,21.0,Air Core,https://www.soundimports.eu/en/it-intertechnik-lu32-027-071.html,5.74
Intertechnik LU25/027/050,"Intertechnik LU25/027/050 | 0,27 mH | 0,70 Ω | 3% | 24 AWG",0.27,0.7,24.0,Air Core,https://www.soundimports.eu/en/it-intertechnik-lu25-027-050.html,5.74
Jantzen Audio 000-2335,"Jantzen Audio 000-2335 | 0,27 mH | 0,08 Ω | 3% | 17 AWG",0.27,0.08,17.0,Air Core,https://www.soundimports.eu/en/jantzen-audio-000-2335.html,6.16
Jantzen Audio 000-1635,"Jantzen Audio 000-1635 | 0,27 mH | 0,23 Ω | 3% | 18 AWG",0.27,0.23,18.0,Air Core,https://www.soundimports.eu/en/jantzen-audio-000-1635.html,6.57
Jantzen Audio 000-1446,"Jantzen Audio 000-1446 | 0,27 mH | 0,26 Ω | 3% | 18 AWG",0.27,0.26,18.0,Air Core,https://www.soundimports.eu/en/jantzen-audio-000-1446.html,6.57
Jantzen Audio 000-1986,"Jantzen Audio 000-1986 | 0,27 mH | 0,26 Ω | 3% | 18 AWG",0.27,0.26,18.0,Air Core,https://www.soundimports.eu/en/jantzen-audio-000-1986.html,6.98
Jantzen Audio 000-1208,"Jantzen Audio 000-1208 | 0,27 mH | 0,266 Ω | 3% | 18 AWG",0.27,0.266,18.0,Air Core,https://www.soundimports.eu/en/jantzen-audio-000-1208.html,6.98
"Mundorf L100-0,27","Mundorf L100-0,27 | 0,27 mH | 0,23 Ω | 2% | 18 AWG",0.27,0.23,18.0,Air Core,https://www.soundimports.eu/en/mundorf-l100-027.html,7.4
Jantzen Audio 000-1632,"Jantzen Audio 000-1632 | 0,27 mH | 0,16 Ω | 3% | 17 AWG",0.27,0.16,17.0,Air Core,https://www.soundimports.eu/en/jantzen-audio-000-1632.html,7.81
"Mundorf P100-0,27","Mundorf P100-0,27 | 0,27 mH | 0,13 Ω | 3% | 18 AWG",0.27,0.13,18.0,Air Core,https://www.soundimports.eu/en/mundorf-p100-027.html,7.81
Jantzen Audio 000-1275,"Jantzen Audio 000-1275 | 0,27 mH | 0,134 Ω | 3% | 15 AWG",0.27,0.134,15.0,Air Core,https://www.soundimports.eu/en/jantzen-audio-000-1275.html,9.46
Intertechnik LUT32/027/10,"Intertechnik LUT32/027/10 | 0,27 mH | 0,29 Ω | 3% | 18 AWG",0.27,0.29,18.0,Air Core,https://www.soundimports.eu/en/it-intertechnik-lut32-027-10.html,9.88
Intertechnik LU44/027/100,"Intertechnik LU44/027/100 | 0,27 mH | 0,27 Ω | 3% | 18 AWG",0.27,0.27,18.0,Air Core,https://www.soundimports.eu/en/it-intertechnik-lu44-027-100.html,11.94
Jantzen Audio 000-L-0027,"Jantzen Audio 000-L-0027 | 0,27 mH | 0,16 Ω | 3% | 15 AWG",0.27,0.16,15.0,Air Core,https://www.soundimports.eu/en/jantzen-audio-000-l-0027.html,13.18
Jantzen Audio 000-0007,"Jantzen Audio 000-0007 | 0,27 mH | 0,12 Ω | 3% | 14 AWG",0.27,0.12,14.0,Air Core,https://www.soundimports.eu/en/jantzen-audio-000-0007.html,14.42
Intertechnik LU55/027/140,"Intertechnik LU55/027/140 | 0,27 mH | 0,15 Ω | 3% | 15 AWG",0.27,0.15,15.0,Air Core,https://www.soundimports.eu/en/it-intertechnik-lu55-027-140.html,14.83
Jantzen Audio 000-0107,"Jantzen Audio 000-0107 | 0,27 mH | 0,1 Ω | 3% | 13 AWG",0.27,0.1,13.0,Air Core,https://www.soundimports.eu/en/jantzen-audio-000-0107.html,16.07
Intertechnik CO30/027/090,"Intertechnik CO30/027/090 | 0,27 mH | 0,17 Ω | 5% | 19 AWG",0.27,0.17,19.0,Air Core,https://www.soundimports.eu/en/it-intertechnik-co30-027-090.html,18.55
Dayton Audio CF16-27,Dayton Audio CF16-27 | 0.27 mH | 0.16 Ω | 3% | 16 AWG,0.27,0.16,16.0,Air Core,https://www.soundimports.eu/en/dayton-audio-cf16-27.html,18.97
"Mundorf CFC16-0,27","Mundorf CFC16-0,27 | 0,27 mH | 0,16 Ω | 2% | 16,5 AWG",0.27,0.16,16.5,Air Core,https://www.soundimports.eu/en/mundorf-cfc16-027.html,19.79
Jantzen Audio 000-7657,"Jantzen Audio 000-7657 | 0,27 mH | 0,17 Ω | 2% | 16 AWG",0.27,0.17,16.0,Air Core,https://www.soundimports.eu/en/jantzen-audio-000-7657.html,19.79
Jantzen Audio 000-8545,"Jantzen Audio 000-8545 | 0,27 mH | 0,17 Ω | 2% | 16 AWG",0.27,0.17,16.0,Air Core,https://www.soundimports.eu/en/jantzen-audio-000-8545.html,21.03
Jantzen Audio 000-7307,"Jantzen Audio 000-7307 | 0,27 mH | 0,12 Ω | 2% | 14 AWG",0.27,0.12,14.0,Air Core,https://www.soundimports.eu/en/jantzen-audio-000-7307.html,25.17
Intertechnik LU62/027/200,"Intertechnik LU62/027/200 | 0,27 mH | 0,08 Ω | 3% | 12 AWG",0.27,0.08,12.0,Air Core,https://www.soundimports.eu/en/it-intertechnik-lu62-027-200.html,25.17
Intertechnik TRI55/027/0.50,"Intertechnik TRI55/027/0.50 | 0,27 mH | 0,162 Ω | 1% | 7 x 24 AWG",0.27,0.162,7.0,Air Core,https://www.soundimports.eu/en/it-intertechnik-tri55-027-0-50.html,26.41
Jantzen Audio 000-8290,"Jantzen Audio 000-8290 | 0,27 mH | 0,13 Ω | 2% | 14 AWG",0.27,0.13,14.0,Air Core,https://www.soundimports.eu/en/jantzen-audio-000-8290.html,27.23
"Mundorf CFC14-0,27","Mundorf CFC14-0,27 | 0,27 mH | 0,12 Ω | 2% | 14 AWG",0.27,0.12,14.0,Air Core,https://www.soundimports.eu/en/mundorf-cfc14-027.html,28.06
Intertechnik TRI62/027/0.60,"Intertechnik TRI62/027/0.60 | 0,27 mH | 0,13 Ω | 1% | 7 x 23 AWG",0.27,0.13,7.0,Air Core,https://www.soundimports.eu/en/it-intertechnik-tri62-027-0-60.html,36.32
Jantzen Audio 000-7030,"Jantzen Audio 000-7030 | 0,27 mH | 0,09 Ω | 2% | 12 AWG",0.27,0.09,12.0,Air Core,https://www.soundimports.eu/en/jantzen-audio-000-7030.html,37.98
Jantzen Audio 000-8027,"Jantzen Audio 000-8027 | 0,27 mH | 0,09 Ω | 2% | 12 AWG",0.27,0.09,12.0,Air Core,https://www.soundimports.eu/en/jantzen-audio-000-8027.html,39.21
Jantzen Audio 000-9027,"Jantzen Audio 000-9027 | 0,27 mH | 0,04 Ω | 2% | 8 AWG",0.27,0.04,8.0,Air Core,https://www.soundimports.eu/en/jantzen-audio-000-9027.html,83.43
Jantzen Audio 000-1590,"Jantzen Audio 000-1590 | 0,28 mH | 0,71 Ω | 3% | 24 AWG",0.28,0.71,24.0,Air Core,https://www.soundimports.eu/en/jantzen-audio-000-1590.html,4.09
Jantzen Audio 000-1020,"Jantzen Audio 000-1020 | 0,28 mH | 0,50 Ω | 3% | 22 AWG",0.28,0.5,22.0,Air Core,https://www.soundimports.eu/en/jantzen-audio-000-1020.html,4.5
Jantzen Audio 000-1114,"Jantzen Audio 000-1114 | 0,28 mH | 0,335 Ω | 3% | 20 AWG",0.28,0.335,20.0,Air Core,https://www.soundimports.eu/en/jantzen-audio-000-1114.html,5.33
Jantzen Audio 000-1340,"Jantzen Audio 000-1340 | 0,28 mH | 0,24 Ω | 3% | 18 AWG",0.28,0.24,18.0,Air Core,https://www.soundimports.eu/en/jantzen-audio-000-1340.html,6.98
Jantzen Audio 000-1759,"Jantzen Audio 000-1759 | 0,28 mH | 0,19 Ω | 3% | 17 AWG",0.28,0.19,17.0,Air Core,https://www.soundimports.eu/en/jantzen-audio-000-1759.html,8.22
Jantzen Audio 000-8546,"Jantzen Audio 000-8546 | 0,28 mH | 0,17 Ω | 2% | 16 AWG",0.28,0.17,16.0,Air Core,https://www.soundimports.eu/en/jantzen-audio-000-8546.html,21.03
Jantzen Audio 000-8028,"Jantzen Audio 000-8028 | 0,28 mH | 0,09 Ω | 2% | 12 AWG",0.28,0.09,12.0,Air Core,https://www.soundimports.eu/en/jantzen-audio-000-8028.html,37.56
Jantzen Audio 000-0843,"Jantzen Audio 000-0843 | 0,29 mH | 0,75 Ω | 3% | 24 AWG",0.29,0.75,24.0,Air Core,https://www.soundimports.eu/en/jantzen-audio-000-0843.html,3.68
Jantzen Audio 000-1644,"Jantzen Audio 000-1644 | 0,29 mH | 0,23 Ω | 3% | 18 AWG",0.29,0.23,18.0,Air Core,https://www.soundimports.eu/en/jantzen-audio-000-1644.html,6.57
Jantzen Audio 000-7663,"Jantzen Audio 000-7663 | 0,29 mH | 0,17 Ω | 2% | 16 AWG",0.29,0.17,16.0,Air Core,https://www.soundimports.eu/en/jantzen-audio-000-7663.html,20.21
Dayton Audio AC20-30,Dayton Audio AC20-30 | 0.30 mH | 0.39 Ω | 5% | 20 AWG,0.3,0.39,20.0,Air Core,https://www.soundimports.eu/en/dayton-audio-ac20-3.html,3.84
Jantzen Audio 000-1884,"Jantzen Audio 000-1884 | 0,30 mH | 1,10 Ω | 3% | 26 AWG",0.3,1.1,26.0,Air Core,https://www.soundimports.eu/en/jantzen-audio-000-1884.html,4.09
Jantzen Audio 000-1885,"Jantzen Audio 000-1885 | 0,30 mH | 1,95 Ω | 3% | 29 AWG",0.3,1.95,29.0,Air Core,https://www.soundimports.eu/en/jantzen-audio-000-1885.html,4.09
Jantzen Audio 000-0969,"Jantzen Audio 000-0969 | 0,30 mH | 1,35 Ω | 3% | 26 AWG",0.3,1.35,26.0,Air Core,https://www.soundimports.eu/en/jantzen-audio-000-0969.html,4.09
Jantzen Audio 000-1883,"Jantzen Audio 000-1883 | 0,30 mH | 0,75 Ω | 3% | 24 AWG",0.3,0.75,24.0,Air Core,https://www.soundimports.eu/en/jantzen-audio-000-1883.html,4.5
Jantzen Audio 000-1880,"Jantzen Audio 000-1880 | 0,3 mH | 0,42 Ω | 3% | 21 AWG",0.3,0.42,21.0,Air Core,https://www.soundimports.eu/en/jantzen-audio-000-1880.html,4.5
Jantzen Audio 000-2026,"Jantzen Audio 000-2026 | 0,30 mH | 0,20 Ω | 3% | 21 AWG",0.3,0.2,21.0,Air Core,https://www.soundimports.eu/en/jantzen-audio-000-2026.html,4.5
Jantzen Audio 000-1452,"Jantzen Audio 000-1452 | 0,30 mH | 0,55 Ω | 3% | 22 AWG",0.3,0.55,22.0,Air Core,https://www.soundimports.eu/en/jantzen-audio-000-1452.html,4.5
Jantzen Audio 000-1454,"Jantzen Audio 000-1454 | 0,3 mH | 0,5 Ω | 3% | 22 AWG",0.3,0.5,22.0,Air Core,https://www.soundimports.eu/en/jantzen-audio-000-1454.html,4.5
Jantzen Audio 000-1833,"Jantzen Audio 000-1833 | 0,30 mH | 0,75 Ω | 3% | 24 AWG",0.3,0.75,24.0,Air Core,https://www.soundimports.eu/en/jantzen-audio-000-1833.html,4.5
Jantzen Audio 000-1143,"Jantzen Audio 000-1143 | 0,30 mH | 0,55 Ω | 3% | 22 AWG",0.3,0.55,22.0,Air Core,https://www.soundimports.eu/en/jantzen-audio-000-1143.html,4.5
Jantzen Audio 000-1223,"Jantzen Audio 000-1223 | 0,30 mH | 0,43 Ω | 3% | 21 AWG",0.3,0.43,21.0,Air Core,https://www.soundimports.eu/en/jantzen-audio-000-1223.html,4.92
Jantzen Audio 000-2144,"Jantzen Audio 000-2144 | 0,30 mH | 0,13 Ω | 3% | 18 AWG",0.3,0.13,18.0,Air Core,https://www.soundimports.eu/en/jantzen-audio-000-2144.html,5.33
Jantzen Audio 000-1832,"Jantzen Audio 000-1832 | 0,30 mH | 0,37 Ω | 3% | 20 AWG",0.3,0.37,20.0,Air Core,https://www.soundimports.eu/en/jantzen-audio-000-1832.html,5.33
Intertechnik LU25/030/050,"Intertechnik LU25/030/050 | 0,3 mH | 0,74 Ω | 3% | 24 AWG",0.3,0.74,24.0,Air Core,https://www.soundimports.eu/en/it-intertechnik-lu25-030-050.html,5.74
Jantzen Audio 000-1315,"Jantzen Audio 000-1315 | 0,30 mH | 0,26 Ω | 3% | 18 AWG",0.3,0.26,18.0,Air Core,https://www.soundimports.eu/en/jantzen-audio-000-1315.html,6.57
Jantzen Audio 000-1313,"Jantzen Audio 000-1313 | 0,30 mH | 0,24 Ω | 3% | 18 AWG",0.3,0.24,18.0,Air Core,https://www.soundimports.eu/en/jantzen-audio-000-1313.html,6.98
Jantzen Audio 000-1027,"Jantzen Audio 000-1027 | 0,30 mH | 0,21 Ω | 3% | 17 AWG",0.3,0.21,17.0,Air Core,https://www.soundimports.eu/en/jantzen-audio-000-1027.html,8.22
Jantzen Audio 000-1335,"Jantzen Audio 000-1335 | 0,30 mH | 0,18 Ω | 3% | 17 AWG",0.3,0.18,17.0,Air Core,https://www.soundimports.eu/en/jantzen-audio-000-1335.html,8.64
Jantzen Audio 000-1272,"Jantzen Audio 000-1272 | 0,3 mH | 0,14 Ω | 3% | 15 AWG",0.3,0.14,15.0,Air Core,https://www.soundimports.eu/en/jantzen-audio-000-1272.html,9.88
Jantzen Audio 000-1163,"Jantzen Audio 000-1163 | 0,30 mH | 0,15 Ω | 3% | 15 AWG",0.3,0.15,15.0,Air Core,https://www.soundimports.eu/en/jantzen-audio-000-1163.html,10.7
Jantzen Audio 000-1483,"Jantzen Audio 000-1483 | 0,30 mH | 0,16 Ω | 3% | 15 AWG",0.3,0.16,15.0,Air Core,https://www.soundimports.eu/en/jantzen-audio-000-1483.html,11.94
Jantzen Audio 000-0280,"Jantzen Audio 000-0280 | 0,30 mH | 0,12 Ω | 3% | 14 AWG",0.3,0.12,14.0,Air Core,https://www.soundimports.eu/en/jantzen-audio-000-0280.html,13.6
Jantzen Audio 000-L-0030,"Jantzen Audio 000-L-0030 | 0,3 mH | 0,16 Ω | 3% | 15 AWG",0.3,0.16,15.0,Air Core,https://www.soundimports.eu/en/jantzen-audio-000-l-0030.html,13.6
Jantzen Audio 000-0954,"Jantzen Audio 000-0954 | 0,30 mH | 0,10 Ω | 3% | 13 AWG",0.3,0.1,13.0,Air Core,https://www.soundimports.eu/en/jantzen-audio-000-0954.html,16.9
Intertechnik CO30/030/090,"Intertechnik CO30/030/090 | 0,3 mH | 0,17 Ω | 5% | 19 AWG",0.3,0.17,19.0,Air Core,https://www.soundimports.eu/en/it-intertechnik-co30-030-090.html,18.55
Dayton Audio LW14-30,Dayton Audio LW14-30 | 0.30 mH | 0.13 Ω | 3% | 14 AWG,0.3,0.13,14.0,Air Core,https://www.soundimports.eu/en/dayton-audio-lw14-30.html,19.38
Jantzen Audio 000-7666,"Jantzen Audio 000-7666 | 0,30 mH | 0,18 Ω | 2% | 16 AWG",0.3,0.18,16.0,Air Core,https://www.soundimports.eu/en/jantzen-audio-000-7666.html,20.21
Jantzen Audio 000-8550,"Jantzen Audio 000-8550 | 0,30 mH | 0,19 Ω | 2% | 16 AWG",0.3,0.19,16.0,Air Core,https://www.soundimports.eu/en/jantzen-audio-000-8550.html,21.03
Jantzen Audio 000-7315,"Jantzen Audio 000-7315 | 0,30 mH | 0,12 Ω | 2% | 14 AWG",0.3,0.12,14.0,Air Core,https://www.soundimports.eu/en/jantzen-audio-000-7315.html,27.23
Jantzen Audio 000-8295,"Jantzen Audio 000-8295 | 0,30 mH | 0,13 Ω | 2% | 14 AWG",0.3,0.13,14.0,Air Core,https://www.soundimports.eu/en/jantzen-audio-000-8295.html,29.3
Jantzen Audio 000-8030,"Jantzen Audio 000-8030 | 0,30 mH | 0,10 Ω | 2% | 12 AWG",0.3,0.1,12.0,Air Core,https://www.soundimports.eu/en/jantzen-audio-000-8030.html,39.63
Jantzen Audio 000-1685,"Jantzen Audio 000-1685 | 0,31 mH | 0,46 Ω | 3% | 21 AWG",0.31,0.46,21.0,Air Core,https://www.soundimports.eu/en/jantzen-audio-000-1685.html,5.33
Jantzen Audio 000-0145,"Jantzen Audio 000-0145 | 0,31 mH | 0,25 Ω | 3% | 18 AWG",0.31,0.25,18.0,Air Core,https://www.soundimports.eu/en/jantzen-audio-000-0145.html,6.98
Jantzen Audio 000-1629,"Jantzen Audio 000-1629 | 0,31 mH | 0,16 Ω | 3% | 15 AWG",0.31,0.16,15.0,Air Core,https://www.soundimports.eu/en/jantzen-audio-000-1629.html,12.36
Jantzen Audio 000-7669,"Jantzen Audio 000-7669 | 0,31 mH | 0,18 Ω | 2% | 16 AWG",0.31,0.18,16.0,Air Core,https://www.soundimports.eu/en/jantzen-audio-000-7669.html,20.62
Jantzen Audio 000-8553,"Jantzen Audio 000-8553 | 0,31 mH | 0,19 Ω | 2% | 16 AWG",0.31,0.19,16.0,Air Core,https://www.soundimports.eu/en/jantzen-audio-000-8553.html,21.03
Jantzen Audio 000-8031,"Jantzen Audio 000-8031 | 0,31 mH | 0,10 Ω | 2% | 12 AWG",0.31,0.1,12.0,Air Core,https://www.soundimports.eu/en/jantzen-audio-000-8031.html,40.04
Jantzen Audio 000-1661,"Jantzen Audio 000-1661 | 0,32 mH | 0,47 Ω | 3% | 21 AWG",0.32,0.47,21.0,Air Core,https://www.soundimports.eu/en/jantzen-audio-000-1661.html,5.33
Jantzen Audio 000-2178,"Jantzen Audio 000-2178 | 0,32 mH | 0,12 Ω | 3% | 18 AWG",0.32,0.12,18.0,Air Core,https://www.soundimports.eu/en/jantzen-audio-000-2178.html,5.74
Jantzen Audio 000-1115,"Jantzen Audio 000-1115 | 0,32 mH | 0,37 Ω | 3% | 20 AWG",0.32,0.37,20.0,Air Core,https://www.soundimports.eu/en/jantzen-audio-000-1115.html,5.74
Jantzen Audio 000-0173,"Jantzen Audio 000-0173 | 0,32 mH | 0,21 Ω | 3% | 17 AWG",0.32,0.21,17.0,Air Core,https://www.soundimports.eu/en/jantzen-audio-000-0173.html,9.46
Jantzen Audio 000-7672,"Jantzen Audio 000-7672 | 0,32 mH | 0,18 Ω | 2% | 16 AWG",0.32,0.18,16.0,Air Core,https://www.soundimports.eu/en/jantzen-audio-000-7672.html,20.62
Jantzen Audio 000-8554,"Jantzen Audio 000-8554 | 0,32 mH | 0,19 Ω | 2% | 16 AWG",0.32,0.19,16.0,Air Core,https://www.soundimports.eu/en/jantzen-audio-000-8554.html,21.45
Jantzen Audio 000-1321,"Jantzen Audio 000-1321 | 0,33 mH | 0,79 Ω | 3% | 24 AWG",0.33,0.79,24.0,Air Core,https://www.soundimports.eu/en/jantzen-audio-000-1321.html,3.68
Jantzen Audio 000-1551,"Jantzen Audio 000-1551 | 0,33 mH | 1,97 Ω | 3% | 29 AWG",0.33,1.97,29.0,Air Core,https://www.soundimports.eu/en/jantzen-audio-000-1551.html,4.09
Jantzen Audio 000-1550,"Jantzen Audio 000-1550 | 0,33 mH | 2 Ω | 3% | 29 AWG",0.33,2.0,29.0,Air Core,https://www.soundimports.eu/en/jantzen-audio-000-1550.html,4.09
Jantzen Audio 000-1513,"Jantzen Audio 000-1513 | 0,33 mH | 1,20 Ω | 3% | 26 AWG",0.33,1.2,26.0,Air Core,https://www.soundimports.eu/en/jantzen-audio-000-1513.html,4.09
Jantzen Audio 000-2187,"Jantzen Audio 000-2187 | 0,33 mH | 0,40 Ω | 3% | 24 AWG",0.33,0.4,24.0,Air Core,https://www.soundimports.eu/en/jantzen-audio-000-2187.html,4.5
Jantzen Audio 000-1890,"Jantzen Audio 000-1890 | 0,33 mH | 0,58 Ω | 3% | 22 AWG",0.33,0.58,22.0,Air Core,https://www.soundimports.eu/en/jantzen-audio-000-1890.html,4.5
Jantzen Audio 000-1264,"Jantzen Audio 000-1264 | 0,33 mH | 0,445 Ω | 3% | 21 AWG",0.33,0.445,21.0,Air Core,https://www.soundimports.eu/en/jantzen-audio-000-1264.html,4.5
Jantzen Audio 000-1021,"Jantzen Audio 000-1021 | 0,33 mH | 0,48 Ω | 3% | 21 AWG",0.33,0.48,21.0,Air Core,https://www.soundimports.eu/en/jantzen-audio-000-1021.html,4.92
Jantzen Audio 000-2289,"Jantzen Audio 000-2289 | 0,33 mH | 0,19 Ω | 3% | 21 AWG",0.33,0.19,21.0,Air Core,https://www.soundimports.eu/en/jantzen-audio-000-2289.html,4.92
Jantzen Audio 000-2309,"Jantzen Audio 000-2309 | 0,33 mH | 0,15 Ω | 3% | 20 AWG",0.33,0.15,20.0,Air Core,https://www.soundimports.eu/en/jantzen-audio-000-2309.html,4.92
Jantzen Audio 000-2048,"Jantzen Audio 000-2048 | 0,33 mH | 0,18 Ω | 3% | 20 AWG",0.33,0.18,20.0,Air Core,https://www.soundimports.eu/en/jantzen-audio-000-2048.html,4.92
Jantzen Audio 000-1835,"Jantzen Audio 000-1835 | 0,33 mH | 0,37 Ω | 3% | 20 AWG",0.33,0.37,20.0,Air Core,https://www.soundimports.eu/en/jantzen-audio-000-1835.html,5.33
Dayton Audio LW18-33,Dayton Audio LW18-33 | 0.33 mH | 0.28 Ω | 5% | 18 AWG,0.33,0.28,18.0,Air Core,https://www.soundimports.eu/en/dayton-audio-lw18-33.html,5.33
Intertechnik LU25/033/050,"Intertechnik LU25/033/050 | 0,33 mH | 0,78 Ω | 3% | 24 AWG",0.33,0.78,24.0,Air Core,https://www.soundimports.eu/en/it-intertechnik-lu25-033-050.html,5.74
Jantzen Audio 000-5070,"Jantzen Audio 000-5070 | 0,33 mH | 0,13 Ω | 3% | 20 AWG",0.33,0.13,20.0,Air Core,https://www.soundimports.eu/en/jantzen-audio-000-5070.html,5.74
Jantzen Audio 000-2402,"Jantzen Audio 000-2402 | 0,33 mH | 0,11 Ω | 3% | 18 AWG",0.33,0.11,18.0,Air Core,https://www.soundimports.eu/en/jantzen-audio-000-2402.html,5.74
Intertechnik LU32/033/071,"Intertechnik LU32/033/071 | 0,33 mH | 0,48 Ω | 3% | 21 AWG",0.33,0.48,21.0,Air Core,https://www.soundimports.eu/en/it-intertechnik-lu32-033-071.html,6.16
Jantzen Audio 000-5059,"Jantzen Audio 000-5059 | 0,33 mH | 0,09 Ω | 3% | 18 AWG",0.33,0.09,18.0,Air Core,https://www.soundimports.eu/en/jantzen-audio-000-5059.html,6.16
Jantzen Audio 000-1679,"Jantzen Audio 000-1679 | 0,33 mH | 0,26 Ω | 3% | 18 AWG",0.33,0.26,18.0,Air Core,https://www.soundimports.eu/en/jantzen-audio-000-1679.html,6.98
Jantzen Audio 000-1022,"Jantzen Audio 000-1022 | 0,33 mH | 0,26 Ω | 3% | 18 AWG",0.33,0.26,18.0,Air Core,https://www.soundimports.eu/en/jantzen-audio-000-1022.html,6.98
Jantzen Audio 000-1757,"Jantzen Audio 000-1757 | 0,33 mH | 0,29 Ω | 3% | 18 AWG",0.33,0.29,18.0,Air Core,https://www.soundimports.eu/en/jantzen-audio-000-1757.html,6.98
Jantzen Audio 000-1987,"Jantzen Audio 000-1987 | 0,33 mH | 0,29 Ω | 3% | 18 AWG",0.33,0.29,18.0,Air Core,https://www.soundimports.eu/en/jantzen-audio-000-1987.html,6.98
Jantzen Audio 000-1746,"Jantzen Audio 000-1746 | 0,33 mH | 0,31 Ω | 3% | 18 AWG",0.33,0.31,18.0,Air Core,https://www.soundimports.eu/en/jantzen-audio-000-1746.html,6.98
Jantzen Audio 000-2122,"Jantzen Audio 000-2122 | 0,33 mH | 0,10 Ω | 3% | 17 AWG",0.33,0.1,17.0,Air Core,https://www.soundimports.eu/en/jantzen-audio-000-2122.html,6.98
Jantzen Audio 000-5093,"Jantzen Audio 000-5093 | 0,33 mH | 0,07 Ω | 3% | 17 AWG",0.33,0.07,17.0,Air Core,https://www.soundimports.eu/en/jantzen-audio-000-5093.html,6.98
"Mundorf L100-0,33","Mundorf L100-0,33 | 0,33 mH | 0,26 Ω | 2% | 18 AWG",0.33,0.26,18.0,Air Core,https://www.soundimports.eu/en/mundorf-l100-033.html,7.64
Jantzen Audio 000-2404,"Jantzen Audio 000-2404 | 0,33 mH | 0,08 Ω | 3% | 15 AWG",0.33,0.08,15.0,Air Core,https://www.soundimports.eu/en/jantzen-audio-000-2404.html,7.81
"Mundorf P100-0,33","Mundorf P100-0,33 | 0,33 mH | 0,15 Ω | 3% | 18 AWG",0.33,0.15,18.0,Air Core,https://www.soundimports.eu/en/mundorf-p100-033.html,8.22
Jantzen Audio 000-1712,"Jantzen Audio 000-1712 | 0,33 mH | 0,19 Ω | 3% | 17 AWG",0.33,0.19,17.0,Air Core,https://www.soundimports.eu/en/jantzen-audio-000-1712.html,9.05
Jantzen Audio 000-1173,"Jantzen Audio 000-1173 | 0,33 mH | 0,22 Ω | 3% | 17 AWG",0.33,0.22,17.0,Air Core,https://www.soundimports.eu/en/jantzen-audio-000-1173.html,9.46
Jantzen Audio 000-2399,"Jantzen Audio 000-2399 | 0,33 mH | 0,061 Ω | 3% | 14 AWG",0.33,0.061,14.0,Air Core,https://www.soundimports.eu/en/jantzen-audio-000-2399.html,9.88
Jantzen Audio 000-1071,"Jantzen Audio 000-1071 | 0,33 mH | 0,15 Ω | 3% | 15 AWG",0.33,0.15,15.0,Air Core,https://www.soundimports.eu/en/jantzen-audio-000-1071.html,10.29
Intertechnik LUT32/033/10,"Intertechnik LUT32/033/10 | 0,33 mH | 0,32 Ω | 3% | 18 AWG",0.33,0.32,18.0,Air Core,https://www.soundimports.eu/en/it-intertechnik-lut32-033-10.html,10.29
Jantzen Audio 000-1310,"Jantzen Audio 000-1310 | 0,33 mH | 0,16 Ω | 3% | 15 AWG",0.33,0.16,15.0,Air Core,https://www.soundimports.eu/en/jantzen-audio-000-1310.html,11.12
Intertechnik LU44/033/100,"Intertechnik LU44/033/100 | 0,33 mH | 0,30 Ω | 3% | 18 AWG",0.33,0.3,18.0,Air Core,https://www.soundimports.eu/en/it-intertechnik-lu44-033-100.html,11.53
Jantzen Audio 000-L-0033,"Jantzen Audio 000-L-0033 | 0,33 mH | 0,17 Ω | 3% | 15 AWG",0.33,0.17,15.0,Air Core,https://www.soundimports.eu/en/jantzen-audio-000-l-0033.html,14.01
Jantzen Audio 000-0008,"Jantzen Audio 000-0008 | 0,33 mH | 0,129 Ω | 3% | 14 AWG",0.33,0.129,14.0,Air Core,https://www.soundimports.eu/en/jantzen-audio-000-0008.html,15.25
Intertechnik LU55/033/140,"Intertechnik LU55/033/140 | 0,33 mH | 0,16 Ω | 3% | 15 AWG",0.33,0.16,15.0,Air Core,https://www.soundimports.eu/en/it-intertechnik-lu55-033-140.html,16.07
Jantzen Audio 000-0108,"Jantzen Audio 000-0108 | 0,33 mH | 0,105 Ω | 3% | 13 AWG",0.33,0.105,13.0,Air Core,https://www.soundimports.eu/en/jantzen-audio-000-0108.html,17.73
Intertechnik CO30/033/090,"Intertechnik CO30/033/090 | 0,33 mH | 0,18 Ω | 5% | 19 AWG",0.33,0.18,19.0,Air Core,https://www.soundimports.eu/en/it-intertechnik-co30-033-090.html,18.55
Jantzen Audio 000-7676,"Jantzen Audio 000-7676 | 0,33 mH | 0,19 Ω | 2% | 16 AWG",0.33,0.19,16.0,Air Core,https://www.soundimports.eu/en/jantzen-audio-000-7676.html,21.03
"Mundorf CFC16-0,33","Mundorf CFC16-0,33 | 0,33 mH | 0,18 Ω | 2% | 16,5 AWG",0.33,0.18,16.5,Air Core,https://www.soundimports.eu/en/mundorf-cfc16-033.html,21.45
Jantzen Audio 000-7320,"Jantzen Audio 000-7320 | 0,33 mH | 0,14 Ω | 2% | 14 AWG",0.33,0.14,14.0,Air Core,https://www.soundimports.eu/en/jantzen-audio-000-7320.html,28.47
Jantzen Audio 000-8300,"Jantzen Audio 000-8300 | 0,33 mH | 0,14 Ω | 2% | 14 AWG",0.33,0.14,14.0,Air Core,https://www.soundimports.eu/en/jantzen-audio-000-8300.html,29.3
Intertechnik TRI55/033/0.50,"Intertechnik TRI55/033/0.50 | 0,33 mH | 0,179 Ω | 1% | 7 x 24 AWG",0.33,0.179,7.0,Air Core,https://www.soundimports.eu/en/it-intertechnik-tri55-033-0-50.html,29.71
"Mundorf CFC14-0,33","Mundorf CFC14-0,33 | 0,33 mH | 0,13 Ω | 2% | 14 AWG",0.33,0.13,14.0,Air Core,https://www.soundimports.eu/en/mundorf-cfc14-033.html,30.54
Intertechnik LU92/033/200,"Intertechnik LU92/033/200 | 0,33 mH | 0,09 Ω | 3% | 12 AWG",0.33,0.09,12.0,Air Core,https://www.soundimports.eu/en/it-intertechnik-lu92-033-200.html,30.95
Intertechnik TRI62/033/0.60,"Intertechnik TRI62/033/0.60 | 0,33 mH | 0,15 Ω | 1% | 7 x 23 AWG",0.33,0.15,7.0,Air Core,https://www.soundimports.eu/en/it-intertechnik-tri62-033-0-60.html,39.63
Jantzen Audio 000-8033,"Jantzen Audio 000-8033 | 0,33 mH | 0,11 Ω | 2% | 12 AWG",0.33,0.11,12.0,Air Core,https://www.soundimports.eu/en/jantzen-audio-000-8033.html,40.87
Jantzen Audio 000-9033,"Jantzen Audio 000-9033 | 0,33 mH | 0,04 Ω | 2% | 8 AWG",0.33,0.04,8.0,Air Core,https://www.soundimports.eu/en/jantzen-audio-000-9033.html,93.76
Jantzen Audio 000-0832,"Jantzen Audio 000-0832 | 0,34 mH | 0,27 Ω | 3% | 18 AWG",0.34,0.27,18.0,Air Core,https://www.soundimports.eu/en/jantzen-audio-000-0832.html,6.98
Jantzen Audio 000-8558,"Jantzen Audio 000-8558 | 0,34 mH | 0,19 Ω | 2% | 16 AWG",0.34,0.19,16.0,Air Core,https://www.soundimports.eu/en/jantzen-audio-000-8558.html,22.27
Dayton Audio AC20-35,Dayton Audio AC20-35 | 0.35 mH | 0.40 Ω | 5% | 20 AWG,0.35,0.4,20.0,Air Core,https://www.soundimports.eu/en/dayton-audio-ac20-35.html,3.68
Jantzen Audio 000-1876,"Jantzen Audio 000-1876 | 0,35 mH | 1,30 Ω | 3% | 26 AWG",0.35,1.3,26.0,Air Core,https://www.soundimports.eu/en/jantzen-audio-000-1876.html,4.09
Jantzen Audio 000-2115,"Jantzen Audio 000-2115 | 0,35 mH | 0,27 Ω | 3% | 22 AWG",0.35,0.27,22.0,Air Core,https://www.soundimports.eu/en/jantzen-audio-000-2115.html,4.5
Jantzen Audio 000-2012,"Jantzen Audio 000-2012 | 0,35 mH | 0,22 Ω | 3% | 21 AWG",0.35,0.22,21.0,Air Core,https://www.soundimports.eu/en/jantzen-audio-000-2012.html,4.5
Jantzen Audio 000-1450,"Jantzen Audio 000-1450 | 0,35 mH | 0,80 Ω | 3% | 24 AWG",0.35,0.8,24.0,Air Core,https://www.soundimports.eu/en/jantzen-audio-000-1450.html,4.5
Jantzen Audio 000-1332,"Jantzen Audio 000-1332 | 0,35 mH | 0,49 Ω | 3% | 21 AWG",0.35,0.49,21.0,Air Core,https://www.soundimports.eu/en/jantzen-audio-000-1332.html,5.33
Jantzen Audio 000-1363,"Jantzen Audio 000-1363 | 0,35 mH | 0,58 Ω | 3% | 21 AWG",0.35,0.58,21.0,Air Core,https://www.soundimports.eu/en/jantzen-audio-000-1363.html,5.33
Jantzen Audio 000-1204,"Jantzen Audio 000-1204 | 0,35 mH | 0,40 Ω | 3% | 20 AWG",0.35,0.4,20.0,Air Core,https://www.soundimports.eu/en/jantzen-audio-000-1204.html,5.33
Jantzen Audio 000-1009,"Jantzen Audio 000-1009 | 0,35 mH | 0,275 Ω | 3% | 18 AWG",0.35,0.275,18.0,Air Core,https://www.soundimports.eu/en/jantzen-audio-000-1009.html,6.98
Jantzen Audio 000-1979,"Jantzen Audio 000-1979 | 0,35 mH | 0,23 Ω | 3% | 17 AWG",0.35,0.23,17.0,Air Core,https://www.soundimports.eu/en/jantzen-audio-000-1979.html,8.64
Jantzen Audio 000-1417,"Jantzen Audio 000-1417 | 0,35 mH | 0,17 Ω | 3% | 15 AWG",0.35,0.17,15.0,Air Core,https://www.soundimports.eu/en/jantzen-audio-000-1417.html,13.18
Jantzen Audio 000-L-0035,"Jantzen Audio 000-L-0035 | 0,35 mH | 0,19 Ω | 3% | 15 AWG",0.35,0.19,15.0,Air Core,https://www.soundimports.eu/en/jantzen-audio-000-l-0035.html,14.83
Jantzen Audio 000-7682,"Jantzen Audio 000-7682 | 0,35 mH | 0,20 Ω | 2% | 16 AWG",0.35,0.2,16.0,Air Core,https://www.soundimports.eu/en/jantzen-audio-000-7682.html,21.03
Jantzen Audio 000-8559,"Jantzen Audio 000-8559 | 0,35 mH | 0,20 Ω | 2% | 16 AWG",0.35,0.2,16.0,Air Core,https://www.soundimports.eu/en/jantzen-audio-000-8559.html,23.51
Jantzen Audio 000-8035,"Jantzen Audio 000-8035 | 0,35 mH | 0,11 Ω | 2% | 12 AWG",0.35,0.11,12.0,Air Core,https://www.soundimports.eu/en/jantzen-audio-000-8035.html,42.11
Jantzen Audio 000-0968,"Jantzen Audio 000-0968 | 0,36 mH | 1,25 Ω | 3% | 26 AWG",0.36,1.25,26.0,Air Core,https://www.soundimports.eu/en/jantzen-audio-000-0968.html,4.09
Jantzen Audio 000-2216,"Jantzen Audio 000-2216 | 0,36 mH | 0,19 Ω | 3% | 20 AWG",0.36,0.19,20.0,Air Core,https://www.soundimports.eu/en/jantzen-audio-000-2216.html,4.92
Jantzen Audio 000-1432,"Jantzen Audio 000-1432 | 0,36 mH | 0,59 Ω | 3% | 21 AWG",0.36,0.59,21.0,Air Core,https://www.soundimports.eu/en/jantzen-audio-000-1432.html,5.33
Jantzen Audio 000-1082,"Jantzen Audio 000-1082 | 0,36 mH | 0,5 Ω | 3% | 21 AWG",0.36,0.5,21.0,Air Core,https://www.soundimports.eu/en/jantzen-audio-000-1082.html,5.33
Jantzen Audio 000-2414,"Jantzen Audio 000-2414 | 0,36 mH | 0,12 Ω | 3% | 18 AWG",0.36,0.12,18.0,Air Core,https://www.soundimports.eu/en/jantzen-audio-000-2414.html,6.16
Jantzen Audio 000-1153,"Jantzen Audio 000-1153 | 0,36 mH | 0,28 Ω | 3% | 18 AWG",0.36,0.28,18.0,Air Core,https://www.soundimports.eu/en/jantzen-audio-000-1153.html,6.98
Jantzen Audio 000-1729,"Jantzen Audio 000-1729 | 0,36 mH | 0,23 Ω | 3% | 17 AWG",0.36,0.23,17.0,Air Core,https://www.soundimports.eu/en/jantzen-audio-000-1729.html,9.88
Jantzen Audio 000-1415,"Jantzen Audio 000-1415 | 0,36 mH | 0,17 Ω | 3% | 15 AWG",0.36,0.17,15.0,Air Core,https://www.soundimports.eu/en/jantzen-audio-000-1415.html,12.77
Jantzen Audio 000-7685,"Jantzen Audio 000-7685 | 0,36 mH | 0,2 Ω | 2% | 16 AWG",0.36,0.2,16.0,Air Core,https://www.soundimports.eu/en/jantzen-audio-000-7685.html,20.62
Jantzen Audio 000-8560,"Jantzen Audio 000-8560 | 0,36 mH | 0,19 Ω | 2% | 16 AWG",0.36,0.19,16.0,Air Core,https://www.soundimports.eu/en/jantzen-audio-000-8560.html,22.69
Jantzen Audio 000-8305,"Jantzen Audio 000-8305 | 0,36 mH | 0,14 Ω | 2% | 14 AWG",0.36,0.14,14.0,Air Core,https://www.soundimports.eu/en/jantzen-audio-000-8305.html,29.71
Jantzen Audio 000-7037,"Jantzen Audio 000-7037 | 0,36 mH | 0,11 Ω | 2% | 12 AWG",0.36,0.11,12.0,Air Core,https://www.soundimports.eu/en/jantzen-audio-000-7037.html,42.52
Jantzen Audio 000-8036,"Jantzen Audio 000-8036 | 0,36 mH | 0,11 Ω | 2% | 12 AWG",0.36,0.11,12.0,Air Core,https://www.soundimports.eu/en/jantzen-audio-000-8036.html,42.93
Jantzen Audio 000-1317,"Jantzen Audio 000-1317 | 0,37 mH | 0,62 Ω | 3% | 22 AWG",0.37,0.62,22.0,Air Core,https://www.soundimports.eu/en/jantzen-audio-000-1317.html,4.5
Jantzen Audio 000-1492,"Jantzen Audio 000-1492 | 0,37 mH | 0,41 Ω | 3% | 20 AWG",0.37,0.41,20.0,Air Core,https://www.soundimports.eu/en/jantzen-audio-000-1492.html,5.74
Jantzen Audio 000-1117,"Jantzen Audio 000-1117 | 0,37 mH | 0,28 Ω | 3% | 18 AWG",0.37,0.28,18.0,Air Core,https://www.soundimports.eu/en/jantzen-audio-000-1117.html,6.98
Jantzen Audio 000-1116,"Jantzen Audio 000-1116 | 0,37 mH | 0,17 Ω | 3% | 15 AWG",0.37,0.17,15.0,Air Core,https://www.soundimports.eu/en/jantzen-audio-000-1116.html,11.94
Jantzen Audio 000-7688,"Jantzen Audio 000-7688 | 0,37 mH | 0,20 Ω | 2% | 16 AWG",0.37,0.2,16.0,Air Core,https://www.soundimports.eu/en/jantzen-audio-000-7688.html,21.45
Jantzen Audio 000-8561,"Jantzen Audio 000-8561 | 0,37 mH | 0,2 Ω | 2% | 16 AWG",0.37,0.2,16.0,Air Core,https://www.soundimports.eu/en/jantzen-audio-000-8561.html,22.69
Jantzen Audio 000-1004,"Jantzen Audio 000-1004 | 0,38 mH | 0,86 Ω | 3% | 24 AWG",0.38,0.86,24.0,Air Core,https://www.soundimports.eu/en/jantzen-audio-000-1004.html,4.5
Jantzen Audio 000-1837,"Jantzen Audio 000-1837 | 0,38 mH | 0,29 Ω | 3% | 18 AWG",0.38,0.29,18.0,Air Core,https://www.soundimports.eu/en/jantzen-audio-000-1837.html,6.98
Jantzen Audio 000-0862,"Jantzen Audio 000-0862 | 0,38 mH | 0,11 Ω | 3% | 13 AWG",0.38,0.11,13.0,Air Core,https://www.soundimports.eu/en/jantzen-audio-000-0862.html,18.14
Jantzen Audio 000-7691,"Jantzen Audio 000-7691 | 0,38 mH | 0,21 Ω | 2% | 16 AWG",0.38,0.21,16.0,Air Core,https://www.soundimports.eu/en/jantzen-audio-000-7691.html,20.62
Jantzen Audio 000-8562,"Jantzen Audio 000-8562 | 0,38 mH | 0,20 Ω | 2% | 16 AWG",0.38,0.2,16.0,Air Core,https://www.soundimports.eu/en/jantzen-audio-000-8562.html,23.1
Jantzen Audio 000-8309,"Jantzen Audio 000-8309 | 0,38 mH | 0,15 Ω | 2% | 14 AWG",0.38,0.15,14.0,Air Core,https://www.soundimports.eu/en/jantzen-audio-000-8309.html,30.12
Jantzen Audio 000-1514,"Jantzen Audio 000-1514 | 0,39 mH | 1,30 Ω | 3% | 26 AWG",0.39,1.3,26.0,Air Core,https://www.soundimports.eu/en/jantzen-audio-000-1514.html,4.09
Jantzen Audio 000-2217,"Jantzen Audio 000-2217 | 0,39 mH | 0,23 Ω | 3% | 21 AWG",0.39,0.23,21.0,Air Core,https://www.soundimports.eu/en/jantzen-audio-000-2217.html,4.5
Jantzen Audio 000-1838,"Jantzen Audio 000-1838 | 0,39 mH | 0,86 Ω | 3% | 24 AWG",0.39,0.86,24.0,Air Core,https://www.soundimports.eu/en/jantzen-audio-000-1838.html,4.5
Jantzen Audio 000-1018,"Jantzen Audio 000-1018 | 0,39 mH | 0,52 Ω | 3% | 21 AWG",0.39,0.52,21.0,Air Core,https://www.soundimports.eu/en/jantzen-audio-000-1018.html,4.92
Jantzen Audio 000-2218,"Jantzen Audio 000-2218 | 0,39 mH | 0,20 Ω | 3% | 20 AWG",0.39,0.2,20.0,Air Core,https://www.soundimports.eu/en/jantzen-audio-000-2218.html,4.92
Jantzen Audio 000-2288,"Jantzen Audio 000-2288 | 0,39 mH | 0,21 Ω | 3% | 21 AWG",0.39,0.21,21.0,Air Core,https://www.soundimports.eu/en/jantzen-audio-000-2288.html,4.92
Jantzen Audio 000-2308,"Jantzen Audio 000-2308 | 0,39 mH | 0,16 Ω | 3% | 20 AWG",0.39,0.16,20.0,Air Core,https://www.soundimports.eu/en/jantzen-audio-000-2308.html,5.33
Jantzen Audio 000-1839,"Jantzen Audio 000-1839 | 0,39 mH | 0,42 Ω | 3% | 20 AWG",0.39,0.42,20.0,Air Core,https://www.soundimports.eu/en/jantzen-audio-000-1839.html,5.74
Intertechnik LU25/039/045,"Intertechnik LU25/039/045 | 0,39 mH | 1,04 Ω | 3% | 25 AWG",0.39,1.04,25.0,Air Core,https://www.soundimports.eu/en/it-intertechnik-lu25-039-045.html,5.74
Jantzen Audio 000-2059,"Jantzen Audio 000-2059 | 0,39 mH | 0,14 Ω | 3% | 18 AWG",0.39,0.14,18.0,Air Core,https://www.soundimports.eu/en/jantzen-audio-000-2059.html,6.16
Intertechnik LU32/039/071,"Intertechnik LU32/039/071 | 0,39 mH | 0,53 Ω | 3% | 21 AWG",0.39,0.53,21.0,Air Core,https://www.soundimports.eu/en/it-intertechnik-lu32-039-071.html,6.57
Jantzen Audio 000-1104,"Jantzen Audio 000-1104 | 0,39 mH | 0,29 Ω | 3% | 18 AWG",0.39,0.29,18.0,Air Core,https://www.soundimports.eu/en/jantzen-audio-000-1104.html,6.98
Jantzen Audio 000-1624,"Jantzen Audio 000-1624 | 0,39 mH | 0,285 Ω | 3% | 18 AWG",0.39,0.285,18.0,Air Core,https://www.soundimports.eu/en/jantzen-audio-000-1624.html,6.98
Jantzen Audio 000-1677,"Jantzen Audio 000-1677 | 0,39 mH | 0,293 Ω | 3% | 18 AWG",0.39,0.293,18.0,Air Core,https://www.soundimports.eu/en/jantzen-audio-000-1677.html,7.4
Jantzen Audio 000-1988,"Jantzen Audio 000-1988 | 0,39 mH | 0,32 Ω | 3% | 18 AWG",0.39,0.32,18.0,Air Core,https://www.soundimports.eu/en/jantzen-audio-000-1988.html,7.81
"Mundorf L100-0,39","Mundorf L100-0,39 | 0,39 mH | 0,29 Ω | 2% | 18 AWG",0.39,0.29,18.0,Air Core,https://www.soundimports.eu/en/mundorf-l100-039.html,8.22
"Mundorf P100-0,39","Mundorf P100-0,39 | 0,39 mH | 0,17 Ω | 3% | 18 AWG",0.39,0.17,18.0,Air Core,https://www.soundimports.eu/en/mundorf-p100-039.html,8.64
Jantzen Audio 000-1641,"Jantzen Audio 000-1641 | 0,39 mH | 0,205 Ω | 3% | 17 AWG",0.39,0.205,17.0,Air Core,https://www.soundimports.eu/en/jantzen-audio-000-1641.html,8.64
Jantzen Audio 000-1181,"Jantzen Audio 000-1181 | 0,39 mH | 0,24 Ω | 3% | 17 AWG",0.39,0.24,17.0,Air Core,https://www.soundimports.eu/en/jantzen-audio-000-1181.html,10.29
Jantzen Audio 000-1274,"Jantzen Audio 000-1274 | 0,39 mH | 0,17 Ω | 3% | 15 AWG",0.39,0.17,15.0,Air Core,https://www.soundimports.eu/en/jantzen-audio-000-1274.html,11.12
Intertechnik LU44/039/100,"Intertechnik LU44/039/100 | 0,39 mH | 0,33 Ω | 3% | 18 AWG",0.39,0.33,18.0,Air Core,https://www.soundimports.eu/en/it-intertechnik-lu44-039-100.html,12.77
Jantzen Audio 000-1895,"Jantzen Audio 000-1895 | 0,39 mH | 0,17 Ω | 3% | 15 AWG",0.39,0.17,15.0,Air Core,https://www.soundimports.eu/en/jantzen-audio-000-1895.html,13.6
Intertechnik LUT44/039/10,"Intertechnik LUT44/039/10 | 0,39 mH | 0,37 Ω | 3% | 18 AWG",0.39,0.37,18.0,Air Core,https://www.soundimports.eu/en/it-intertechnik-lut44-039-10.html,13.6
Jantzen Audio 000-L-0039,"Jantzen Audio 000-L-0039 | 0,39 mH | 0,2 Ω | 3% | 15 AWG",0.39,0.2,15.0,Air Core,https://www.soundimports.eu/en/jantzen-audio-000-l-0039.html,16.07
Jantzen Audio 000-0009,"Jantzen Audio 000-0009 | 0,39 mH | 0,14 Ω | 3% | 14 AWG",0.39,0.14,14.0,Air Core,https://www.soundimports.eu/en/jantzen-audio-000-0009.html,16.07
Intertechnik LU55/039/140,"Intertechnik LU55/039/140 | 0,39 mH | 0,18 Ω | 3% | 15 AWG",0.39,0.18,15.0,Air Core,https://www.soundimports.eu/en/it-intertechnik-lu55-039-140.html,16.49
Intertechnik CO30/039/090,"Intertechnik CO30/039/090 | 0,39 mH | 0,20 Ω | 5% | 19 AWG",0.39,0.2,19.0,Air Core,https://www.soundimports.eu/en/it-intertechnik-co30-039-090.html,18.55
Jantzen Audio 000-0109,"Jantzen Audio 000-0109 | 0,39 mH | 0,11 Ω | 3% | 13 AWG",0.39,0.11,13.0,Air Core,https://www.soundimports.eu/en/jantzen-audio-000-0109.html,19.38
Jantzen Audio 000-7694,"Jantzen Audio 000-7694 | 0,39 mH | 0,21 Ω | 2% | 16 AWG",0.39,0.21,16.0,Air Core,https://www.soundimports.eu/en/jantzen-audio-000-7694.html,21.45
"Mundorf CFC16-0,39","Mundorf CFC16-0,39 | 0,39 mH | 0,20 Ω | 2% | 16,5 AWG",0.39,0.2,16.5,Air Core,https://www.soundimports.eu/en/mundorf-cfc16-039.html,23.1
Jantzen Audio 000-7328,"Jantzen Audio 000-7328 | 0,39 mH | 0,15 Ω | 2% | 14 AWG",0.39,0.15,14.0,Air Core,https://www.soundimports.eu/en/jantzen-audio-000-7328.html,29.3
Intertechnik LU92/039/200,"Intertechnik LU92/039/200 | 0,39 mH | 0,10 Ω | 3% | 12 AWG",0.39,0.1,12.0,Air Core,https://www.soundimports.eu/en/it-intertechnik-lu92-039-200.html,32.19
"Mundorf CFC14-0,39","Mundorf CFC14-0,39 | 0,39 mH | 0,14 Ω | 2% | 14 AWG",0.39,0.14,14.0,Air Core,https://www.soundimports.eu/en/mundorf-cfc14-039.html,33.02
Intertechnik TRI62/039/0.50,"Intertechnik TRI62/039/0.50 | 0,39 mH | 0,209 Ω | 1% | 7 x 24 AWG",0.39,0.209,7.0,Air Core,https://www.soundimports.eu/en/it-intertechnik-tri62-039-0-50.html,33.02
Intertechnik TRI62/039/0.60,"Intertechnik TRI62/039/0.60 | 0,39 mH | 0,16 Ω | 1% | 7 x 23 AWG",0.39,0.16,7.0,Air Core,https://www.soundimports.eu/en/it-intertechnik-tri62-039-0-60.html,41.28
Jantzen Audio 000-8039,"Jantzen Audio 000-8039 | 0,39 mH | 0,11 Ω | 2% | 12 AWG",0.39,0.11,12.0,Air Core,https://www.soundimports.eu/en/jantzen-audio-000-8039.html,44.17
"Mundorf CFC12-0,39","Mundorf CFC12-0,39 | 0,39 mH | 0,11 Ω | 2% | 12 AWG",0.39,0.11,12.0,Air Core,https://www.soundimports.eu/en/mundorf-cfc12-039.html,53.68
Dayton Audio AC20-40,Dayton Audio AC20-40 | 0.40 mH | 0.41 Ω | 5% | 20 AWG,0.4,0.41,20.0,Air Core,https://www.soundimports.eu/en/dayton-audio-ac20-40.html,3.84
Jantzen Audio 000-1328,"Jantzen Audio 000-1328 | 0,4 mH | 0,87 Ω | 3% | 24 AWG",0.4,0.87,24.0,Air Core,https://www.soundimports.eu/en/jantzen-audio-000-1328.html,4.5
Jantzen Audio 000-2130,"Jantzen Audio 000-2130 | 0,40 mH | 0,32 Ω | 3% | 22 AWG",0.4,0.32,22.0,Air Core,https://www.soundimports.eu/en/jantzen-audio-000-2130.html,4.5
Jantzen Audio 000-1171,"Jantzen Audio 000-1171 | 0,40 mH | 0,598 Ω | 3% | 22 AWG",0.4,0.598,22.0,Air Core,https://www.soundimports.eu/en/jantzen-audio-000-1171.html,4.5
Jantzen Audio 000-1556,"Jantzen Audio 000-1556 | 0,40 mH | 1,70 Ω | 3% | 26 AWG",0.4,1.7,26.0,Air Core,https://www.soundimports.eu/en/jantzen-audio-000-1556.html,4.5
Jantzen Audio 000-1184,"Jantzen Audio 000-1184 | 0,40 mH | 0,96 Ω | 3% | 24 AWG",0.4,0.96,24.0,Air Core,https://www.soundimports.eu/en/jantzen-audio-000-1184.html,4.5
Jantzen Audio 000-1364,"Jantzen Audio 000-1364 | 0,40 mH | 0,64 Ω | 3% | 21 AWG",0.4,0.64,21.0,Air Core,https://www.soundimports.eu/en/jantzen-audio-000-1364.html,5.33
Jantzen Audio 000-1474,"Jantzen Audio 000-1474 | 0,4 mH | 0,52 Ω | 3% | 21 AWG",0.4,0.52,21.0,Air Core,https://www.soundimports.eu/en/jantzen-audio-000-1474.html,5.33
Jantzen Audio 000-1840,"Jantzen Audio 000-1840 | 0,40 mH | 0,43 Ω | 3% | 20 AWG",0.4,0.43,20.0,Air Core,https://www.soundimports.eu/en/jantzen-audio-000-1840.html,5.74
Dayton Audio LW18-40,Dayton Audio LW18-40 | 0.40 mH | 0.29 Ω | 3% | 18 AWG,0.4,0.29,18.0,Air Core,https://www.soundimports.eu/en/dayton-audio-lw18-40.html,5.74
Jantzen Audio 000-1950,"Jantzen Audio 000-1950 | 0,40 mH | 0,29 Ω | 3% | 18 AWG",0.4,0.29,18.0,Air Core,https://www.soundimports.eu/en/jantzen-audio-000-1950.html,6.98
Jantzen Audio 000-1966,"Jantzen Audio 000-1966 | 0,40 mH | 0,294 Ω | 3% | 18 AWG",0.4,0.294,18.0,Air Core,https://www.soundimports.eu/en/jantzen-audio-000-1966.html,6.98
Jantzen Audio 000-1654,"Jantzen Audio 000-1654 | 0,40 mH | 0,31 Ω | 3% | 18 AWG",0.4,0.31,18.0,Air Core,https://www.soundimports.eu/en/jantzen-audio-000-1654.html,7.81
Jantzen Audio 000-1841,"Jantzen Audio 000-1841 | 0,40 mH | 0,33 Ω | 3% | 18 AWG",0.4,0.33,18.0,Air Core,https://www.soundimports.eu/en/jantzen-audio-000-1841.html,7.81
Jantzen Audio 000-2139,"Jantzen Audio 000-2139 | 0,40 mH | 0,11 Ω | 3% | 17 AWG",0.4,0.11,17.0,Air Core,https://www.soundimports.eu/en/jantzen-audio-000-2139.html,7.81
Jantzen Audio 000-1515,"Jantzen Audio 000-1515 | 0,4 mH | 0,22 Ω | 3% | 17 AWG",0.4,0.22,17.0,Air Core,https://www.soundimports.eu/en/jantzen-audio-000-1515.html,9.88
Jantzen Audio 000-1243,"Jantzen Audio 000-1243 | 0,4 mH | 0,17 Ω | 3% | 15 AWG",0.4,0.17,15.0,Air Core,https://www.soundimports.eu/en/jantzen-audio-000-1243.html,12.77
Jantzen Audio 000-1548,"Jantzen Audio 000-1548 | 0,4 mH | 0,18 Ω | 3% | 15 AWG",0.4,0.18,15.0,Air Core,https://www.soundimports.eu/en/jantzen-audio-000-1548.html,13.6
Jantzen Audio 000-1186,"Jantzen Audio 000-1186 | 0,40 mH | 0,18 Ω | 3% | 15 AWG",0.4,0.18,15.0,Air Core,https://www.soundimports.eu/en/jantzen-audio-000-1186.html,13.6
Jantzen Audio 000-L-0040,"Jantzen Audio 000-L-0040 | 0,40 mH | 0,22 Ω | 3% | 15 AWG",0.4,0.22,15.0,Air Core,https://www.soundimports.eu/en/jantzen-audio-000-l-0040.html,15.66
Jantzen Audio 000-0050,"Jantzen Audio 000-0050 | 0,40 mH | 0,14 Ω | 3% | 14 AWG",0.4,0.14,14.0,Air Core,https://www.soundimports.eu/en/jantzen-audio-000-0050.html,16.07
Jantzen Audio 000-0829,"Jantzen Audio 000-0829 | 0,4 mH | 0,12 Ω | 3% | 13 AWG",0.4,0.12,13.0,Air Core,https://www.soundimports.eu/en/jantzen-audio-000-0829.html,18.55
Dayton Audio LW14-40,Dayton Audio LW14-40 | 0.40 mH | 0.15 Ω | 3% | 14 AWG,0.4,0.15,14.0,Air Core,https://www.soundimports.eu/en/dayton-audio-lw14-40.html,21.86
Jantzen Audio 000-8570,"Jantzen Audio 000-8570 | 0,40 mH | 0,21 Ω | 2% | 16 AWG",0.4,0.21,16.0,Air Core,https://www.soundimports.eu/en/jantzen-audio-000-8570.html,23.51
Jantzen Audio 000-7329,"Jantzen Audio 000-7329 | 0,40 mH | 0,15 Ω | 2% | 14 AWG",0.4,0.15,14.0,Air Core,https://www.soundimports.eu/en/jantzen-audio-000-7329.html,29.71
Jantzen Audio 000-8313,"Jantzen Audio 000-8313 | 0,40 mH | 0,16 Ω | 2% | 14 AWG",0.4,0.16,14.0,Air Core,https://www.soundimports.eu/en/jantzen-audio-000-8313.html,31.78
Jantzen Audio 000-1120,"Jantzen Audio 000-1120 | 0,41 mH | 0,44 Ω | 3% | 20 AWG",0.41,0.44,20.0,Air Core,https://www.soundimports.eu/en/jantzen-audio-000-1120.html,5.74
Jantzen Audio 000-1303,"Jantzen Audio 000-1303 | 0,41 mH | 0,30 Ω | 3% | 18 AWG",0.41,0.3,18.0,Air Core,https://www.soundimports.eu/en/jantzen-audio-000-1303.html,6.98
Jantzen Audio 000-7700,"Jantzen Audio 000-7700 | 0,41 mH | 0,22 Ω | 2% | 16 AWG",0.41,0.22,16.0,Air Core,https://www.soundimports.eu/en/jantzen-audio-000-7700.html,21.03
Jantzen Audio 000-7330,"Jantzen Audio 000-7330 | 0,41 mH | 0,15 Ω | 2% | 14 AWG",0.41,0.15,14.0,Air Core,https://www.soundimports.eu/en/jantzen-audio-000-7330.html,30.12
Jantzen Audio 000-1157,"Jantzen Audio 000-1157 | 0,42 mH | 0,98 Ω | 3% | 24 AWG",0.42,0.98,24.0,Air Core,https://www.soundimports.eu/en/jantzen-audio-000-1157.html,4.5
Jantzen Audio 000-1188,"Jantzen Audio 000-1188 | 0,42 mH | 0,44 Ω | 3% | 20 AWG",0.42,0.44,20.0,Air Core,https://www.soundimports.eu/en/jantzen-audio-000-1188.html,6.16
Jantzen Audio 000-1577,"Jantzen Audio 000-1577 | 0,42 mH | 0,30 Ω | 3% | 18 AWG",0.42,0.3,18.0,Air Core,https://www.soundimports.eu/en/jantzen-audio-000-1577.html,6.98
Jantzen Audio 000-1976,"Jantzen Audio 000-1976 | 0,42 mH | 0,25 Ω | 3% | 17 AWG",0.42,0.25,17.0,Air Core,https://www.soundimports.eu/en/jantzen-audio-000-1976.html,9.46
Jantzen Audio 000-1189,"Jantzen Audio 000-1189 | 0,42 mH | 0,19 Ω | 3% | 15 AWG",0.42,0.19,15.0,Air Core,https://www.soundimports.eu/en/jantzen-audio-000-1189.html,12.77
Jantzen Audio 000-8575,"Jantzen Audio 000-8575 | 0,42 mH | 0,22 Ω | 2% | 16 AWG",0.42,0.22,16.0,Air Core,https://www.soundimports.eu/en/jantzen-audio-000-8575.html,23.93
Jantzen Audio 000-8315,"Jantzen Audio 000-8315 | 0,42 mH | 0,16 Ω | 2% | 14 AWG",0.42,0.16,14.0,Air Core,https://www.soundimports.eu/en/jantzen-audio-000-8315.html,32.19
Jantzen Audio 000-0911,"Jantzen Audio 000-0911 | 0,424 mH | 0,3 Ω | 3% | 18 AWG",0.424,0.3,18.0,Air Core,https://www.soundimports.eu/en/jantzen-audio-000-0911.html,6.98
Jantzen Audio 000-1842,"Jantzen Audio 000-1842 | 0,43 mH | 0,91 Ω | 3% | 24 AWG",0.43,0.91,24.0,Air Core,https://www.soundimports.eu/en/jantzen-audio-000-1842.html,4.5
Jantzen Audio 000-1121,"Jantzen Audio 000-1121 | 0,43 mH | 0,45 Ω | 3% | 20 AWG",0.43,0.45,20.0,Air Core,https://www.soundimports.eu/en/jantzen-audio-000-1121.html,5.74
Jantzen Audio 000-0199,"Jantzen Audio 000-0199 | 0,43 mH | 0,19 Ω | 3% | 15 AWG",0.43,0.19,15.0,Air Core,https://www.soundimports.eu/en/jantzen-audio-000-0199.html,12.77
Jantzen Audio 000-7706,"Jantzen Audio 000-7706 | 0,43 mH | 0,22 Ω | 2% | 16 AWG",0.43,0.22,16.0,Air Core,https://www.soundimports.eu/en/jantzen-audio-000-7706.html,22.27
Jantzen Audio 000-1974,"Jantzen Audio 000-1974 | 0,44 mH | 0,56 Ω | 3% | 21 AWG",0.44,0.56,21.0,Air Core,https://www.soundimports.eu/en/jantzen-audio-000-1974.html,5.33
Jantzen Audio 000-1191,"Jantzen Audio 000-1191 | 0,44 mH | 0,31 Ω | 3% | 18 AWG",0.44,0.31,18.0,Air Core,https://www.soundimports.eu/en/jantzen-audio-000-1191.html,6.98
Dayton Audio AC20-45,Dayton Audio AC20-45 | 0.45 mH | 0.45 Ω | 5% | 20 AWG,0.45,0.45,20.0,Air Core,https://www.soundimports.eu/en/dayton-audio-ac20-45.html,4.01
Jantzen Audio 000-1400,"Jantzen Audio 000-1400 | 0,45 mH | 0,94 Ω | 3% | 24 AWG",0.45,0.94,24.0,Air Core,https://www.soundimports.eu/en/jantzen-audio-000-1400.html,4.5
Jantzen Audio 000-2135,"Jantzen Audio 000-2135 | 0,45 mH | 0,22 Ω | 3% | 20 AWG",0.45,0.22,20.0,Air Core,https://www.soundimports.eu/en/jantzen-audio-000-2135.html,5.33
Jantzen Audio 000-1195,"Jantzen Audio 000-1195 | 0,45 mH | 0,46 Ω | 3% | 20 AWG",0.45,0.46,20.0,Air Core,https://www.soundimports.eu/en/jantzen-audio-000-1195.html,6.16
Jantzen Audio 000-2367,"Jantzen Audio 000-2367 | 0,45 mH | 0,16 Ω | 3% | 18 AWG",0.45,0.16,18.0,Air Core,https://www.soundimports.eu/en/jantzen-audio-000-2367.html,6.16
Jantzen Audio 000-1196,"Jantzen Audio 000-1196 | 0,45 mH | 0,31 Ω | 3% | 18 AWG",0.45,0.31,18.0,Air Core,https://www.soundimports.eu/en/jantzen-audio-000-1196.html,6.98
Jantzen Audio 000-0053,"Jantzen Audio 000-0053 | 0,45 mH | 0,16 Ω | 3% | 14 AWG",0.45,0.16,14.0,Air Core,https://www.soundimports.eu/en/jantzen-audio-000-0053.html,16.9
Jantzen Audio 000-7710,"Jantzen Audio 000-7710 | 0,45 mH | 0,22 Ω | 2% | 16 AWG",0.45,0.22,16.0,Air Core,https://www.soundimports.eu/en/jantzen-audio-000-7710.html,23.1
Jantzen Audio 000-8578,"Jantzen Audio 000-8578 | 0,45 mH | 0,23 Ω | 2% | 16 AWG",0.45,0.23,16.0,Air Core,https://www.soundimports.eu/en/jantzen-audio-000-8578.html,24.34
Jantzen Audio 000-1977,"Jantzen Audio 000-1977 | 0,46 mH | 0,26 Ω | 3% | 17 AWG",0.46,0.26,17.0,Air Core,https://www.soundimports.eu/en/jantzen-audio-000-1977.html,9.88
Jantzen Audio 000-1636,"Jantzen Audio 000-1636 | 0,47 mH | 1,35 Ω | 3% | 26 AWG",0.47,1.35,26.0,Air Core,https://www.soundimports.eu/en/jantzen-audio-000-1636.html,4.09
Jantzen Audio 000-0967,"Jantzen Audio 000-0967 | 0,47 mH | 1,70 Ω | 3% | 26 AWG",0.47,1.7,26.0,Air Core,https://www.soundimports.eu/en/jantzen-audio-000-0967.html,4.5
Jantzen Audio 000-1845,"Jantzen Audio 000-1845 | 0,47 mH | 0,95 Ω | 3% | 24 AWG",0.47,0.95,24.0,Air Core,https://www.soundimports.eu/en/jantzen-audio-000-1845.html,4.5
Jantzen Audio 000-1294,"Jantzen Audio 000-1294 | 0,47 mH | 0,64 Ω | 3% | 22 AWG",0.47,0.64,22.0,Air Core,https://www.soundimports.eu/en/jantzen-audio-000-1294.html,5.33
Jantzen Audio 000-1030,"Jantzen Audio 000-1030 | 0,47 mH | 0,57 Ω | 3% | 21 AWG",0.47,0.57,21.0,Air Core,https://www.soundimports.eu/en/jantzen-audio-000-1030.html,5.33
Jantzen Audio 000-2307,"Jantzen Audio 000-2307 | 0,47 mH | 0,19 Ω | 3% | 20 AWG",0.47,0.19,20.0,Air Core,https://www.soundimports.eu/en/jantzen-audio-000-2307.html,5.33
Intertechnik LU25/047/045,"Intertechnik LU25/047/045 | 0,47 mH | 1,15 Ω | 3% | 25 AWG",0.47,1.15,25.0,Air Core,https://www.soundimports.eu/en/it-intertechnik-lu25-047-045.html,5.74
Jantzen Audio 000-5264,"Jantzen Audio 000-5264 | 0,47 mH | 0,16 Ω | 3% | 20 AWG",0.47,0.16,20.0,Air Core,https://www.soundimports.eu/en/jantzen-audio-000-5264.html,5.74
Jantzen Audio 000-2175,"Jantzen Audio 000-2175 | 0,47 mH | 0,126 Ω | 3% | 18 AWG",0.47,0.126,18.0,Air Core,https://www.soundimports.eu/en/jantzen-audio-000-2175.html,6.16
Jantzen Audio 000-1843,"Jantzen Audio 000-1843 | 0,47 mH | 0,46 Ω | 3% | 20 AWG",0.47,0.46,20.0,Air Core,https://www.soundimports.eu/en/jantzen-audio-000-1843.html,6.16
Jantzen Audio 000-2058,"Jantzen Audio 000-2058 | 0,47 mH | 0,17 Ω | 3% | 18 AWG",0.47,0.17,18.0,Air Core,https://www.soundimports.eu/en/jantzen-audio-000-2058.html,6.16
Intertechnik LU32/047/071,"Intertechnik LU32/047/071 | 0,47 mH | 0,57 Ω | 3% | 21 AWG",0.47,0.57,21.0,Air Core,https://www.soundimports.eu/en/it-intertechnik-lu32-047-071.html,6.57
Jantzen Audio 000-2366,"Jantzen Audio 000-2366 | 0,47 mH | 0,12 Ω | 3% | 17 AWG",0.47,0.12,17.0,Air Core,https://www.soundimports.eu/en/jantzen-audio-000-2366.html,6.98
Jantzen Audio 000-1031,"Jantzen Audio 000-1031 | 0,47 mH | 0,32 Ω | 3% | 18 AWG",0.47,0.32,18.0,Air Core,https://www.soundimports.eu/en/jantzen-audio-000-1031.html,7.81
Jantzen Audio 000-1281,"Jantzen Audio 000-1281 | 0,47 mH | 0,32 Ω | 3% | 18 AWG",0.47,0.32,18.0,Air Core,https://www.soundimports.eu/en/jantzen-audio-000-1281.html,7.81
Jantzen Audio 000-1989,"Jantzen Audio 000-1989 | 0,47 mH | 0,36 Ω | 3% | 18 AWG",0.47,0.36,18.0,Air Core,https://www.soundimports.eu/en/jantzen-audio-000-1989.html,7.81
Jantzen Audio 000-1539,"Jantzen Audio 000-1539 | 0,47 mH | 0,33 Ω | 3% | 18 AWG",0.47,0.33,18.0,Air Core,https://www.soundimports.eu/en/jantzen-audio-000-1539.html,7.81
Jantzen Audio 000-5081,"Jantzen Audio 000-5081 | 0,47 mH | 0,08 Ω | 3% | 17 AWG",0.47,0.08,17.0,Air Core,https://www.soundimports.eu/en/jantzen-audio-000-5081.html,7.81
"Mundorf L100-0,47","Mundorf L100-0,47 | 0,47 mH | 0,32 Ω | 2% | 18 AWG",0.47,0.32,18.0,Air Core,https://www.soundimports.eu/en/mundorf-l100-047.html,8.22
"Mundorf P100-0,47","Mundorf P100-0,47 | 0,47 mH | 0,19 Ω | 3% | 18 AWG",0.47,0.19,18.0,Air Core,https://www.soundimports.eu/en/mundorf-p100-047.html,9.05
Jantzen Audio 000-0887,"Jantzen Audio 000-0887 | 0,47 mH | 0,25 Ω | 3% | 17 AWG",0.47,0.25,17.0,Air Core,https://www.soundimports.eu/en/jantzen-audio-000-0887.html,9.46
Jantzen Audio 000-1760,"Jantzen Audio 000-1760 | 0,47 mH | 0,259 Ω | 3% | 17 AWG",0.47,0.259,17.0,Air Core,https://www.soundimports.eu/en/jantzen-audio-000-1760.html,9.88
Jantzen Audio 000-1198,"Jantzen Audio 000-1198 | 0,47 mH | 0,26 Ω | 3% | 17 AWG",0.47,0.26,17.0,Air Core,https://www.soundimports.eu/en/jantzen-audio-000-1198.html,11.12
Jantzen Audio 000-5436,"Jantzen Audio 000-5436 | 0,47 mH | 0,06 Ω | 3% | 14 AWG",0.47,0.06,14.0,Air Core,https://www.soundimports.eu/en/jantzen-audio-000-5436.html,11.94
Intertechnik LU44/047/100,"Intertechnik LU44/047/100 | 0,47 mH | 0,36 Ω | 3% | 18 AWG",0.47,0.36,18.0,Air Core,https://www.soundimports.eu/en/it-intertechnik-lu44-047-100.html,12.36
Jantzen Audio 000-1242,"Jantzen Audio 000-1242 | 0,47 mH | 0,18 Ω | 3% | 15 AWG",0.47,0.18,15.0,Air Core,https://www.soundimports.eu/en/jantzen-audio-000-1242.html,13.6
Intertechnik LUT44/047/10,"Intertechnik LUT44/047/10 | 0,47 mH | 0,41 Ω | 3% | 18 AWG",0.47,0.41,18.0,Air Core,https://www.soundimports.eu/en/it-intertechnik-lut44-047-10.html,14.01
Jantzen Audio 000-1518,"Jantzen Audio 000-1518 | 0,47 mH | 0,20 Ω | 3% | 15 AWG",0.47,0.2,15.0,Air Core,https://www.soundimports.eu/en/jantzen-audio-000-1518.html,14.42
Jantzen Audio 000-L-0047,"Jantzen Audio 000-L-0047 | 0,47 mH | 0,22 Ω | 3% | 15 AWG",0.47,0.22,15.0,Air Core,https://www.soundimports.eu/en/jantzen-audio-000-l-0047.html,16.07
Jantzen Audio 000-0010,"Jantzen Audio 000-0010 | 0,47 mH | 0,164 Ω | 3% | 14 AWG",0.47,0.164,14.0,Air Core,https://www.soundimports.eu/en/jantzen-audio-000-0010.html,17.31
Intertechnik LU55/047/140,"Intertechnik LU55/047/140 | 0,47 mH | 0,19 Ω | 3% | 15 AWG",0.47,0.19,15.0,Air Core,https://www.soundimports.eu/en/it-intertechnik-lu55-047-140.html,18.14
Intertechnik CO30/047/090,"Intertechnik CO30/047/090 | 0,47 mH | 0,23 Ω | 5% | 19 AWG",0.47,0.23,19.0,Air Core,https://www.soundimports.eu/en/it-intertechnik-co30-047-090.html,18.97
Jantzen Audio 000-0110,"Jantzen Audio 000-0110 | 0,47 mH | 0,13 Ω | 3% | 13 AWG",0.47,0.13,13.0,Air Core,https://www.soundimports.eu/en/jantzen-audio-000-0110.html,21.03
Intertechnik AT55/047/132,"Intertechnik AT55/047/132 | 0,47 mH | 0,21 Ω | 3% | 16 AWG",0.47,0.21,16.0,Air Core,https://www.soundimports.eu/en/it-intertechnik-at55-047-132.html,23.1
Jantzen Audio 000-7715,"Jantzen Audio 000-7715 | 0,47 mH | 0,23 Ω | 2% | 16 AWG",0.47,0.23,16.0,Air Core,https://www.soundimports.eu/en/jantzen-audio-000-7715.html,23.51
"Mundorf CFC16-0,47","Mundorf CFC16-0,47 | 0,47 mH | 0,23 Ω | 2% | 16,5 AWG",0.47,0.23,16.5,Air Core,https://www.soundimports.eu/en/mundorf-cfc16-047.html,24.75
Jantzen Audio 000-7338,"Jantzen Audio 000-7338 | 0,47 mH | 0,15 Ω | 2% | 14 AWG",0.47,0.15,14.0,Air Core,https://www.soundimports.eu/en/jantzen-audio-000-7338.html,30.12
Jantzen Audio 000-8320,"Jantzen Audio 000-8320 | 0,47 mH | 0,17 Ω | 2% | 14 AWG",0.47,0.17,14.0,Air Core,https://www.soundimports.eu/en/jantzen-audio-000-8320.html,34.67
Intertechnik LU92/047/200,"Intertechnik LU92/047/200 | 0,47 mH | 0,11 Ω | 3% | 12 AWG",0.47,0.11,12.0,Air Core,https://www.soundimports.eu/en/it-intertechnik-lu92-047-200.html,35.08
Intertechnik TRI62/047/0.50,"Intertechnik TRI62/047/0.50 | 0,47 mH | 0,239 Ω | 1% | 7 x 24 AWG",0.47,0.239,7.0,Air Core,https://www.soundimports.eu/en/it-intertechnik-tri62-047-0-50.html,36.32
"Mundorf CFC14-0,47","Mundorf CFC14-0,47 | 0,47 mH | 0,16 Ω | 2% | 14 AWG",0.47,0.16,14.0,Air Core,https://www.soundimports.eu/en/mundorf-cfc14-047.html,37.15
Intertechnik TRI62/047/0.60,"Intertechnik TRI62/047/0.60 | 0,47 mH | 0,17 Ω | 1% | 7 x 23 AWG",0.47,0.17,7.0,Air Core,https://www.soundimports.eu/en/it-intertechnik-tri62-047-0-60.html,42.93
Jantzen Audio 000-7045,"Jantzen Audio 000-7045 | 0,47 mH | 0,12 Ω | 2% | 12 AWG",0.47,0.12,12.0,Air Core,https://www.soundimports.eu/en/jantzen-audio-000-7045.html,46.65
Jantzen Audio 000-8047,"Jantzen Audio 000-8047 | 0,47 mH | 0,13 Ω | 2% | 12 AWG",0.47,0.13,12.0,Air Core,https://www.soundimports.eu/en/jantzen-audio-000-8047.html,50.79
Intertechnik TRI92/0.47/0.80,"Intertechnik TRI92/0.47/0.80 | 0,47 mH | 0,11 Ω | 1% | 7 x 20 AWG",0.47,0.11,7.0,Air Core,https://www.soundimports.eu/en/it-intertechnik-tri92-0-47-0-80.html,56.57
Jantzen Audio 000-9047,"Jantzen Audio 000-9047 | 0,47 mH | 0,05 Ω | 2% | 8 AWG",0.47,0.05,8.0,Air Core,https://www.soundimports.eu/en/jantzen-audio-000-9047.html,114.42
Jantzen Audio 000-1755,"Jantzen Audio 000-1755 | 0,48 mH | 0,70 Ω | 3% | 21 AWG",0.48,0.7,21.0,Air Core,https://www.soundimports.eu/en/jantzen-audio-000-1755.html,5.74
Jantzen Audio 000-1762,"Jantzen Audio 000-1762 | 0,48 mH | 0,69 Ω | 3% | 21 AWG",0.48,0.69,21.0,Air Core,https://www.soundimports.eu/en/jantzen-audio-000-1762.html,5.74
Jantzen Audio 000-1201,"Jantzen Audio 000-1201 | 0,48 mH | 0,33 Ω | 3% | 18 AWG",0.48,0.33,18.0,Air Core,https://www.soundimports.eu/en/jantzen-audio-000-1201.html,7.81
Jantzen Audio 000-1054,"Jantzen Audio 000-1054 | 0,48 mH | 0,26 Ω | 3% | 17 AWG",0.48,0.26,17.0,Air Core,https://www.soundimports.eu/en/jantzen-audio-000-1054.html,10.29
Jantzen Audio 000-7718,"Jantzen Audio 000-7718 | 0,48 mH | 0,24 Ω | 2% | 16 AWG",0.48,0.24,16.0,Air Core,https://www.soundimports.eu/en/jantzen-audio-000-7718.html,23.51
Jantzen Audio 000-1055,"Jantzen Audio 000-1055 | 0,49 mH | 2,29 Ω | 3% | 29 AWG",0.49,2.29,29.0,Air Core,https://www.soundimports.eu/en/jantzen-audio-000-1055.html,4.09
Jantzen Audio 000-1203,"Jantzen Audio 000-1203 | 0,49 mH | 0,33 Ω | 3% | 18 AWG",0.49,0.33,18.0,Air Core,https://www.soundimports.eu/en/jantzen-audio-000-1203.html,7.81
Jantzen Audio 000-L-0049,"Jantzen Audio 000-L-0049 | 0,49 mH | 0,23 Ω | 3% | 15 AWG",0.49,0.23,15.0,Air Core,https://www.soundimports.eu/en/jantzen-audio-000-l-0049.html,16.9
Jantzen Audio 000-7721,"Jantzen Audio 000-7721 | 0,49 mH | 0,24 Ω | 2% | 16 AWG",0.49,0.24,16.0,Air Core,https://www.soundimports.eu/en/jantzen-audio-000-7721.html,24.34
Dayton Audio AC20-50,Dayton Audio AC20-50 | 0.50 mH | 0.49 Ω | 5% | 20 AWG,0.5,0.49,20.0,Air Core,https://www.soundimports.eu/en/dayton-audio-ac20-50.html,4.09
Jantzen Audio 000-1389,"Jantzen Audio 000-1389 | 0,50 mH | 1,53 Ω | 3% | 26 AWG",0.5,1.53,26.0,Air Core,https://www.soundimports.eu/en/jantzen-audio-000-1389.html,4.09
Jantzen Audio 000-1327,"Jantzen Audio 000-1327 | 0,50 mH | 1 Ω | 3% | 24 AWG",0.5,1.0,24.0,Air Core,https://www.soundimports.eu/en/jantzen-audio-000-1327.html,4.5
Jantzen Audio 000-1596,"Jantzen Audio 000-1596 | 0,50 mH | 0,67 Ω | 3% | 22 AWG",0.5,0.67,22.0,Air Core,https://www.soundimports.eu/en/jantzen-audio-000-1596.html,4.5
Jantzen Audio 000-2413,"Jantzen Audio 000-2413 | 0,50 mH | 0,493 Ω | 3% | 24 AWG",0.5,0.493,24.0,Air Core,https://www.soundimports.eu/en/jantzen-audio-000-2413.html,4.92
Jantzen Audio 000-0883,"Jantzen Audio 000-0883 | 0,50 mH | 1,08 Ω | 3% | 24 AWG",0.5,1.08,24.0,Air Core,https://www.soundimports.eu/en/jantzen-audio-000-0883.html,4.92
Jantzen Audio 000-1405,"Jantzen Audio 000-1405 | 0,50 mH | 0,58 Ω | 3% | 21 AWG",0.5,0.58,21.0,Air Core,https://www.soundimports.eu/en/jantzen-audio-000-1405.html,5.33
Jantzen Audio 000-2028,"Jantzen Audio 000-2028 | 0,50 mH | 0,23 Ω | 3% | 20 AWG",0.5,0.23,20.0,Air Core,https://www.soundimports.eu/en/jantzen-audio-000-2028.html,5.33
Dayton Audio LW18-50,Dayton Audio LW18-50 | 0.50 mH | 0.33 Ω | 3% | 18 AWG,0.5,0.33,18.0,Air Core,https://www.soundimports.eu/en/dayton-audio-lw18-50.html,6.16
Jantzen Audio 000-1034,"Jantzen Audio 000-1034 | 0,50 mH | 0,49 Ω | 3% | 20 AWG",0.5,0.49,20.0,Air Core,https://www.soundimports.eu/en/jantzen-audio-000-1034.html,6.16
Jantzen Audio 000-5115,"Jantzen Audio 000-5115 | 0,50 mH | 0,11 Ω | 3% | 18 AWG",0.5,0.11,18.0,Air Core,https://www.soundimports.eu/en/jantzen-audio-000-5115.html,6.16
Jantzen Audio 000-5214,"Jantzen Audio 000-5214 | 0,50 mH | 0,09 Ω | 3% | 17 AWG",0.5,0.09,17.0,Air Core,https://www.soundimports.eu/en/jantzen-audio-000-5214.html,7.4
Jantzen Audio 000-1403,"Jantzen Audio 000-1403 | 0,50 mH | 0,38 Ω | 3% | 18 AWG",0.5,0.38,18.0,Air Core,https://www.soundimports.eu/en/jantzen-audio-000-1403.html,8.64
Jantzen Audio 000-5215,"Jantzen Audio 000-5215 | 0,50 mH | 0,06 Ω | 3% | 15 AWG",0.5,0.06,15.0,Air Core,https://www.soundimports.eu/en/jantzen-audio-000-5215.html,8.64
Jantzen Audio 000-1401,"Jantzen Audio 000-1401 | 0,50 mH | 0,33 Ω | 3% | 18 AWG",0.5,0.33,18.0,Air Core,https://www.soundimports.eu/en/jantzen-audio-000-1401.html,9.46
Jantzen Audio 000-0950,"Jantzen Audio 000-0950 | 0,50 mH | 0,26 Ω | 3% | 17 AWG",0.5,0.26,17.0,Air Core,https://www.soundimports.eu/en/jantzen-audio-000-0950.html,9.88
Jantzen Audio 000-1505,"Jantzen Audio 000-1505 | 0,5 mH | 0,26 Ω | 3% | 17 AWG",0.5,0.26,17.0,Air Core,https://www.soundimports.eu/en/jantzen-audio-000-1505.html,11.12
Jantzen Audio 000-1267,"Jantzen Audio 000-1267 | 0,5 mH | 0,21 Ω | 3% | 15 AWG",0.5,0.21,15.0,Air Core,https://www.soundimports.eu/en/jantzen-audio-000-1267.html,13.6
Jantzen Audio 000-L-0050,"Jantzen Audio 000-L-0050 | 0,5 mH | 0,25 Ω | 3% | 15 AWG",0.5,0.25,15.0,Air Core,https://www.soundimports.eu/en/jantzen-audio-000-l-0050.html,16.9
Jantzen Audio 000-0981,"Jantzen Audio 000-0981 | 0,50 mH | 0,16 Ω | 3% | 14 AWG",0.5,0.16,14.0,Air Core,https://www.soundimports.eu/en/jantzen-audio-000-0981.html,17.73
Jantzen Audio 000-7724,"Jantzen Audio 000-7724 | 0,50 mH | 0,24 Ω | 2% | 16 AWG",0.5,0.24,16.0,Air Core,https://www.soundimports.eu/en/jantzen-audio-000-7724.html,24.34
Jantzen Audio 000-8584,"Jantzen Audio 000-8584 | 0,5 mH | 0,24 Ω | 2% | 16 AWG",0.5,0.24,16.0,Air Core,https://www.soundimports.eu/en/jantzen-audio-000-8584.html,25.17
Jantzen Audio 000-7342,"Jantzen Audio 000-7342 | 0,50 mH | 0,17 Ω | 2% | 14 AWG",0.5,0.17,14.0,Air Core,https://www.soundimports.eu/en/jantzen-audio-000-7342.html,31.78
Jantzen Audio 000-8324,"Jantzen Audio 000-8324 | 0,50 mH | 0,17 Ω | 2% | 14 AWG",0.5,0.17,14.0,Air Core,https://www.soundimports.eu/en/jantzen-audio-000-8324.html,35.08
Jantzen Audio 000-8050,"Jantzen Audio 000-8050 | 0,50 mH | 0,13 Ω | 2% | 12 AWG",0.5,0.13,12.0,Air Core,https://www.soundimports.eu/en/jantzen-audio-000-8050.html,51.61
Jantzen Audio 000-1319,"Jantzen Audio 000-1319 | 0,51 mH | 1,01 Ω | 3% | 24 AWG",0.51,1.01,24.0,Air Core,https://www.soundimports.eu/en/jantzen-audio-000-1319.html,4.5
Jantzen Audio 000-1123,"Jantzen Audio 000-1123 | 0,51 mH | 0,49 Ω | 3% | 20 AWG",0.51,0.49,20.0,Air Core,https://www.soundimports.eu/en/jantzen-audio-000-1123.html,6.16
Jantzen Audio 000-0195,"Jantzen Audio 000-0195 | 0,51 mH | 0,204 Ω | 3% | 15 AWG",0.51,0.204,15.0,Air Core,https://www.soundimports.eu/en/jantzen-audio-000-0195.html,14.83
Jantzen Audio 000-7726,"Jantzen Audio 000-7726 | 0,51 mH | 0,24 Ω | 2% | 16 AWG",0.51,0.24,16.0,Air Core,https://www.soundimports.eu/en/jantzen-audio-000-7726.html,22.69
Dayton Audio LW14-51,Dayton Audio LW14-51 | 0.51 mH | 0.17 Ω | 3% | 14 AWG,0.51,0.17,14.0,Air Core,https://www.soundimports.eu/en/dayton-audio-lw14-51.html,25.99
Jantzen Audio 000-8325,"Jantzen Audio 000-8325 | 0,51 mH | 0,17 Ω | 2% | 14 AWG",0.51,0.17,14.0,Air Core,https://www.soundimports.eu/en/jantzen-audio-000-8325.html,36.32
Jantzen Audio 000-8051,"Jantzen Audio 000-8051 | 0,51 mH | 0,13 Ω | 2% | 12 AWG",0.51,0.13,12.0,Air Core,https://www.soundimports.eu/en/jantzen-audio-000-8051.html,52.07
Jantzen Audio 000-1665,"Jantzen Audio 000-1665 | 0,52 mH | 0,59 Ω | 3% | 21 AWG",0.52,0.59,21.0,Air Core,https://www.soundimports.eu/en/jantzen-audio-000-1665.html,5.33
Jantzen Audio 000-1545,"Jantzen Audio 000-1545 | 0,52 mH | 0,34 Ω | 3% | 18 AWG",0.52,0.34,18.0,Air Core,https://www.soundimports.eu/en/jantzen-audio-000-1545.html,8.64
Jantzen Audio 000-0925,"Jantzen Audio 000-0925 | 0,52 mH | 0,261 Ω | 3% | 17 AWG",0.52,0.261,17.0,Air Core,https://www.soundimports.eu/en/jantzen-audio-000-0925.html,11.12
Jantzen Audio 000-1479,"Jantzen Audio 000-1479 | 0,52 mH | 0,21 Ω | 3% | 15 AWG",0.52,0.21,15.0,Air Core,https://www.soundimports.eu/en/jantzen-audio-000-1479.html,13.6
Jantzen Audio 000-8586,"Jantzen Audio 000-8586 | 0,52 mH | 0,25 Ω | 2% | 16 AWG",0.52,0.25,16.0,Air Core,https://www.soundimports.eu/en/jantzen-audio-000-8586.html,25.17
Jantzen Audio 000-1124,"Jantzen Audio 000-1124 | 0,53 mH | 0,50 Ω | 3% | 20 AWG",0.53,0.5,20.0,Air Core,https://www.soundimports.eu/en/jantzen-audio-000-1124.html,6.16
Jantzen Audio 000-0210,"Jantzen Audio 000-0210 | 0,53 mH | 0,21 Ω | 3% | 15 AWG",0.53,0.21,15.0,Air Core,https://www.soundimports.eu/en/jantzen-audio-000-0210.html,15.25
Jantzen Audio 000-0929,"Jantzen Audio 000-0929 | 0,54 mH | 0,385 Ω | 3% | 18 AWG",0.54,0.385,18.0,Air Core,https://www.soundimports.eu/en/jantzen-audio-000-0929.html,8.22
Jantzen Audio 000-8588,"Jantzen Audio 000-8588 | 0,54 mH | 0,26 Ω | 2% | 16 AWG",0.54,0.26,16.0,Air Core,https://www.soundimports.eu/en/jantzen-audio-000-8588.html,25.58
Jantzen Audio 000-1145,"Jantzen Audio 000-1145 | 0,55 mH | 0,75 Ω | 3% | 22 AWG",0.55,0.75,22.0,Air Core,https://www.soundimports.eu/en/jantzen-audio-000-1145.html,4.95
Jantzen Audio 000-1209,"Jantzen Audio 000-1209 | 0,55 mH | 0,60 Ω | 3% | 21 AWG",0.55,0.6,21.0,Air Core,https://www.soundimports.eu/en/jantzen-audio-000-1209.html,5.33
Dayton Audio AC20-55,Dayton Audio AC20-55 | 0.55 mH | 0.54 Ω| 5% | 20 AWG,0.55,0.54,20.0,Air Core,https://www.soundimports.eu/en/dayton-audio-ac20-55.html,5.78
Jantzen Audio 000-1846,"Jantzen Audio 000-1846 | 0,55 mH | 0,51 Ω | 3% | 20 AWG",0.55,0.51,20.0,Air Core,https://www.soundimports.eu/en/jantzen-audio-000-1846.html,6.16
Jantzen Audio 000-1509,"Jantzen Audio 000-1509 | 0,55 mH | 0,3 Ω | 3% | 17 AWG",0.55,0.3,17.0,Air Core,https://www.soundimports.eu/en/jantzen-audio-000-1509.html,11.94
Jantzen Audio 000-1036,"Jantzen Audio 000-1036 | 0,55 mH | 0,22 Ω | 3% | 15 AWG",0.55,0.22,15.0,Air Core,https://www.soundimports.eu/en/jantzen-audio-000-1036.html,14.42
Jantzen Audio 000-L-0055,"Jantzen Audio 000-L-0055 | 0,55 mH | 0,25 Ω | 3% | 15 AWG",0.55,0.25,15.0,Air Core,https://www.soundimports.eu/en/jantzen-audio-000-l-0055.html,16.9
Jantzen Audio 000-7733,"Jantzen Audio 000-7733 | 0,55 mH | 0,25 Ω | 2% | 16 AWG",0.55,0.25,16.0,Air Core,https://www.soundimports.eu/en/jantzen-audio-000-7733.html,24.34
Jantzen Audio 000-8589,"Jantzen Audio 000-8589 | 0,55 mH | 0,26 Ω | 2% | 16 AWG",0.55,0.26,16.0,Air Core,https://www.soundimports.eu/en/jantzen-audio-000-8589.html,25.99
Jantzen Audio 000-1161,"Jantzen Audio 000-1161 | 0,56 mH | 1,53 Ω | 3% | 26 AWG",0.56,1.53,26.0,Air Core,https://www.soundimports.eu/en/jantzen-audio-000-1161.html,4.09
Jantzen Audio 000-2336,"Jantzen Audio 000-2336 | 0,56 mH | 0,52 Ω | 3% | 24 AWG",0.56,0.52,24.0,Air Core,https://www.soundimports.eu/en/jantzen-audio-000-2336.html,4.5
Jantzen Audio 000-1847,"Jantzen Audio 000-1847 | 0,56 mH | 1,10 Ω | 3% | 24 AWG",0.56,1.1,24.0,Air Core,https://www.soundimports.eu/en/jantzen-audio-000-1847.html,4.5
Jantzen Audio 000-1026,"Jantzen Audio 000-1026 | 0,56 mH | 0,76 Ω | 3% | 22 AWG",0.56,0.76,22.0,Air Core,https://www.soundimports.eu/en/jantzen-audio-000-1026.html,4.92
Jantzen Audio 000-2286,"Jantzen Audio 000-2286 | 0,56 mH | 0,25 Ω | 3% | 21 AWG",0.56,0.25,21.0,Air Core,https://www.soundimports.eu/en/jantzen-audio-000-2286.html,4.92
Jantzen Audio 000-1848,"Jantzen Audio 000-1848 | 0,56 mH | 0,51 Ω | 3% | 20 AWG",0.56,0.51,20.0,Air Core,https://www.soundimports.eu/en/jantzen-audio-000-1848.html,5.33
Jantzen Audio 000-2306,"Jantzen Audio 000-2306 | 0,56 mH | 0,21 Ω | 3% | 20 AWG",0.56,0.21,20.0,Air Core,https://www.soundimports.eu/en/jantzen-audio-000-2306.html,5.33
Jantzen Audio 000-0292,"Jantzen Audio 000-0292 | 0,56 mH | 0,56 Ω | 3% | 21 AWG",0.56,0.56,21.0,Air Core,https://www.soundimports.eu/en/jantzen-audio-000-0292.html,5.33
Jantzen Audio 000-1040,"Jantzen Audio 000-1040 | 0,56 mH | 0,61 Ω | 3% | 21 AWG",0.56,0.61,21.0,Air Core,https://www.soundimports.eu/en/jantzen-audio-000-1040.html,5.74
Jantzen Audio 000-2377,"Jantzen Audio 000-2377 | 0,56 mH | 0,17 Ω | 3% | 18 AWG",0.56,0.17,18.0,Air Core,https://www.soundimports.eu/en/jantzen-audio-000-2377.html,6.16
Jantzen Audio 000-5243,"Jantzen Audio 000-5243 | 0,56 mH | 0,2 Ω | 3% | 20 AWG",0.56,0.2,20.0,Air Core,https://www.soundimports.eu/en/jantzen-audio-000-5243.html,6.16
Intertechnik LU32/056/071,"Intertechnik LU32/056/071 | 0,56 mH | 0,65 Ω | 3% | 21 AWG",0.56,0.65,21.0,Air Core,https://www.soundimports.eu/en/it-intertechnik-lu32-056-071.html,6.98
Jantzen Audio 000-1678,"Jantzen Audio 000-1678 | 0,56 mH | 0,36 Ω | 3% | 18 AWG",0.56,0.36,18.0,Air Core,https://www.soundimports.eu/en/jantzen-audio-000-1678.html,7.81
Jantzen Audio 000-2055,"Jantzen Audio 000-2055 | 0,56 mH | 0,13 Ω | 3% | 17 AWG",0.56,0.13,17.0,Air Core,https://www.soundimports.eu/en/jantzen-audio-000-2055.html,7.81
Jantzen Audio 000-5083,"Jantzen Audio 000-5083 | 0,56 mH | 0,12 Ω | 3% | 18 AWG",0.56,0.12,18.0,Air Core,https://www.soundimports.eu/en/jantzen-audio-000-5083.html,7.81
Jantzen Audio 000-1373,"Jantzen Audio 000-1373 | 0,56 mH | 0,40 Ω | 3% | 18 AWG",0.56,0.4,18.0,Air Core,https://www.soundimports.eu/en/jantzen-audio-000-1373.html,8.22
Jantzen Audio 000-1990,"Jantzen Audio 000-1990 | 0,56 mH | 0,39 Ω | 3% | 18 AWG",0.56,0.39,18.0,Air Core,https://www.soundimports.eu/en/jantzen-audio-000-1990.html,8.22
Jantzen Audio 000-1035,"Jantzen Audio 000-1035 | 0,56 mH | 0,34 Ω | 3% | 18 AWG",0.56,0.34,18.0,Air Core,https://www.soundimports.eu/en/jantzen-audio-000-1035.html,8.22
"Mundorf L100-0,56","Mundorf L100-0,56 | 0,56 mH | 0,36 Ω | 2% | 18 AWG",0.56,0.36,18.0,Air Core,https://www.soundimports.eu/en/mundorf-l100-056.html,9.05
"Mundorf P100-0,56","Mundorf P100-0,56 | 0,56 mH | 0,21 Ω | 3% | 18 AWG",0.56,0.21,18.0,Air Core,https://www.soundimports.eu/en/mundorf-p100-056.html,9.46
Jantzen Audio 000-1210,"Jantzen Audio 000-1210 | 0,56 mH | 0,3 Ω | 3% | 17 AWG",0.56,0.3,17.0,Air Core,https://www.soundimports.eu/en/jantzen-audio-000-1210.html,10.29
Jantzen Audio 000-0888,"Jantzen Audio 000-0888 | 0,56 mH | 0,27 Ω | 3% | 17 AWG",0.56,0.27,17.0,Air Core,https://www.soundimports.eu/en/jantzen-audio-000-0888.html,10.29
Jantzen Audio 000-5180,"Jantzen Audio 000-5180 | 0,56 mH | 0,08 Ω | 3% | 15 AWG",0.56,0.08,15.0,Air Core,https://www.soundimports.eu/en/jantzen-audio-000-5180.html,10.7
Jantzen Audio 000-5435,"Jantzen Audio 000-5435 | 0,56 mH | 0,06 Ω | 3% | 14 AWG",0.56,0.06,14.0,Air Core,https://www.soundimports.eu/en/jantzen-audio-000-5435.html,12.36
Intertechnik LU44/056/100,"Intertechnik LU44/056/100 | 0,56 mH | 0,42 Ω | 3% | 18 AWG",0.56,0.42,18.0,Air Core,https://www.soundimports.eu/en/it-intertechnik-lu44-056-100.html,14.01
Intertechnik LUT44/056/10,"Intertechnik LUT44/056/10 | 0,56 mH | 0,44 Ω | 3% | 18 AWG",0.56,0.44,18.0,Air Core,https://www.soundimports.eu/en/it-intertechnik-lut44-056-10.html,14.83
Jantzen Audio 000-1896,"Jantzen Audio 000-1896 | 0,56 mH | 0,22 Ω | 3% | 15 AWG",0.56,0.22,15.0,Air Core,https://www.soundimports.eu/en/jantzen-audio-000-1896.html,15.25
Jantzen Audio 000-0011,"Jantzen Audio 000-0011 | 0,56 mH | 0,18 Ω | 3% | 14 AWG",0.56,0.18,14.0,Air Core,https://www.soundimports.eu/en/jantzen-audio-000-0011.html,18.55
Jantzen Audio 000-L-0056,"Jantzen Audio 000-L-0056 | 0,56 mH | 0,24 Ω | 3% | 15 AWG",0.56,0.24,15.0,Air Core,https://www.soundimports.eu/en/jantzen-audio-000-l-0056.html,18.55
Intertechnik CO30/056/080,"Intertechnik CO30/056/080 | 0,56 mH | 0,30 Ω | 5% | 20 AWG",0.56,0.3,20.0,Air Core,https://www.soundimports.eu/en/it-intertechnik-co30-056-080.html,19.38
Intertechnik LU62/056/140,"Intertechnik LU62/056/140 | 0,56 mH | 0,22 Ω | 3% | 15 AWG",0.56,0.22,15.0,Air Core,https://www.soundimports.eu/en/it-intertechnik-lu62-056-140.html,21.03
Jantzen Audio 000-0111,"Jantzen Audio 000-0111 | 0,56 mH | 0,14 Ω | 3% | 13 AWG",0.56,0.14,13.0,Air Core,https://www.soundimports.eu/en/jantzen-audio-000-0111.html,22.69
Jantzen Audio 000-7736,"Jantzen Audio 000-7736 | 0,56 mH | 0,21 Ω | 2% | 16 AWG",0.56,0.21,16.0,Air Core,https://www.soundimports.eu/en/jantzen-audio-000-7736.html,23.51
Intertechnik AT55/056/132,"Intertechnik AT55/056/132 | 0,56 mH | 0,23 Ω | 3% | 16 AWG",0.56,0.23,16.0,Air Core,https://www.soundimports.eu/en/it-intertechnik-at55-056-132.html,25.99
Jantzen Audio 000-8590,"Jantzen Audio 000-8590 | 0,56 mH | 0,27 Ω | 2% | 16 AWG",0.56,0.27,16.0,Air Core,https://www.soundimports.eu/en/jantzen-audio-000-8590.html,25.99
Dayton Audio CF16-56,Dayton Audio CF16-56 | 0.56 mH | 0.25 Ω | 3% | 16 AWG,0.56,0.25,16.0,Air Core,https://www.soundimports.eu/en/dayton-audio-cf16-56.html,26.41
"Mundorf CFC16-0,56","Mundorf CFC16-0,56 | 0,56 mH | 0,26 Ω | 2% | 16,5 AWG",0.56,0.26,16.5,Air Core,https://www.soundimports.eu/en/mundorf-cfc16-056.html,26.44
Jantzen Audio 000-7352,"Jantzen Audio 000-7352 | 0,56 mH | 0,18 Ω | 2% | 14 AWG",0.56,0.18,14.0,Air Core,https://www.soundimports.eu/en/jantzen-audio-000-7352.html,33.02
Intertechnik LU92/056/200,"Intertechnik LU92/056/200 | 0,56 mH | 0,12 Ω | 3% | 12 AWG",0.56,0.12,12.0,Air Core,https://www.soundimports.eu/en/it-intertechnik-lu92-056-200.html,36.74
Jantzen Audio 000-8330,"Jantzen Audio 000-8330 | 0,56 mH | 0,18 Ω | 2% | 14 AWG",0.56,0.18,14.0,Air Core,https://www.soundimports.eu/en/jantzen-audio-000-8330.html,37.56
Intertechnik TRI62/056/0.50,"Intertechnik TRI62/056/0.50 | 0,56 mH | 0,257 Ω | 1% | 7 x 24 AWG",0.56,0.257,7.0,Air Core,https://www.soundimports.eu/en/it-intertechnik-tri62-056-0-50.html,39.63
"Mundorf CFC14-0,56","Mundorf CFC14-0,56 | 0,56 mH | 0,18 Ω | 2% | 14 AWG",0.56,0.18,14.0,Air Core,https://www.soundimports.eu/en/mundorf-cfc14-056.html,41.28
Jantzen Audio 000-7050,"Jantzen Audio 000-7050 | 0,56 mH | 0,13 Ω | 2% | 12 AWG",0.56,0.13,12.0,Air Core,https://www.soundimports.eu/en/jantzen-audio-000-7050.html,49.55
Intertechnik TRI92/0.56/0.60,"Intertechnik TRI92/0.56/0.60 | 0,56 mH | 0,19 Ω | 1% | 7 x 23 AWG",0.56,0.19,7.0,Air Core,https://www.soundimports.eu/en/it-intertechnik-tri92-0-56-0-60.html,49.55
Jantzen Audio 000-8056,"Jantzen Audio 000-8056 | 0,56 mH | 0,14 Ω | 2% | 12 AWG",0.56,0.14,12.0,Air Core,https://www.soundimports.eu/en/jantzen-audio-000-8056.html,52.85
Intertechnik TRI92/0.56/0.80,"Intertechnik TRI92/0.56/0.80 | 0,56 mH | 0,12 Ω | 1% | 7 x 20 AWG",0.56,0.12,7.0,Air Core,https://www.soundimports.eu/en/it-intertechnik-tri92-0-56-0-80.html,66.07
Jantzen Audio 000-1039,"Jantzen Audio 000-1039 | 0,58 mH | 2,82 Ω | 3% | 29 AWG",0.58,2.82,29.0,Air Core,https://www.soundimports.eu/en/jantzen-audio-000-1039.html,4.09
Jantzen Audio 000-0155,"Jantzen Audio 000-0155 | 0,58 mH | 0,51 Ω | 3% | 20 AWG",0.58,0.51,20.0,Air Core,https://www.soundimports.eu/en/jantzen-audio-000-0155.html,6.16
Jantzen Audio 000-1302,"Jantzen Audio 000-1302 | 0,58 mH | 0,31 Ω | 3% | 17 AWG",0.58,0.31,17.0,Air Core,https://www.soundimports.eu/en/jantzen-audio-000-1302.html,10.7
Jantzen Audio 000-8591,"Jantzen Audio 000-8591 | 0,58 mH | 0,27 Ω | 2% | 16 AWG",0.58,0.27,16.0,Air Core,https://www.soundimports.eu/en/jantzen-audio-000-8591.html,26.41
Jantzen Audio 000-1439,"Jantzen Audio 000-1439 | 0,59 mH | 0,82 Ω | 3% | 22 AWG",0.59,0.82,22.0,Air Core,https://www.soundimports.eu/en/jantzen-audio-000-1439.html,4.92
Jantzen Audio 000-7743,"Jantzen Audio 000-7743 | 0,59 mH | 0,27 Ω | 2% | 16 AWG",0.59,0.27,16.0,Air Core,https://www.soundimports.eu/en/jantzen-audio-000-7743.html,24.34
Dayton Audio AC20-60,Dayton Audio AC20-60 | 0.60 mH | 0.56 Ω | 5% | 20 AWG,0.6,0.56,20.0,Air Core,https://www.soundimports.eu/en/dayton-audio-ac20-60.html,4.34
Jantzen Audio 000-1849,"Jantzen Audio 000-1849 | 0,60 mH | 1,12 Ω | 3% | 24 AWG",0.6,1.12,24.0,Air Core,https://www.soundimports.eu/en/jantzen-audio-000-1849.html,4.92
Jantzen Audio 000-2016,"Jantzen Audio 000-2016 | 0,6 mH | 0,25 Ω | 3% | 20 AWG",0.6,0.25,20.0,Air Core,https://www.soundimports.eu/en/jantzen-audio-000-2016.html,5.33
Jantzen Audio 000-1406,"Jantzen Audio 000-1406 | 0,60 mH | 0,63 Ω | 3% | 21 AWG",0.6,0.63,21.0,Air Core,https://www.soundimports.eu/en/jantzen-audio-000-1406.html,5.33
Jantzen Audio 000-1850,"Jantzen Audio 000-1850 | 0,6 mH | 0,52 Ω | 3% | 20 AWG",0.6,0.52,20.0,Air Core,https://www.soundimports.eu/en/jantzen-audio-000-1850.html,6.16
Jantzen Audio 000-2184,"Jantzen Audio 000-2184 | 0,60 mH | 0,18 Ω | 3% | 18 AWG",0.6,0.18,18.0,Air Core,https://www.soundimports.eu/en/jantzen-audio-000-2184.html,6.16
Jantzen Audio 000-1367,"Jantzen Audio 000-1367 | 0,60 mH | 0,77 Ω | 3% | 21 AWG",0.6,0.77,21.0,Air Core,https://www.soundimports.eu/en/jantzen-audio-000-1367.html,6.16
Dayton Audio LW18-60,Dayton Audio LW18-60 | 0.60 mH | 0.38 Ω | 3% | 18 AWG,0.6,0.38,18.0,Air Core,https://www.soundimports.eu/en/dayton-audio-lw18-60.html,7.4
Jantzen Audio 000-1967,"Jantzen Audio 000-1967 | 0,6 mH | 0,36 Ω | 3% | 18 AWG",0.6,0.36,18.0,Air Core,https://www.soundimports.eu/en/jantzen-audio-000-1967.html,7.81
Jantzen Audio 000-1951,"Jantzen Audio 000-1951 | 0,60 mH | 0,37 Ω | 3% | 18 AWG",0.6,0.37,18.0,Air Core,https://www.soundimports.eu/en/jantzen-audio-000-1951.html,7.81
Jantzen Audio 000-1991,"Jantzen Audio 000-1991 | 0,60 mH | 0,41 Ω | 3% | 18 AWG",0.6,0.41,18.0,Air Core,https://www.soundimports.eu/en/jantzen-audio-000-1991.html,8.22
Jantzen Audio 000-1851,"Jantzen Audio 000-1851 | 0,60 mH | 0,41 Ω | 3% | 18 AWG",0.6,0.41,18.0,Air Core,https://www.soundimports.eu/en/jantzen-audio-000-1851.html,8.64
Jantzen Audio 000-0912,"Jantzen Audio 000-0912 | 0,60 mH | 0,279 Ω | 3% | 17 AWG",0.6,0.279,17.0,Air Core,https://www.soundimports.eu/en/jantzen-audio-000-0912.html,10.29
Jantzen Audio 000-1444,"Jantzen Audio 000-1444 | 0,60 mH | 0,23 Ω | 3% | 15 AWG",0.6,0.23,15.0,Air Core,https://www.soundimports.eu/en/jantzen-audio-000-1444.html,15.66
Jantzen Audio 000-L-0060,"Jantzen Audio 000-L-0060 | 0,6 mH | 0,26 Ω | 3% | 15 AWG",0.6,0.26,15.0,Air Core,https://www.soundimports.eu/en/jantzen-audio-000-l-0060.html,18.97
Jantzen Audio 000-0052,"Jantzen Audio 000-0052 | 0,60 mH | 0,184 Ω | 3% | 14 AWG",0.6,0.184,14.0,Air Core,https://www.soundimports.eu/en/jantzen-audio-000-0052.html,18.97
Jantzen Audio 000-0151,"Jantzen Audio 000-0151 | 0,60 mH | 0,15 Ω | 3% | 13 AWG",0.6,0.15,13.0,Air Core,https://www.soundimports.eu/en/jantzen-audio-000-0151.html,22.69
Jantzen Audio 000-7746,"Jantzen Audio 000-7746 | 0,6 mH | 0,25 Ω | 2% | 16 AWG",0.6,0.25,16.0,Air Core,https://www.soundimports.eu/en/jantzen-audio-000-7746.html,24.34
Jantzen Audio 000-8593,"Jantzen Audio 000-8593 | 0,60 mH | 0,27 Ω | 2% | 16 AWG",0.6,0.27,16.0,Air Core,https://www.soundimports.eu/en/jantzen-audio-000-8593.html,26.82
Jantzen Audio 000-7358,"Jantzen Audio 000-7358 | 0,60 mH | 0,18 Ω | 2% | 14 AWG",0.6,0.18,14.0,Air Core,https://www.soundimports.eu/en/jantzen-audio-000-7358.html,33.84
Dayton Audio LW14-60,Dayton Audio LW14-60 | 0.60 mH | 0.19 Ω | 3% | 14 AWG,0.6,0.19,14.0,Air Core,https://www.soundimports.eu/en/dayton-audio-lw14-60.html,37.15
Jantzen Audio 000-8333,"Jantzen Audio 000-8333 | 0,60 mH | 0,20 Ω | 2% | 14 AWG",0.6,0.2,14.0,Air Core,https://www.soundimports.eu/en/jantzen-audio-000-8333.html,38.39
Jantzen Audio 000-8060,"Jantzen Audio 000-8060 | 0,60 mH | 0,14 Ω | 2% | 12 AWG",0.6,0.14,12.0,Air Core,https://www.soundimports.eu/en/jantzen-audio-000-8060.html,52.44
Jantzen Audio 000-1353,"Jantzen Audio 000-1353 | 0,61 mH | 0,82 Ω | 3% | 22 AWG",0.61,0.82,22.0,Air Core,https://www.soundimports.eu/en/jantzen-audio-000-1353.html,5.33
Jantzen Audio 000-7749,"Jantzen Audio 000-7749 | 0,61 mH | 0,27 Ω | 2% | 16 AWG",0.61,0.27,16.0,Air Core,https://www.soundimports.eu/en/jantzen-audio-000-7749.html,25.17
Jantzen Audio 000-2224,"Jantzen Audio 000-2224 | 0,62 mH | 0,27 Ω | 3% | 20 AWG",0.62,0.27,20.0,Air Core,https://www.soundimports.eu/en/jantzen-audio-000-2224.html,5.33
Jantzen Audio 000-1558,"Jantzen Audio 000-1558 | 0,62 mH | 0,55 Ω | 3% | 20 AWG",0.62,0.55,20.0,Air Core,https://www.soundimports.eu/en/jantzen-audio-000-1558.html,6.57
Jantzen Audio 000-2347,"Jantzen Audio 000-2347 | 0,62 mH | 0,15 Ω | 3% | 18 AWG",0.62,0.15,18.0,Air Core,https://www.soundimports.eu/en/jantzen-audio-000-2347.html,6.57
Jantzen Audio 000-0927,"Jantzen Audio 000-0927 | 0,62 mH | 0,38 Ω | 3% | 18 AWG",0.62,0.38,18.0,Air Core,https://www.soundimports.eu/en/jantzen-audio-000-0927.html,8.64
Jantzen Audio 000-0012,"Jantzen Audio 000-0012 | 0,62 mH | 0,19 Ω | 3% | 14 AWG",0.62,0.19,14.0,Air Core,https://www.soundimports.eu/en/jantzen-audio-000-0012.html,19.38
Jantzen Audio 000-0112,"Jantzen Audio 000-0112 | 0,62 mH | 0,15 Ω | 3% | 13 AWG",0.62,0.15,13.0,Air Core,https://www.soundimports.eu/en/jantzen-audio-000-0112.html,23.93
Dayton Audio CF16-62,Dayton Audio CF16-62 | 0.62 mH | 0.28 Ω | 3% | 16 AWG,0.62,0.28,16.0,Air Core,https://www.soundimports.eu/en/dayton-audio-cf16-62.html,27.23
Jantzen Audio 000-8595,"Jantzen Audio 000-8595 | 0,62 mH | 0,27 Ω | 2% | 16 AWG",0.62,0.27,16.0,Air Core,https://www.soundimports.eu/en/jantzen-audio-000-8595.html,27.23
Jantzen Audio 000-7360,"Jantzen Audio 000-7360 | 0,62 mH | 0,19 Ω | 2% | 14 AWG",0.62,0.19,14.0,Air Core,https://www.soundimports.eu/en/jantzen-audio-000-7360.html,35.08
Jantzen Audio 000-8335,"Jantzen Audio 000-8335 | 0,62 mH | 0,20 Ω | 2% | 14 AWG",0.62,0.2,14.0,Air Core,https://www.soundimports.eu/en/jantzen-audio-000-8335.html,38.8
Jantzen Audio 000-7055,"Jantzen Audio 000-7055 | 0,62 mH | 0,14 Ω | 2% | 12 AWG",0.62,0.14,12.0,Air Core,https://www.soundimports.eu/en/jantzen-audio-000-7055.html,52.02
Jantzen Audio 000-8062,"Jantzen Audio 000-8062 | 0,62 mH | 0,14 Ω | 2% | 12 AWG",0.62,0.14,12.0,Air Core,https://www.soundimports.eu/en/jantzen-audio-000-8062.html,53.26
Jantzen Audio 000-0165,"Jantzen Audio 000-0165 | 0,63 mH | 0,23 Ω | 3% | 15 AWG",0.63,0.23,15.0,Air Core,https://www.soundimports.eu/en/jantzen-audio-000-0165.html,16.07
Jantzen Audio 000-7755,"Jantzen Audio 000-7755 | 0,63 mH | 0,27 Ω | 2% | 16 AWG",0.63,0.27,16.0,Air Core,https://www.soundimports.eu/en/jantzen-audio-000-7755.html,25.99
Jantzen Audio 000-8596,"Jantzen Audio 000-8596 | 0,63 mH | 0,28 Ω | 2% | 16 AWG",0.63,0.28,16.0,Air Core,https://www.soundimports.eu/en/jantzen-audio-000-8596.html,27.23
Jantzen Audio 000-2014,"Jantzen Audio 000-2014 | 0,64 mH | 0,33 Ω | 3% | 21 AWG",0.64,0.33,21.0,Air Core,https://www.soundimports.eu/en/jantzen-audio-000-2014.html,5.33
Jantzen Audio 000-0913,"Jantzen Audio 000-0913 | 0,64 mH | 0,29 Ω | 3% | 17 AWG",0.64,0.29,17.0,Air Core,https://www.soundimports.eu/en/jantzen-audio-000-0913.html,10.29
Jantzen Audio 000-1731,"Jantzen Audio 000-1731 | 0,64 mH | 0,23 Ω | 3% | 15 AWG",0.64,0.23,15.0,Air Core,https://www.soundimports.eu/en/jantzen-audio-000-1731.html,15.25
Jantzen Audio 000-8597,"Jantzen Audio 000-8597 | 0,64 mH | 0,28 Ω | 2% | 16 AWG",0.64,0.28,16.0,Air Core,https://www.soundimports.eu/en/jantzen-audio-000-8597.html,27.23
Jantzen Audio 000-1772,"Jantzen Audio 000-1772 | 0,65 mH | 1,68 Ω | 3% | 26 AWG",0.65,1.68,26.0,Air Core,https://www.soundimports.eu/en/jantzen-audio-000-1772.html,3.68
Jantzen Audio 000-1929,"Jantzen Audio 000-1929 | 0,65 mH | 0,56 Ω | 3% | 20 AWG",0.65,0.56,20.0,Air Core,https://www.soundimports.eu/en/jantzen-audio-000-1929.html,6.57
Jantzen Audio 000-1952,"Jantzen Audio 000-1952 | 0,65 mH | 0,38 Ω | 3% | 18 AWG",0.65,0.38,18.0,Air Core,https://www.soundimports.eu/en/jantzen-audio-000-1952.html,8.64
Jantzen Audio 000-1085,"Jantzen Audio 000-1085 | 0,65 mH | 0,43 Ω | 3% | 18 AWG",0.65,0.43,18.0,Air Core,https://www.soundimports.eu/en/jantzen-audio-000-1085.html,8.64
Jantzen Audio 000-1791,"Jantzen Audio 000-1791 | 0,65 mH | 0,32 Ω | 3% | 17 AWG",0.65,0.32,17.0,Air Core,https://www.soundimports.eu/en/jantzen-audio-000-1791.html,12.77
Jantzen Audio 000-1416,"Jantzen Audio 000-1416 | 0,65 mH | 0,24 Ω | 3% | 15 AWG",0.65,0.24,15.0,Air Core,https://www.soundimports.eu/en/jantzen-audio-000-1416.html,16.07
Jantzen Audio 000-0142,"Jantzen Audio 000-0142 | 0,65 mH | 0,15 Ω | 3% | 13 AWG",0.65,0.15,13.0,Air Core,https://www.soundimports.eu/en/jantzen-audio-000-0142.html,23.93
Jantzen Audio 000-7760,"Jantzen Audio 000-7760 | 0,65 mH | 0,28 Ω | 2% | 16 AWG",0.65,0.28,16.0,Air Core,https://www.soundimports.eu/en/jantzen-audio-000-7760.html,25.99
Jantzen Audio 000-0179,"Jantzen Audio 000-0179 | 0,67 mH | 0,55 Ω | 3% | 20 AWG",0.67,0.55,20.0,Air Core,https://www.soundimports.eu/en/jantzen-audio-000-0179.html,6.98
Jantzen Audio 000-8599,"Jantzen Audio 000-8599 | 0,67 mH | 0,30 Ω | 2% | 16 AWG",0.67,0.3,16.0,Air Core,https://www.soundimports.eu/en/jantzen-audio-000-8599.html,27.64
Jantzen Audio 000-1542,"Jantzen Audio 000-1542 | 0,68 mH | 3,53 Ω | 3% | 29 AWG",0.68,3.53,29.0,Air Core,https://www.soundimports.eu/en/jantzen-audio-000-1542.html,4.09
Jantzen Audio 000-1853,"Jantzen Audio 000-1853 | 0,68 mH | 1,22 Ω | 3% | 24 AWG",0.68,1.22,24.0,Air Core,https://www.soundimports.eu/en/jantzen-audio-000-1853.html,4.5
Jantzen Audio 000-2305,"Jantzen Audio 000-2305 | 0,68 mH | 0,23 Ω | 3% | 20 AWG",0.68,0.23,20.0,Air Core,https://www.soundimports.eu/en/jantzen-audio-000-2305.html,5.33
Jantzen Audio 000-0295,"Jantzen Audio 000-0295 | 0,68 mH | 0,87 Ω | 3% | 22 AWG",0.68,0.87,22.0,Air Core,https://www.soundimports.eu/en/jantzen-audio-000-0295.html,5.33
Intertechnik HQR32/068/71,"Intertechnik HQR32/068/71 | 0,68 mH | 0,39 Ω | 5% | 21 AWG",0.68,0.39,21.0,Air Core,https://www.soundimports.eu/en/it-intertechnik-hqr32-068-71.html,5.33
Jantzen Audio 000-2227,"Jantzen Audio 000-2227 | 0,68 mH | 0,27 Ω | 3% | 20 AWG",0.68,0.27,20.0,Air Core,https://www.soundimports.eu/en/jantzen-audio-000-2227.html,5.33
Jantzen Audio 000-1044,"Jantzen Audio 000-1044 | 0,68 mH | 0,70 Ω | 3% | 21 AWG",0.68,0.7,21.0,Air Core,https://www.soundimports.eu/en/jantzen-audio-000-1044.html,5.74
Jantzen Audio 000-1907,"Jantzen Audio 000-1907 | 0,68 mH | 0,82 Ω | 3% | 21 AWG",0.68,0.82,21.0,Air Core,https://www.soundimports.eu/en/jantzen-audio-000-1907.html,6.16
Jantzen Audio 000-1852,"Jantzen Audio 000-1852 | 0,68 mH | 0,56 Ω | 3% | 20 AWG",0.68,0.56,20.0,Air Core,https://www.soundimports.eu/en/jantzen-audio-000-1852.html,6.57
Jantzen Audio 000-2368,"Jantzen Audio 000-2368 | 0,68 mH | 0,19 Ω | 3% | 18 AWG",0.68,0.19,18.0,Air Core,https://www.soundimports.eu/en/jantzen-audio-000-2368.html,6.57
Intertechnik LU32/068/071,"Intertechnik LU32/068/071 | 0,68 mH | 0,72 Ω | 3% | 21 AWG",0.68,0.72,21.0,Air Core,https://www.soundimports.eu/en/it-intertechnik-lu32-068-071.html,8.22
Jantzen Audio 000-1997,"Jantzen Audio 000-1997 | 0,68 mH | 0,44 Ω | 3% | 18 AWG",0.68,0.44,18.0,Air Core,https://www.soundimports.eu/en/jantzen-audio-000-1997.html,9.05
Jantzen Audio 000-1287,"Jantzen Audio 000-1287 | 0,68 mH | 0,4 Ω | 3% | 18 AWG",0.68,0.4,18.0,Air Core,https://www.soundimports.eu/en/jantzen-audio-000-1287.html,9.05
Jantzen Audio 000-1282,"Jantzen Audio 000-1282 | 0,68 mH | 0,40 Ω | 3% | 18 AWG",0.68,0.4,18.0,Air Core,https://www.soundimports.eu/en/jantzen-audio-000-1282.html,9.05
Jantzen Audio 000-1537,"Jantzen Audio 000-1537 | 0,68 mH | 0,44 Ω | 3% | 18 AWG",0.68,0.44,18.0,Air Core,https://www.soundimports.eu/en/jantzen-audio-000-1537.html,9.46
"Mundorf L100-0,68","Mundorf L100-0,68 | 0,68 mH | 0,39 Ω | 2% | 18 AWG",0.68,0.39,18.0,Air Core,https://www.soundimports.eu/en/mundorf-l100-068.html,9.88
"Mundorf P100-0,68","Mundorf P100-0,68 | 0,68 mH | 0,23 Ω | 3% | 18 AWG",0.68,0.23,18.0,Air Core,https://www.soundimports.eu/en/mundorf-p100-068.html,9.91
Jantzen Audio 000-2201,"Jantzen Audio 000-2201 | 0,68 mH | 0,12 Ω | 3% | 15 AWG",0.68,0.12,15.0,Air Core,https://www.soundimports.eu/en/jantzen-audio-000-2201.html,10.29
Jantzen Audio 000-1305,"Jantzen Audio 000-1305 | 0,68 mH | 0,32 Ω | 3% | 17 AWG",0.68,0.32,17.0,Air Core,https://www.soundimports.eu/en/jantzen-audio-000-1305.html,11.94
Jantzen Audio 000-5434,"Jantzen Audio 000-5434 | 0,68 mH | 0,06 Ω | 3% | 14 AWG",0.68,0.06,14.0,Air Core,https://www.soundimports.eu/en/jantzen-audio-000-5434.html,12.77
Intertechnik LU44/068/100,"Intertechnik LU44/068/100 | 0,68 mH | 0,47 Ω | 3% | 18 AWG",0.68,0.47,18.0,Air Core,https://www.soundimports.eu/en/it-intertechnik-lu44-068-100.html,14.42
Jantzen Audio 000-1854,"Jantzen Audio 000-1854 | 0,68 mH | 0,25 Ω | 3% | 15 AWG",0.68,0.25,15.0,Air Core,https://www.soundimports.eu/en/jantzen-audio-000-1854.html,15.25
Jantzen Audio 000-5817,"Jantzen Audio 000-5817 | 0,68 mH | 0,051 Ω | 3% | 13 AWG",0.68,0.051,13.0,Air Core,https://www.soundimports.eu/en/jantzen-audio-000-5817.html,15.25
Intertechnik LUT44/068/10,"Intertechnik LUT44/068/10 | 0,68 mH | 0,50 Ω | 3% | 18 AWG",0.68,0.5,18.0,Air Core,https://www.soundimports.eu/en/it-intertechnik-lut44-068-10.html,15.66
Dayton Audio CF16-68,Dayton Audio CF16-68 | 0.68 mH | 0.29 Ω | 3% | 16 AWG,0.68,0.29,16.0,Air Core,https://www.soundimports.eu/en/dayton-audio-cf16-68.html,18.97
Intertechnik CO30/068/071,"Intertechnik CO30/068/071 | 0,68 mH | 0,40 Ω | 5% | 21 AWG",0.68,0.4,21.0,Air Core,https://www.soundimports.eu/en/it-intertechnik-co30-068-071.html,19.79
Jantzen Audio 000-0013,"Jantzen Audio 000-0013 | 0,68 mH | 0,19 Ω | 3% | 14 AWG",0.68,0.19,14.0,Air Core,https://www.soundimports.eu/en/jantzen-audio-000-0013.html,20.21
Intertechnik LU62/068/140,"Intertechnik LU62/068/140 | 0,68 mH | 0,24 Ω | 3% | 15 AWG",0.68,0.24,15.0,Air Core,https://www.soundimports.eu/en/it-intertechnik-lu62-068-140.html,21.86
Jantzen Audio 000-0113,"Jantzen Audio 000-0113 | 0,68 mH | 0,16 Ω | 3% | 13 AWG",0.68,0.16,13.0,Air Core,https://www.soundimports.eu/en/jantzen-audio-000-0113.html,25.17
Jantzen Audio 000-7766,"Jantzen Audio 000-7766 | 0,68 mH | 0,29 Ω | 2% | 16 AWG",0.68,0.29,16.0,Air Core,https://www.soundimports.eu/en/jantzen-audio-000-7766.html,25.99
Intertechnik AT55/068/132,"Intertechnik AT55/068/132 | 0,68 mH | 0,26 Ω | 3% | 16 AWG",0.68,0.26,16.0,Air Core,https://www.soundimports.eu/en/it-intertechnik-at55-068-132.html,26.41
"Mundorf CFC16-0,68","Mundorf CFC16-0,68 | 0,68 mH | 0,29 Ω | 2% | 16,5 AWG",0.68,0.29,16.5,Air Core,https://www.soundimports.eu/en/mundorf-cfc16-068.html,28.06
Jantzen Audio 000-8600,"Jantzen Audio 000-8600 | 0,68 mH | 0,3 Ω | 2% | 16 AWG",0.68,0.3,16.0,Air Core,https://www.soundimports.eu/en/jantzen-audio-000-8600.html,28.06
Jantzen Audio 000-7366,"Jantzen Audio 000-7366 | 0,68 mH | 0,21 Ω | 2% | 14 AWG",0.68,0.21,14.0,Air Core,https://www.soundimports.eu/en/jantzen-audio-000-7366.html,35.5
Jantzen Audio 000-8340,"Jantzen Audio 000-8340 | 0,68 mH | 0,21 Ω | 2% | 14 AWG",0.68,0.21,14.0,Air Core,https://www.soundimports.eu/en/jantzen-audio-000-8340.html,39.21
Intertechnik LU92/068/200,"Intertechnik LU92/068/200 | 0,68 mH | 0,13 Ω | 3% | 12 AWG",0.68,0.13,12.0,Air Core,https://www.soundimports.eu/en/it-intertechnik-lu92-068-200.html,39.63
Intertechnik TRI62/068/0.50,"Intertechnik TRI62/068/0.50 | 0,68 mH | 0,285 Ω | 1% | 7 x 24 AWG",0.68,0.285,7.0,Air Core,https://www.soundimports.eu/en/it-intertechnik-tri62-068-0-50.html,42.11
"Mundorf CFC14-0,68","Mundorf CFC14-0,68 | 0,68 mH | 0,20 Ω | 2% | 14 AWG",0.68,0.2,14.0,Air Core,https://www.soundimports.eu/en/mundorf-cfc14-068.html,45.41
Jantzen Audio 000-7060,"Jantzen Audio 000-7060 | 0,68 mH | 0,15 Ω | 2% | 12 AWG",0.68,0.15,12.0,Air Core,https://www.soundimports.eu/en/jantzen-audio-000-7060.html,54.09
Intertechnik TRI92/0.68/0.60,"Intertechnik TRI92/0.68/0.60 | 0,68 mH | 0,21 Ω | 1% | 7 x 23 AWG",0.68,0.21,7.0,Air Core,https://www.soundimports.eu/en/it-intertechnik-tri92-0-68-0-60.html,56.57
Jantzen Audio 000-8068,"Jantzen Audio 000-8068 | 0,68 mH | 0,16 Ω | 2% | 12 AWG",0.68,0.16,12.0,Air Core,https://www.soundimports.eu/en/jantzen-audio-000-8068.html,58.22
Intertechnik TRI92/0.68/0.80,"Intertechnik TRI92/0.68/0.80 | 0,68 mH | 0,14 Ω | 1% | 7 x 20 AWG",0.68,0.14,7.0,Air Core,https://www.soundimports.eu/en/it-intertechnik-tri92-0-68-0-80.html,76.41
Jantzen Audio 000-0821,"Jantzen Audio 000-0821 | 0,69 mH | 0,4 Ω | 3% | 18 AWG",0.69,0.4,18.0,Air Core,https://www.soundimports.eu/en/jantzen-audio-000-0821.html,9.05
Jantzen Audio 000-7768,"Jantzen Audio 000-7768 | 0,69 mH | 0,29 Ω | 2% | 16 AWG",0.69,0.29,16.0,Air Core,https://www.soundimports.eu/en/jantzen-audio-000-7768.html,25.99
Jantzen Audio 000-1554,"Jantzen Audio 000-1554 | 0,70 mH | 3,87 Ω | 3% | 29 AWG",0.7,3.87,29.0,Air Core,https://www.soundimports.eu/en/jantzen-audio-000-1554.html,4.09
Jantzen Audio 000-1046,"Jantzen Audio 000-1046 | 0,70 mH | 1,25 Ω | 3% | 24 AWG",0.7,1.25,24.0,Air Core,https://www.soundimports.eu/en/jantzen-audio-000-1046.html,4.5
Jantzen Audio 000-2087,"Jantzen Audio 000-2087 | 0,70 mH | 0,34 Ω | 3% | 21 AWG",0.7,0.34,21.0,Air Core,https://www.soundimports.eu/en/jantzen-audio-000-2087.html,4.92
Jantzen Audio 000-1334,"Jantzen Audio 000-1334 | 0,70 mH | 0,71 Ω | 3% | 21 AWG",0.7,0.71,21.0,Air Core,https://www.soundimports.eu/en/jantzen-audio-000-1334.html,5.74
Dayton Audio AC20-70,Dayton Audio AC20-70 | 0.70 mH | 0.60 Ω | 5% | 20 AWG,0.7,0.6,20.0,Air Core,https://www.soundimports.eu/en/dayton-audio-ac20-70.html,6.16
Jantzen Audio 000-1855,"Jantzen Audio 000-1855 | 0,70 mH | 0,57 Ω | 3% | 20 AWG",0.7,0.57,20.0,Air Core,https://www.soundimports.eu/en/jantzen-audio-000-1855.html,6.57
Jantzen Audio 000-5384,"Jantzen Audio 000-5384 | 0,70 mH | 0,14 Ω | 3% | 18 AWG",0.7,0.14,18.0,Air Core,https://www.soundimports.eu/en/jantzen-audio-000-5384.html,6.98
Jantzen Audio 000-2157,"Jantzen Audio 000-2157 | 0,7 mH | 0,2 Ω | 3% | 18 AWG",0.7,0.2,18.0,Air Core,https://www.soundimports.eu/en/jantzen-audio-000-2157.html,6.98
Dayton Audio LW18-70,Dayton Audio LW18-70 | 0.70 mH | 0.41 Ω | 3% | 18 AWG,0.7,0.41,18.0,Air Core,https://www.soundimports.eu/en/dayton-audio-lw18-70.html,7.98
Jantzen Audio 000-1144,"Jantzen Audio 000-1144 | 0,70 mH | 0,40 Ω | 3% | 18 AWG",0.7,0.4,18.0,Air Core,https://www.soundimports.eu/en/jantzen-audio-000-1144.html,8.22
Jantzen Audio 000-1510,"Jantzen Audio 000-1510 | 0,7 mH | 0,32 Ω | 3% | 17 AWG",0.7,0.32,17.0,Air Core,https://www.soundimports.eu/en/jantzen-audio-000-1510.html,11.94
Jantzen Audio 000-5490,"Jantzen Audio 000-5490 | 0,70 mH | 0,09 Ω | 3% | 15 AWG",0.7,0.09,15.0,Air Core,https://www.soundimports.eu/en/jantzen-audio-000-5490.html,11.94
Jantzen Audio 000-1615,"Jantzen Audio 000-1615 | 0,7 mH | 0,25 Ω | 3% | 15 AWG",0.7,0.25,15.0,Air Core,https://www.soundimports.eu/en/jantzen-audio-000-1615.html,15.66
Jantzen Audio 000-7770,"Jantzen Audio 000-7770 | 0,70 mH | 0,30 Ω | 2% | 16 AWG",0.7,0.3,16.0,Air Core,https://www.soundimports.eu/en/jantzen-audio-000-7770.html,25.99
Dayton Audio LW14-70,Dayton Audio LW14-70 | 0.70 mH | 0.21 Ω | 3% | 14 AWG,0.7,0.21,14.0,Air Core,https://www.soundimports.eu/en/dayton-audio-lw14-70.html,25.99
Jantzen Audio 000-8605,"Jantzen Audio 000-8605 | 0,70 mH | 0,30 Ω | 2% | 16 AWG",0.7,0.3,16.0,Air Core,https://www.soundimports.eu/en/jantzen-audio-000-8605.html,28.47
Jantzen Audio 000-7368,"Jantzen Audio 000-7368 | 0,70 mH | 0,21 Ω | 2% | 14 AWG",0.7,0.21,14.0,Air Core,https://www.soundimports.eu/en/jantzen-audio-000-7368.html,35.91
Jantzen Audio 000-7062,"Jantzen Audio 000-7062 | 0,70 mH | 0,15 Ω | 2% | 12 AWG",0.7,0.15,12.0,Air Core,https://www.soundimports.eu/en/jantzen-audio-000-7062.html,54.92
Jantzen Audio 000-2056,"Jantzen Audio 000-2056 | 0,71 mH | 0,17 Ω | 3% | 17 AWG",0.71,0.17,17.0,Air Core,https://www.soundimports.eu/en/jantzen-audio-000-2056.html,8.64
Jantzen Audio 000-1038,"Jantzen Audio 000-1038 | 0,72 mH | 3 Ω | 3% | 29 AWG",0.72,3.0,29.0,Air Core,https://www.soundimports.eu/en/jantzen-audio-000-1038.html,4.09
Jantzen Audio 000-5820,"Jantzen Audio 000-5820 | 0,72 mH | 0,14 Ω | 3% | 18 AWG",0.72,0.14,18.0,Air Core,https://www.soundimports.eu/en/jantzen-audio-000-5820.html,7.81
Jantzen Audio 000-0866,"Jantzen Audio 000-0866 | 0,72 mH | 0,40 Ω | 3% | 18 AWG",0.72,0.4,18.0,Air Core,https://www.soundimports.eu/en/jantzen-audio-000-0866.html,8.64
Jantzen Audio 000-0940,"Jantzen Audio 000-0940 | 0,72 mH | 0,26 Ω | 3% | 15 AWG",0.72,0.26,15.0,Air Core,https://www.soundimports.eu/en/jantzen-audio-000-0940.html,15.66
Jantzen Audio 000-L-0072,"Jantzen Audio 000-L-0072 | 0,72 mH | 0,29 Ω | 3% | 15 AWG",0.72,0.29,15.0,Air Core,https://www.soundimports.eu/en/jantzen-audio-000-l-0072.html,21.45
Jantzen Audio 000-7370,"Jantzen Audio 000-7370 | 0,72 mH | 0,21 Ω | 2% | 14 AWG",0.72,0.21,14.0,Air Core,https://www.soundimports.eu/en/jantzen-audio-000-7370.html,36.74
Jantzen Audio 000-8344,"Jantzen Audio 000-8344 | 0,73 mH | 0,22 Ω | 2% | 14 AWG",0.73,0.22,14.0,Air Core,https://www.soundimports.eu/en/jantzen-audio-000-8344.html,39.21
Jantzen Audio 000-1296,"Jantzen Audio 000-1296 | 0,74 mH | 0,94 Ω | 3% | 22 AWG",0.74,0.94,22.0,Air Core,https://www.soundimports.eu/en/jantzen-audio-000-1296.html,5.33
Jantzen Audio 000-1286,"Jantzen Audio 000-1286 | 0,74 mH | 0,42 Ω | 3% | 18 AWG",0.74,0.42,18.0,Air Core,https://www.soundimports.eu/en/jantzen-audio-000-1286.html,8.64
Jantzen Audio 000-1356,"Jantzen Audio 000-1356 | 0,75 mH | 0,74 Ω | 3% | 21 AWG",0.75,0.74,21.0,Air Core,https://www.soundimports.eu/en/jantzen-audio-000-1356.html,5.74
Jantzen Audio 000-2071,"Jantzen Audio 000-2071 | 0,75 mH | 0,30 Ω | 3% | 20 AWG",0.75,0.3,20.0,Air Core,https://www.soundimports.eu/en/jantzen-audio-000-2071.html,6.16
Jantzen Audio 000-1856,"Jantzen Audio 000-1856 | 0,75 mH | 0,59 Ω | 3% | 20 AWG",0.75,0.59,20.0,Air Core,https://www.soundimports.eu/en/jantzen-audio-000-1856.html,6.98
Jantzen Audio 000-1075,"Jantzen Audio 000-1075 | 0,75 mH | 0,42 Ω | 3% | 18 AWG",0.75,0.42,18.0,Air Core,https://www.soundimports.eu/en/jantzen-audio-000-1075.html,8.64
Jantzen Audio 000-1079,"Jantzen Audio 000-1079 | 0,75 mH | 0,45 Ω | 3% | 18 AWG",0.75,0.45,18.0,Air Core,https://www.soundimports.eu/en/jantzen-audio-000-1079.html,8.64
Jantzen Audio 000-2229,"Jantzen Audio 000-2229 | 0,75 mH | 0,16 Ω | 3% | 17 AWG",0.75,0.16,17.0,Air Core,https://www.soundimports.eu/en/jantzen-audio-000-2229.html,8.64
Jantzen Audio 000-1224,"Jantzen Audio 000-1224 | 0,75 mH | 0,32 Ω | 3% | 17 AWG",0.75,0.32,17.0,Air Core,https://www.soundimports.eu/en/jantzen-audio-000-1224.html,13.18
Jantzen Audio 000-1857,"Jantzen Audio 000-1857 | 0,75 mH | 0,26 Ω | 3% | 15 AWG",0.75,0.26,15.0,Air Core,https://www.soundimports.eu/en/jantzen-audio-000-1857.html,16.07
Jantzen Audio 000-0061,"Jantzen Audio 000-0061 | 0,75 mH | 0,205 Ω | 3% | 14 AWG",0.75,0.205,14.0,Air Core,https://www.soundimports.eu/en/jantzen-audio-000-0061.html,21.03
Jantzen Audio 000-L-0075,"Jantzen Audio 000-L-0075 | 0,75 mH | 0,3 Ω | 3% | 15 AWG",0.75,0.3,15.0,Air Core,https://www.soundimports.eu/en/jantzen-audio-000-l-0075.html,21.45
Jantzen Audio 000-7778,"Jantzen Audio 000-7778 | 0,75 mH | 0,30 Ω | 2% | 16 AWG",0.75,0.3,16.0,Air Core,https://www.soundimports.eu/en/jantzen-audio-000-7778.html,27.64
Jantzen Audio 000-8345,"Jantzen Audio 000-8345 | 0,75 mH | 0,22 Ω | 2% | 14 AWG",0.75,0.22,14.0,Air Core,https://www.soundimports.eu/en/jantzen-audio-000-8345.html,39.21
Jantzen Audio 000-8075,"Jantzen Audio 000-8075 | 0,75 mH | 0,16 Ω | 2% | 12 AWG",0.75,0.16,12.0,Air Core,https://www.soundimports.eu/en/jantzen-audio-000-8075.html,58.64
Jantzen Audio 000-1736,"Jantzen Audio 000-1736 | 0,76 mH | 1,83 Ω | 3% | 26 AWG",0.76,1.83,26.0,Air Core,https://www.soundimports.eu/en/jantzen-audio-000-1736.html,4.5
Jantzen Audio 000-9076,"Jantzen Audio 000-9076 | 0,76 mH | 0,07 Ω | 2% | 8 AWG",0.76,0.07,8.0,Air Core,https://www.soundimports.eu/en/jantzen-audio-000-9076.html,144.17
Jantzen Audio 000-0910,"Jantzen Audio 000-0910 | 0,78 mH | 0,75 Ω | 3% | 21 AWG",0.78,0.75,21.0,Air Core,https://www.soundimports.eu/en/jantzen-audio-000-0910.html,6.16
Jantzen Audio 000-2197,"Jantzen Audio 000-2197 | 0,78 mH | 0,21 Ω | 3% | 18 AWG",0.78,0.21,18.0,Air Core,https://www.soundimports.eu/en/jantzen-audio-000-2197.html,6.98
Jantzen Audio 000-8347,"Jantzen Audio 000-8347 | 0,78 mH | 0,22 Ω | 2% | 14 AWG",0.78,0.22,14.0,Air Core,https://www.soundimports.eu/en/jantzen-audio-000-8347.html,39.63
Jantzen Audio 000-9079,"Jantzen Audio 000-9079 | 0,79 mH | 0,07 Ω | 2% | 8 AWG",0.79,0.07,8.0,Air Core,https://www.soundimports.eu/en/jantzen-audio-000-9079.html,147.48
Jantzen Audio 000-2017,"Jantzen Audio 000-2017 | 0,80 mH | 0,31 Ω | 3% | 20 AWG",0.8,0.31,20.0,Air Core,https://www.soundimports.eu/en/jantzen-audio-000-2017.html,5.33
Jantzen Audio 000-5001,"Jantzen Audio 000-5001 | 0,80 mH | 0,27 Ω | 3% | 21 AWG",0.8,0.27,21.0,Air Core,https://www.soundimports.eu/en/jantzen-audio-000-5001.html,5.74
Jantzen Audio 000-1394,"Jantzen Audio 000-1394 | 0,80 mH | 0,62 Ω | 3% | 20 AWG",0.8,0.62,20.0,Air Core,https://www.soundimports.eu/en/jantzen-audio-000-1394.html,6.98
Dayton Audio AC20-80,Dayton Audio AC20-80 | 0.80 mH | 0.64 Ω | 5% | 20 AWG,0.8,0.64,20.0,Air Core,https://www.soundimports.eu/en/dayton-audio-ac20-80.html,6.98
Jantzen Audio 000-0844,"Jantzen Audio 000-0844 | 0,80 mH | 0,87 Ω | 3% | 21 AWG",0.8,0.87,21.0,Air Core,https://www.soundimports.eu/en/jantzen-audio-000-0844.html,6.98
Dayton Audio LW18-80,Dayton Audio LW18-80 | 0.80 mH | 0.44 Ω | 3% | 18 AWG,0.8,0.44,18.0,Air Core,https://www.soundimports.eu/en/dayton-audio-lw18-80.html,8.22
Jantzen Audio 000-2018,"Jantzen Audio 000-2018 | 0,80 mH | 0,17 Ω | 3% | 17 AWG",0.8,0.17,17.0,Air Core,https://www.soundimports.eu/en/jantzen-audio-000-2018.html,8.64
Jantzen Audio 000-2024,"Jantzen Audio 000-2024 | 0,80 mH | 0,17 Ω | 3% | 17 AWG",0.8,0.17,17.0,Air Core,https://www.soundimports.eu/en/jantzen-audio-000-2024.html,8.64
Jantzen Audio 000-1285,"Jantzen Audio 000-1285 | 0,80 mH | 0,43 Ω | 3% | 18 AWG",0.8,0.43,18.0,Air Core,https://www.soundimports.eu/en/jantzen-audio-000-1285.html,9.05
Jantzen Audio 000-1992,"Jantzen Audio 000-1992 | 0,8 mH | 0,48 Ω | 3% | 18 AWG",0.8,0.48,18.0,Air Core,https://www.soundimports.eu/en/jantzen-audio-000-1992.html,9.46
Jantzen Audio 000-1012,"Jantzen Audio 000-1012 | 0,8 mH | 0,34 Ω | 3% | 17 AWG",0.8,0.34,17.0,Air Core,https://www.soundimports.eu/en/jantzen-audio-000-1012.html,12.77
Jantzen Audio 000-1244,"Jantzen Audio 000-1244 | 0,80 mH | 0,27 Ω | 3% | 15 AWG",0.8,0.27,15.0,Air Core,https://www.soundimports.eu/en/jantzen-audio-000-1244.html,16.9
Jantzen Audio 000-0044,"Jantzen Audio 000-0044 | 0,80 mH | 0,209 Ω | 3% | 14 AWG",0.8,0.209,14.0,Air Core,https://www.soundimports.eu/en/jantzen-audio-000-0044.html,20.62
Jantzen Audio 000-8615,"Jantzen Audio 000-8615 | 0,8 mH | 0,31 Ω | 2% | 16 AWG",0.8,0.31,16.0,Air Core,https://www.soundimports.eu/en/jantzen-audio-000-8615.html,29.71
Dayton Audio LW14-80,Dayton Audio LW14-80 | 0.80 mH | 0.22 Ω | 3% | 14 AWG,0.8,0.22,14.0,Air Core,https://www.soundimports.eu/en/dayton-audio-lw14-80.html,30.54
Jantzen Audio 000-7386,"Jantzen Audio 000-7386 | 0,80 mH | 0,22 Ω | 2% | 14 AWG",0.8,0.22,14.0,Air Core,https://www.soundimports.eu/en/jantzen-audio-000-7386.html,37.56
Jantzen Audio 000-8348,"Jantzen Audio 000-8348 | 0,80 mH | 0,22 Ω | 2% | 14 AWG",0.8,0.22,14.0,Air Core,https://www.soundimports.eu/en/jantzen-audio-000-8348.html,39.63
Jantzen Audio 000-8080,"Jantzen Audio 000-8080 | 0,80 mH | 0,17 Ω | 2% | 12 AWG",0.8,0.17,12.0,Air Core,https://www.soundimports.eu/en/jantzen-audio-000-8080.html,58.64
Jantzen Audio 000-9081,"Jantzen Audio 000-9081 | 0,81 mH | 0,07 Ω | 2% | 8 AWG",0.81,0.07,8.0,Air Core,https://www.soundimports.eu/en/jantzen-audio-000-9081.html,150.37
Jantzen Audio 000-1787,"Jantzen Audio 000-1787 | 0,82 mH | 3,9 Ω | 3% | 29 AWG",0.82,3.9,29.0,Air Core,https://www.soundimports.eu/en/jantzen-audio-000-1787.html,4.09
Jantzen Audio 000-1858,"Jantzen Audio 000-1858 | 0,82 mH | 1,35 Ω | 3% | 24 AWG",0.82,1.35,24.0,Air Core,https://www.soundimports.eu/en/jantzen-audio-000-1858.html,4.92
Intertechnik HQR32/082/71,"Intertechnik HQR32/082/71 | 0,82 mH | 0,48 Ω | 5% | 21 AWG",0.82,0.48,21.0,Air Core,https://www.soundimports.eu/en/it-intertechnik-hqr32-082-71.html,5.33
Jantzen Audio 000-2284,"Jantzen Audio 000-2284 | 0,82 mH | 0,31 Ω | 3% | 21 AWG",0.82,0.31,21.0,Air Core,https://www.soundimports.eu/en/jantzen-audio-000-2284.html,5.33
Jantzen Audio 000-2304,"Jantzen Audio 000-2304 | 0,82 mH | 0,26 Ω | 3% | 20 AWG",0.82,0.26,20.0,Air Core,https://www.soundimports.eu/en/jantzen-audio-000-2304.html,5.74
Jantzen Audio 000-1860,"Jantzen Audio 000-1860 | 0,82 mH | 0,76 Ω | 3% | 21 AWG",0.82,0.76,21.0,Air Core,https://www.soundimports.eu/en/jantzen-audio-000-1860.html,6.16
Jantzen Audio 000-5050,"Jantzen Audio 000-5050 | 0,82 mH | 0,22 Ω | 3% | 20 AWG",0.82,0.22,20.0,Air Core,https://www.soundimports.eu/en/jantzen-audio-000-5050.html,6.16
Jantzen Audio 000-5266,"Jantzen Audio 000-5266 | 0,82 mH | 0,22 Ω | 3% | 20 AWG",0.82,0.22,20.0,Air Core,https://www.soundimports.eu/en/jantzen-audio-000-5266.html,6.16
Jantzen Audio 000-5185,"Jantzen Audio 000-5185 | 0,82 mH | 0,27 Ω | 3% | 21 AWG",0.82,0.27,21.0,Air Core,https://www.soundimports.eu/en/jantzen-audio-000-5185.html,6.16
Jantzen Audio 000-2192,"Jantzen Audio 000-2192 | 0,82 mH | 0,19 Ω | 3% | 18 AWG",0.82,0.19,18.0,Air Core,https://www.soundimports.eu/en/jantzen-audio-000-2192.html,6.57
Intertechnik LU44/082/071,"Intertechnik LU44/082/071 | 0,82 mH | 0,85 Ω | 3% | 21 AWG",0.82,0.85,21.0,Air Core,https://www.soundimports.eu/en/it-intertechnik-lu44-082-071.html,6.98
Jantzen Audio 000-1859,"Jantzen Audio 000-1859 | 0,82 mH | 0,63 Ω | 3% | 20 AWG",0.82,0.63,20.0,Air Core,https://www.soundimports.eu/en/jantzen-audio-000-1859.html,6.98
Jantzen Audio 000-1676,"Jantzen Audio 000-1676 | 0,82 mH | 0,439 Ω | 3% | 18 AWG",0.82,0.439,18.0,Air Core,https://www.soundimports.eu/en/jantzen-audio-000-1676.html,8.64
Jantzen Audio 000-1288,"Jantzen Audio 000-1288 | 0,82 mH | 0,48 Ω | 3% | 18 AWG",0.82,0.48,18.0,Air Core,https://www.soundimports.eu/en/jantzen-audio-000-1288.html,9.05
Jantzen Audio 000-5206,"Jantzen Audio 000-5206 | 0,82 mH | 0,11 Ω | 3% | 17 AWG",0.82,0.11,17.0,Air Core,https://www.soundimports.eu/en/jantzen-audio-000-5206.html,9.05
Jantzen Audio 000-1973,"Jantzen Audio 000-1973 | 0,82 mH | 0,44 Ω | 3% | 18 AWG",0.82,0.44,18.0,Air Core,https://www.soundimports.eu/en/jantzen-audio-000-1973.html,9.46
Jantzen Audio 000-1993,"Jantzen Audio 000-1993 | 0,82 mH | 0,48 Ω | 3% | 18 AWG",0.82,0.48,18.0,Air Core,https://www.soundimports.eu/en/jantzen-audio-000-1993.html,9.88
"Mundorf P100-0,82","Mundorf P100-0,82 | 0,82 mH | 0,27 Ω | 3% | 18 AWG",0.82,0.27,18.0,Air Core,https://www.soundimports.eu/en/mundorf-p100-082.html,10.29
"Mundorf L100-0,82","Mundorf L100-0,82 | 0,82 mH | 0,44 Ω | 2% | 18 AWG",0.82,0.44,18.0,Air Core,https://www.soundimports.eu/en/mundorf-l100-082.html,10.7
Jantzen Audio 000-0994,"Jantzen Audio 000-0994 | 0,82 mH | 0,32 Ω | 3% | 17 AWG",0.82,0.32,17.0,Air Core,https://www.soundimports.eu/en/jantzen-audio-000-0994.html,11.94
Jantzen Audio 000-1882,"Jantzen Audio 000-1882 | 0,82 mH | 0,34 Ω | 3% | 17 AWG",0.82,0.34,17.0,Air Core,https://www.soundimports.eu/en/jantzen-audio-000-1882.html,12.77
Jantzen Audio 000-5433,"Jantzen Audio 000-5433 | 0,82 mH | 0,07 Ω | 3% | 14 AWG",0.82,0.07,14.0,Air Core,https://www.soundimports.eu/en/jantzen-audio-000-5433.html,13.6
Intertechnik LU55/082/100,"Intertechnik LU55/082/100 | 0,82 mH | 0,52 Ω | 3% | 18 AWG",0.82,0.52,18.0,Air Core,https://www.soundimports.eu/en/it-intertechnik-lu55-082-100.html,15.25
Jantzen Audio 000-5816,"Jantzen Audio 000-5816 | 0,82 mH | 0,06 Ω | 3% | 13 AWG",0.82,0.06,13.0,Air Core,https://www.soundimports.eu/en/jantzen-audio-000-5816.html,15.25
Intertechnik LUT55/082/10,"Intertechnik LUT55/082/10 | 0,82 mH | 0,54 Ω | 3% | 18 AWG",0.82,0.54,18.0,Air Core,https://www.soundimports.eu/en/it-intertechnik-lut55-082-10.html,16.49
Jantzen Audio 000-1897,"Jantzen Audio 000-1897 | 0,82 mH | 0,27 Ω | 3% | 15 AWG",0.82,0.27,15.0,Air Core,https://www.soundimports.eu/en/jantzen-audio-000-1897.html,16.9
Intertechnik CO30/082/071,"Intertechnik CO30/082/071 | 0,82 mH | 0,45 Ω | 5% | 21 AWG",0.82,0.45,21.0,Air Core,https://www.soundimports.eu/en/it-intertechnik-co30-082-071.html,19.79
Jantzen Audio 000-0014,"Jantzen Audio 000-0014 | 0,82 mH | 0,215 Ω | 3% | 14 AWG",0.82,0.215,14.0,Air Core,https://www.soundimports.eu/en/jantzen-audio-000-0014.html,21.86
Intertechnik LU62/082/140,"Intertechnik LU62/082/140 | 0,82 mH | 0,26 Ω | 3% | 15 AWG",0.82,0.26,15.0,Air Core,https://www.soundimports.eu/en/it-intertechnik-lu62-082-140.html,24.75
Jantzen Audio 000-0114,"Jantzen Audio 000-0114 | 0,82 mH | 0,18 Ω | 3% | 13 AWG",0.82,0.18,13.0,Air Core,https://www.soundimports.eu/en/jantzen-audio-000-0114.html,27.23
Jantzen Audio 000-7792,"Jantzen Audio 000-7792 | 0,82 mH | 0,31 Ω | 2% | 16 AWG",0.82,0.31,16.0,Air Core,https://www.soundimports.eu/en/jantzen-audio-000-7792.html,28.47
Jantzen Audio 000-8620,"Jantzen Audio 000-8620 | 0,82 mH | 0,33 Ω | 2% | 16 AWG",0.82,0.33,16.0,Air Core,https://www.soundimports.eu/en/jantzen-audio-000-8620.html,30.12
"Mundorf CFC16-0,82","Mundorf CFC16-0,82 | 0,82 mH | 0,31 Ω | 2% | 16,5 AWG",0.82,0.31,16.5,Air Core,https://www.soundimports.eu/en/mundorf-cfc16-082.html,30.54
Intertechnik AT62/082/132,"Intertechnik AT62/082/132 | 0,82 mH | 0,30 Ω | 3% | 16 AWG",0.82,0.3,16.0,Air Core,https://www.soundimports.eu/en/it-intertechnik-at62-082-132.html,30.54
Dayton Audio CF16-82,Dayton Audio CF16-82 | 0.82 mH | 0.31 Ω | 3% | 16 AWG,0.82,0.31,16.0,Air Core,https://www.soundimports.eu/en/dayton-audio-cf16-82.html,37.15
Jantzen Audio 000-6005,"Jantzen Audio 000-6005 | 0,82 mH | 0,03 Ω | 5% | 13 AWG",0.82,0.03,13.0,Air Core,https://www.soundimports.eu/en/jantzen-audio-000-6005.html,38.39
Jantzen Audio 000-7388,"Jantzen Audio 000-7388 | 0,82 mH | 0,23 Ω | 2% | 14 AWG",0.82,0.23,14.0,Air Core,https://www.soundimports.eu/en/jantzen-audio-000-7388.html,38.39
Jantzen Audio 000-8350,"Jantzen Audio 000-8350 | 0,82 mH | 0,23 Ω | 2% | 14 AWG",0.82,0.23,14.0,Air Core,https://www.soundimports.eu/en/jantzen-audio-000-8350.html,40.87
Intertechnik LU92/082/200,"Intertechnik LU92/082/200 | 0,82 mH | 0,15 Ω | 3% | 12 AWG",0.82,0.15,12.0,Air Core,https://www.soundimports.eu/en/it-intertechnik-lu92-082-200.html,43.76
Intertechnik TRI62/082/0.50,"Intertechnik TRI62/082/0.50 | 0,82 mH | 0,319 Ω | 1% | 7 x 24 AWG",0.82,0.319,7.0,Air Core,https://www.soundimports.eu/en/it-intertechnik-tri62-082-0-50.html,46.24
"Mundorf CFC14-0,82","Mundorf CFC14-0,82 | 0,82 mH | 0,22 Ω | 2% | 14 AWG",0.82,0.22,14.0,Air Core,https://www.soundimports.eu/en/mundorf-cfc14-082.html,49.55
Jantzen Audio 000-8082,"Jantzen Audio 000-8082 | 0,82 mH | 0,17 Ω | 2% | 12 AWG",0.82,0.17,12.0,Air Core,https://www.soundimports.eu/en/jantzen-audio-000-8082.html,59.46
Jantzen Audio 000-7065,"Jantzen Audio 000-7065 | 0,82 mH | 0,16 Ω | 2% | 12 AWG",0.82,0.16,12.0,Air Core,https://www.soundimports.eu/en/jantzen-audio-000-7065.html,59.88
Intertechnik TRI92/0.82/0.60,"Intertechnik TRI92/0.82/0.60 | 0,82 mH | 0,231 Ω | 1% | 7 x 23 AWG",0.82,0.231,7.0,Air Core,https://www.soundimports.eu/en/it-intertechnik-tri92-0-82-0-60.html,62.77
Intertechnik TRI92/0.82/0.80,"Intertechnik TRI92/0.82/0.80 | 0,82 mH | 0,15 Ω | 1% | 7 x 20 AWG",0.82,0.15,7.0,Air Core,https://www.soundimports.eu/en/it-intertechnik-tri92-0-82-0-80.html,90.87
Jantzen Audio 000-1565,"Jantzen Audio 000-1565 | 0,83 mH | 0,27 Ω | 3% | 15 AWG",0.83,0.27,15.0,Air Core,https://www.soundimports.eu/en/jantzen-audio-000-1565.html,16.9
Jantzen Audio 000-8621,"Jantzen Audio 000-8621 | 0,83 mH | 0,33 Ω | 2% | 16 AWG",0.83,0.33,16.0,Air Core,https://www.soundimports.eu/en/jantzen-audio-000-8621.html,31.36
Jantzen Audio 000-1064,"Jantzen Audio 000-1064 | 0,85 mH | 1,93 Ω | 3% | 26 AWG",0.85,1.93,26.0,Air Core,https://www.soundimports.eu/en/jantzen-audio-000-1064.html,4.5
Jantzen Audio 000-1128,"Jantzen Audio 000-1128 | 0,85 mH | 0,64 Ω | 3% | 20 AWG",0.85,0.64,20.0,Air Core,https://www.soundimports.eu/en/jantzen-audio-000-1128.html,6.98
Jantzen Audio 000-1284,"Jantzen Audio 000-1284 | 0,85 mH | 0,45 Ω | 3% | 18 AWG",0.85,0.45,18.0,Air Core,https://www.soundimports.eu/en/jantzen-audio-000-1284.html,9.05
Jantzen Audio 000-0930,"Jantzen Audio 000-0930 | 0,85 mH | 0,448 Ω | 3% | 18 AWG",0.85,0.448,18.0,Air Core,https://www.soundimports.eu/en/jantzen-audio-000-0930.html,9.05
Jantzen Audio 000-1430,"Jantzen Audio 000-1430 | 0,85 mH | 0,45 Ω | 3% | 18 AWG",0.85,0.45,18.0,Air Core,https://www.soundimports.eu/en/jantzen-audio-000-1430.html,9.46
Jantzen Audio 000-1784,"Jantzen Audio 000-1784 | 0,85 mH | 0,35 Ω | 3% | 17 AWG",0.85,0.35,17.0,Air Core,https://www.soundimports.eu/en/jantzen-audio-000-1784.html,12.77
Jantzen Audio 000-1445,"Jantzen Audio 000-1445 | 0,85 mH | 0,28 Ω | 3% | 15 AWG",0.85,0.28,15.0,Air Core,https://www.soundimports.eu/en/jantzen-audio-000-1445.html,16.07
Jantzen Audio 000-0015,"Jantzen Audio 000-0015 | 0,85 mH | 0,22 Ω | 3% | 14 AWG",0.85,0.22,14.0,Air Core,https://www.soundimports.eu/en/jantzen-audio-000-0015.html,22.27
Jantzen Audio 000-7800,"Jantzen Audio 000-7800 | 0,85 mH | 0,33 Ω | 2% | 16 AWG",0.85,0.33,16.0,Air Core,https://www.soundimports.eu/en/jantzen-audio-000-7800.html,28.47
Jantzen Audio 000-8353,"Jantzen Audio 000-8353 | 0,85 mH | 0,23 Ω | 2% | 14 AWG",0.85,0.23,14.0,Air Core,https://www.soundimports.eu/en/jantzen-audio-000-8353.html,41.69
Jantzen Audio 000-8085,"Jantzen Audio 000-8085 | 0,85 mH | 0,17 Ω | 2% | 12 AWG",0.85,0.17,12.0,Air Core,https://www.soundimports.eu/en/jantzen-audio-000-8085.html,61.53
Jantzen Audio 000-9085,"Jantzen Audio 000-9085 | 0,85 mH | 0,07 Ω | 2% | 8 AWG",0.85,0.07,8.0,Air Core,https://www.soundimports.eu/en/jantzen-audio-000-9085.html,153.26
Jantzen Audio 000-2125,"Jantzen Audio 000-2125 | 0,86 mH | 0,70 Ω | 3% | 24 AWG",0.86,0.7,24.0,Air Core,https://www.soundimports.eu/en/jantzen-audio-000-2125.html,4.92
Jantzen Audio 000-1443,"Jantzen Audio 000-1443 | 0,87 mH | 0,80 Ω | 3% | 21 AWG",0.87,0.8,21.0,Air Core,https://www.soundimports.eu/en/jantzen-audio-000-1443.html,6.16
Jantzen Audio 000-2077,"Jantzen Audio 000-2077 | 0,87 mH | 0,22 Ω | 3% | 18 AWG",0.87,0.22,18.0,Air Core,https://www.soundimports.eu/en/jantzen-audio-000-2077.html,7.4
Jantzen Audio 000-0170,"Jantzen Audio 000-0170 | 0,87 mH | 0,22 Ω | 3% | 14 AWG",0.87,0.22,14.0,Air Core,https://www.soundimports.eu/en/jantzen-audio-000-0170.html,21.86
Jantzen Audio 000-8087,"Jantzen Audio 000-8087 | 0,87 mH | 0,17 Ω | 2% | 12 AWG",0.87,0.17,12.0,Air Core,https://www.soundimports.eu/en/jantzen-audio-000-8087.html,61.94
Jantzen Audio 000-0818,"Jantzen Audio 000-0818 | 0,875 mH | 0,46 Ω | 3% | 18 AWG",0.875,0.46,18.0,Air Core,https://www.soundimports.eu/en/jantzen-audio-000-0818.html,9.46
Jantzen Audio 000-1437,"Jantzen Audio 000-1437 | 0,88 mH | 0,94 Ω | 3% | 21 AWG",0.88,0.94,21.0,Air Core,https://www.soundimports.eu/en/jantzen-audio-000-1437.html,6.57
Jantzen Audio 000-8354,"Jantzen Audio 000-8354 | 0,88 mH | 0,24 Ω | 2% | 14 AWG",0.88,0.24,14.0,Air Core,https://www.soundimports.eu/en/jantzen-audio-000-8354.html,41.69
Jantzen Audio 000-1052,"Jantzen Audio 000-1052 | 0,89 mH | 0,67 Ω | 3% | 20 AWG",0.89,0.67,20.0,Air Core,https://www.soundimports.eu/en/jantzen-audio-000-1052.html,6.98
Jantzen Audio 000-1878,"Jantzen Audio 000-1878 | 0,90 mH | 2,09 Ω | 3% | 26 AWG",0.9,2.09,26.0,Air Core,https://www.soundimports.eu/en/jantzen-audio-000-1878.html,4.5
Dayton Audio AC20-90,Dayton Audio AC20-90 | 0.90 mH | 0.71 Ω | 5% | 20 AWG,0.9,0.71,20.0,Air Core,https://www.soundimports.eu/en/dayton-audio-ac20-90.html,5.74
Jantzen Audio 000-2004,"Jantzen Audio 000-2004 | 0,90 mH | 0,33 Ω | 3% | 20 AWG",0.9,0.33,20.0,Air Core,https://www.soundimports.eu/en/jantzen-audio-000-2004.html,6.16
Jantzen Audio 000-1448,"Jantzen Audio 000-1448 | 0,90 mH | 0,81 Ω | 3% | 21 AWG",0.9,0.81,21.0,Air Core,https://www.soundimports.eu/en/jantzen-audio-000-1448.html,6.16
Jantzen Audio 000-1001,"Jantzen Audio 000-1001 | 0,90 mH | 0,95 Ω | 3% | 21 AWG",0.9,0.95,21.0,Air Core,https://www.soundimports.eu/en/jantzen-audio-000-1001.html,6.57
Jantzen Audio 000-1526,"Jantzen Audio 000-1526 | 0,90 mH | 0,67 Ω | 3% | 20 AWG",0.9,0.67,20.0,Air Core,https://www.soundimports.eu/en/jantzen-audio-000-1526.html,7.4
Dayton Audio LW18-90,Dayton Audio LW18-90 | 0.90 mH | 0.48 Ω | 3% | 18 AWG,0.9,0.48,18.0,Air Core,https://www.soundimports.eu/en/dayton-audio-lw18-90.html,8.22
Jantzen Audio 000-1953,"Jantzen Audio 000-1953 | 0,90 mH | 0,46 Ω | 3% | 18 AWG",0.9,0.46,18.0,Air Core,https://www.soundimports.eu/en/jantzen-audio-000-1953.html,9.05
Jantzen Audio 000-1969,"Jantzen Audio 000-1969 | 0,90 mH | 0,47 Ω | 3% | 18 AWG",0.9,0.47,18.0,Air Core,https://www.soundimports.eu/en/jantzen-audio-000-1969.html,9.05
Jantzen Audio 000-1647,"Jantzen Audio 000-1647 | 0,90 mH | 0,53 Ω | 3% | 18 AWG",0.9,0.53,18.0,Air Core,https://www.soundimports.eu/en/jantzen-audio-000-1647.html,9.46
Jantzen Audio 000-1657,"Jantzen Audio 000-1657 | 0,90 mH | 0,29 Ω | 3% | 15 AWG",0.9,0.29,15.0,Air Core,https://www.soundimports.eu/en/jantzen-audio-000-1657.html,17.73
Jantzen Audio 000-0016,"Jantzen Audio 000-0016 | 0,9 mH | 0,22 Ω | 3% | 14 AWG",0.9,0.22,14.0,Air Core,https://www.soundimports.eu/en/jantzen-audio-000-0016.html,23.1
Jantzen Audio 000-7809,"Jantzen Audio 000-7809 | 0,9 mH | 0,33 Ω | 2% | 16 AWG",0.9,0.33,16.0,Air Core,https://www.soundimports.eu/en/jantzen-audio-000-7809.html,28.88
Jantzen Audio 000-0116,"Jantzen Audio 000-0116 | 0,9 mH | 0,16 Ω | 3% | 13 AWG",0.9,0.16,13.0,Air Core,https://www.soundimports.eu/en/jantzen-audio-000-0116.html,29.3
Jantzen Audio 000-8625,"Jantzen Audio 000-8625 | 0,9 mH | 0,34 Ω | 2% | 16 AWG",0.9,0.34,16.0,Air Core,https://www.soundimports.eu/en/jantzen-audio-000-8625.html,30.95
Jantzen Audio 000-7396,"Jantzen Audio 000-7396 | 0,90 mH | 0,24 Ω | 2% | 14 AWG",0.9,0.24,14.0,Air Core,https://www.soundimports.eu/en/jantzen-audio-000-7396.html,41.28
Jantzen Audio 000-8355,"Jantzen Audio 000-8355 | 0,90 mH | 0,24 Ω | 2% | 14 AWG",0.9,0.24,14.0,Air Core,https://www.soundimports.eu/en/jantzen-audio-000-8355.html,41.69
Dayton Audio LW14-90,Dayton Audio LW14-90 | 0.90 mH | 0.23 Ω | 3% | 14 AWG,0.9,0.23,14.0,Air Core,https://www.soundimports.eu/en/dayton-audio-lw14-90.html,45.41
Jantzen Audio 000-8090,"Jantzen Audio 000-8090 | 0,90 mH | 0,17 Ω | 2% | 12 AWG",0.9,0.17,12.0,Air Core,https://www.soundimports.eu/en/jantzen-audio-000-8090.html,62.77
Jantzen Audio 000-5202,"Jantzen Audio 000-5202 | 0,91 mH | 0,16 Ω | 3% | 18 AWG",0.91,0.16,18.0,Air Core,https://www.soundimports.eu/en/jantzen-audio-000-5202.html,7.4
Jantzen Audio 000-1862,"Jantzen Audio 000-1862 | 0,91 mH | 0,29 Ω | 3% | 15 AWG",0.91,0.29,15.0,Air Core,https://www.soundimports.eu/en/jantzen-audio-000-1862.html,16.9
Jantzen Audio 000-8626,"Jantzen Audio 000-8626 | 0,91 mH | 0,36 Ω | 2% | 16 AWG",0.91,0.36,16.0,Air Core,https://www.soundimports.eu/en/jantzen-audio-000-8626.html,31.36
Jantzen Audio 000-L-0092,"Jantzen Audio 000-L-0092 | 0,92 mH | 0,33 Ω | 3% | 15 AWG",0.92,0.33,15.0,Air Core,https://www.soundimports.eu/en/jantzen-audio-000-l-0092.html,23.93
Jantzen Audio 000-7815,"Jantzen Audio 000-7815 | 0,92 mH | 0,34 Ω | 2% | 16 AWG",0.92,0.34,16.0,Air Core,https://www.soundimports.eu/en/jantzen-audio-000-7815.html,29.3
Jantzen Audio 000-1081,"Jantzen Audio 000-1081 | 0,93 mH | 0,30 Ω | 3% | 15 AWG",0.93,0.3,15.0,Air Core,https://www.soundimports.eu/en/jantzen-audio-000-1081.html,16.9
Jantzen Audio 000-1399,"Jantzen Audio 000-1399 | 0,95 mH | 0,83 Ω | 3% | 21 AWG",0.95,0.83,21.0,Air Core,https://www.soundimports.eu/en/jantzen-audio-000-1399.html,6.16
Jantzen Audio 000-2113,"Jantzen Audio 000-2113 | 0,95 mH | 0,24 Ω | 3% | 18 AWG",0.95,0.24,18.0,Air Core,https://www.soundimports.eu/en/jantzen-audio-000-2113.html,6.98
Jantzen Audio 000-1134,"Jantzen Audio 000-1134 | 0,95 mH | 0,68 Ω | 3% | 20 AWG",0.95,0.68,20.0,Air Core,https://www.soundimports.eu/en/jantzen-audio-000-1134.html,7.4
Jantzen Audio 000-1954,"Jantzen Audio 000-1954 | 0,95 mH | 0,48 Ω | 3% | 18 AWG",0.95,0.48,18.0,Air Core,https://www.soundimports.eu/en/jantzen-audio-000-1954.html,9.88
Jantzen Audio 000-1970,"Jantzen Audio 000-1970 | 0,95 mH | 0,48 Ω | 3% | 18 AWG",0.95,0.48,18.0,Air Core,https://www.soundimports.eu/en/jantzen-audio-000-1970.html,10.29
Jantzen Audio 000-1077,"Jantzen Audio 000-1077 | 0,95 mH | 0,30 Ω | 3% | 15 AWG",0.95,0.3,15.0,Air Core,https://www.soundimports.eu/en/jantzen-audio-000-1077.html,17.31
Jantzen Audio 000-7820,"Jantzen Audio 000-7820 | 0,95 mH | 0,35 Ω | 2% | 16 AWG",0.95,0.35,16.0,Air Core,https://www.soundimports.eu/en/jantzen-audio-000-7820.html,29.71
Jantzen Audio 000-8095,"Jantzen Audio 000-8095 | 0,95 mH | 0,18 Ω | 2% | 12 AWG",0.95,0.18,12.0,Air Core,https://www.soundimports.eu/en/jantzen-audio-000-8095.html,64.42
Jantzen Audio 000-2083,"Jantzen Audio 000-2083 | 0,96 mH | 0,42 Ω | 3% | 20 AWG",0.96,0.42,20.0,Air Core,https://www.soundimports.eu/en/jantzen-audio-000-2083.html,6.57
Jantzen Audio 000-1436,"Jantzen Audio 000-1436 | 0,96 mH | 0,99 Ω | 3% | 21 AWG",0.96,0.99,21.0,Air Core,https://www.soundimports.eu/en/jantzen-audio-000-1436.html,6.98
Jantzen Audio 000-1374,"Jantzen Audio 000-1374 | 0,96 mH | 0,54 Ω | 3% | 18 AWG",0.96,0.54,18.0,Air Core,https://www.soundimports.eu/en/jantzen-audio-000-1374.html,10.7
Jantzen Audio 000-1337,"Jantzen Audio 000-1337 | 0,96 mH | 0,37 Ω | 3% | 17 AWG",0.96,0.37,17.0,Air Core,https://www.soundimports.eu/en/jantzen-audio-000-1337.html,14.01
Jantzen Audio 000-0826,"Jantzen Audio 000-0826 | 1,0 mH | 3,98 Ω | 3% | 29 AWG",1.0,3.98,29.0,Air Core,https://www.soundimports.eu/en/jantzen-audio-000-0826.html,4.09
Jantzen Audio 000-1395,"Jantzen Audio 000-1395 | 1,0 mH | 2,24 Ω | 3% | 26 AWG",1.0,2.24,26.0,Air Core,https://www.soundimports.eu/en/jantzen-audio-000-1395.html,4.5
Jantzen Audio 000-2362,"Jantzen Audio 000-2362 | 1,0 mH | 0,72 Ω | 3% | 24 AWG",1.0,0.72,24.0,Air Core,https://www.soundimports.eu/en/jantzen-audio-000-2362.html,4.5
Jantzen Audio 000-1089,"Jantzen Audio 000-1089 | 1,0 mH | 1,57 Ω | 3% | 24 AWG",1.0,1.57,24.0,Air Core,https://www.soundimports.eu/en/jantzen-audio-000-1089.html,5.33
Jantzen Audio 000-5140,"Jantzen Audio 000-5140 | 1,0 mH | 0,55 Ω | 3% | 24 AWG",1.0,0.55,24.0,Air Core,https://www.soundimports.eu/en/jantzen-audio-000-5140.html,5.33
Jantzen Audio 000-2234,"Jantzen Audio 000-2234 | 1,0 mH | 0,42 Ω | 3% | 21 AWG",1.0,0.42,21.0,Air Core,https://www.soundimports.eu/en/jantzen-audio-000-2234.html,5.33
Jantzen Audio 000-2283,"Jantzen Audio 000-2283 | 1,0 mH | 0,36 Ω | 3% | 21 AWG",1.0,0.36,21.0,Air Core,https://www.soundimports.eu/en/jantzen-audio-000-2283.html,5.33
Jantzen Audio 000-2085,"Jantzen Audio 000-2085 | 1,0 mH | 0,33 Ω | 3% | 20 AWG",1.0,0.33,20.0,Air Core,https://www.soundimports.eu/en/jantzen-audio-000-2085.html,5.74
Jantzen Audio 000-2235,"Jantzen Audio 000-2235 | 1,0 mH | 0,33 Ω | 3% | 20 AWG",1.0,0.33,20.0,Air Core,https://www.soundimports.eu/en/jantzen-audio-000-2235.html,5.74
Jantzen Audio 000-2303,"Jantzen Audio 000-2303 | 1 mH | 0,31 Ω | 3% | 20 AWG",1.0,0.31,20.0,Air Core,https://www.soundimports.eu/en/jantzen-audio-000-2303.html,5.74
Jantzen Audio 000-1440,"Jantzen Audio 000-1440 | 1,0 mH | 1,10 Ω | 3% | 22 AWG",1.0,1.1,22.0,Air Core,https://www.soundimports.eu/en/jantzen-audio-000-1440.html,5.74
Jantzen Audio 000-2151,"Jantzen Audio 000-2151 | 1,0 mH | 0,26 Ω | 3% | 18 AWG",1.0,0.26,18.0,Air Core,https://www.soundimports.eu/en/jantzen-audio-000-2151.html,6.16
Jantzen Audio 000-1409,"Jantzen Audio 000-1409 | 1,0 mH | 0,85 Ω | 3% | 21 AWG",1.0,0.85,21.0,Air Core,https://www.soundimports.eu/en/jantzen-audio-000-1409.html,6.16
Jantzen Audio 000-5316,"Jantzen Audio 000-5316 | 1,0 mH | 0,25 Ω | 3% | 20 AWG",1.0,0.25,20.0,Air Core,https://www.soundimports.eu/en/jantzen-audio-000-5316.html,6.16
Jantzen Audio 000-2318,"Jantzen Audio 000-2318 | 1,0 mH | 0,38 Ω | 3% | 20 AWG",1.0,0.38,20.0,Air Core,https://www.soundimports.eu/en/jantzen-audio-000-2318.html,6.16
Jantzen Audio 000-1231,"Jantzen Audio 000-1231 | 1,0 mH | 0,72 Ω | 3% | 20 AWG",1.0,0.72,20.0,Air Core,https://www.soundimports.eu/en/jantzen-audio-000-1231.html,6.98
Intertechnik HQR32/1.0/71,"Intertechnik HQR32/1.0/71 | 1,0 mH | 0,53 Ω | 5% | 21 AWG",1.0,0.53,21.0,Air Core,https://www.soundimports.eu/en/it-intertechnik-hqr32-1-0-71.html,6.98
Jantzen Audio 000-1370,"Jantzen Audio 000-1370 | 1,0 mH | 1 Ω | 3% | 21 AWG",1.0,1.0,21.0,Air Core,https://www.soundimports.eu/en/jantzen-audio-000-1370.html,6.98
Jantzen Audio 000-5090,"Jantzen Audio 000-5090 | 1,0 mH | 0,17 Ω | 3% | 18 AWG",1.0,0.17,18.0,Air Core,https://www.soundimports.eu/en/jantzen-audio-000-5090.html,6.98
Jantzen Audio 000-2086,"Jantzen Audio 000-2086 | 1,0 mH | 0,25 Ω | 3% | 18 AWG",1.0,0.25,18.0,Air Core,https://www.soundimports.eu/en/jantzen-audio-000-2086.html,7.4
Jantzen Audio 000-1056,"Jantzen Audio 000-1056 | 1,0 mH | 0,71 Ω | 3% | 20 AWG",1.0,0.71,20.0,Air Core,https://www.soundimports.eu/en/jantzen-audio-000-1056.html,7.4
Jantzen Audio 000-2199,"Jantzen Audio 000-2199 | 1,0 mH | 0,21 Ω | 3% | 18 AWG",1.0,0.21,18.0,Air Core,https://www.soundimports.eu/en/jantzen-audio-000-2199.html,7.4
Dayton Audio LW181,Dayton Audio LW181 | 1.0 mH | 0.51 Ω | 3% | 18 AWG,1.0,0.51,18.0,Air Core,https://www.soundimports.eu/en/dayton-audio-lw181.html,8.64
Intertechnik LU44/1.00/071,"Intertechnik LU44/1.00/071 | 1,0 mH | 0,94 Ω | 3% | 21 AWG",1.0,0.94,21.0,Air Core,https://www.soundimports.eu/en/it-intertechnik-lu44-1-00-071.html,9.05
Jantzen Audio 000-2376,"Jantzen Audio 000-2376 | 1 mH | 0,19 Ω | 3% | 17 AWG",1.0,0.19,17.0,Air Core,https://www.soundimports.eu/en/jantzen-audio-000-2376.html,9.05
Jantzen Audio 000-2097,"Jantzen Audio 000-2097 | 1 mH | 0,15 Ω | 3% | 17 AWG",1.0,0.15,17.0,Air Core,https://www.soundimports.eu/en/jantzen-audio-000-2097.html,9.05
Jantzen Audio 000-5055,"Jantzen Audio 000-5055 | 1,0 mH | 0,19 Ω | 3% | 18 AWG",1.0,0.19,18.0,Air Core,https://www.soundimports.eu/en/jantzen-audio-000-5055.html,9.05
Dayton Audio IC181,Dayton Audio IC181 | 1.0 mH | 0.19 Ω | 3% | 18 AWG,1.0,0.19,18.0,Air Core,https://www.soundimports.eu/en/dayton-audio-ic181.html,9.46
Jantzen Audio 000-2374,"Jantzen Audio 000-2374 | 1,0 mH | 0,19 Ω | 3% | 17 AWG",1.0,0.19,17.0,Air Core,https://www.soundimports.eu/en/jantzen-audio-000-2374.html,9.46
Jantzen Audio 000-1057,"Jantzen Audio 000-1057 | 1,0 mH | 0,55 Ω | 3% | 18 AWG",1.0,0.55,18.0,Air Core,https://www.soundimports.eu/en/jantzen-audio-000-1057.html,9.88
Jantzen Audio 000-1972,"Jantzen Audio 000-1972 | 1,0 mH | 0,49 Ω | 3% | 18 AWG",1.0,0.49,18.0,Air Core,https://www.soundimports.eu/en/jantzen-audio-000-1972.html,9.88
Jantzen Audio 000-1994,"Jantzen Audio 000-1994 | 1 mH | 0,55 Ω | 3% | 18 AWG",1.0,0.55,18.0,Air Core,https://www.soundimports.eu/en/jantzen-audio-000-1994.html,9.88
Jantzen Audio 000-1239,"Jantzen Audio 000-1239 | 1,0 mH | 0,48 Ω | 3% | 18 AWG",1.0,0.48,18.0,Air Core,https://www.soundimports.eu/en/jantzen-audio-000-1239.html,10.29
Jantzen Audio 000-5056,"Jantzen Audio 000-5056 | 1,0 mH | 0,14 Ω | 3% | 17 AWG",1.0,0.14,17.0,Air Core,https://www.soundimports.eu/en/jantzen-audio-000-5056.html,10.29
"Mundorf P100-1,0","Mundorf P100-1,0 | 1,0 mH | 0,32 Ω | 3% | 18 AWG",1.0,0.32,18.0,Air Core,https://www.soundimports.eu/en/mundorf-p100-10.html,10.7
Jantzen Audio 000-5212,"Jantzen Audio 000-5212 | 1,0 mH | 0,125 Ω | 3% | 17 AWG",1.0,0.125,17.0,Air Core,https://www.soundimports.eu/en/jantzen-audio-000-5212.html,10.7
Dayton Audio AC201,Dayton Audio AC201 | 1.0 mH | 0.73 Ω | 5% | 20 AWG,1.0,0.73,20.0,Air Core,https://www.soundimports.eu/en/dayton-audio-ac201.html,11.12
Jantzen Audio 000-5383,"Jantzen Audio 000-5383 | 1,0 mH | 0,11 Ω | 3% | 15 AWG",1.0,0.11,15.0,Air Core,https://www.soundimports.eu/en/jantzen-audio-000-5383.html,11.12
"Mundorf L100-1,00","Mundorf L100-1,00 | 1,00 mH | 0,49 Ω | 2% | 18 AWG",1.0,0.49,18.0,Air Core,https://www.soundimports.eu/en/mundorf-l100-100.html,11.53
Jantzen Audio 000-5117,"Jantzen Audio 000-5117 | 1,0 mH | 0,10 Ω | 3% | 15 AWG",1.0,0.1,15.0,Air Core,https://www.soundimports.eu/en/jantzen-audio-000-5117.html,12.36
Jantzen Audio 000-1563,"Jantzen Audio 000-1563 | 1 mH | 0,37 Ω | 3% | 17 AWG",1.0,0.37,17.0,Air Core,https://www.soundimports.eu/en/jantzen-audio-000-1563.html,13.6
Jantzen Audio 000-5432,"Jantzen Audio 000-5432 | 1,0 mH | 0,078 Ω | 3% | 14 AWG",1.0,0.078,14.0,Air Core,https://www.soundimports.eu/en/jantzen-audio-000-5432.html,14.01
Jantzen Audio 000-1094,"Jantzen Audio 000-1094 | 1,0 mH | 0,395 Ω | 3% | 17 AWG",1.0,0.395,17.0,Air Core,https://www.soundimports.eu/en/jantzen-audio-000-1094.html,14.83
Intertechnik LU55/1.0/100,"Intertechnik LU55/1.0/100 | 1,0 mH | 0,60 Ω | 3% | 18 AWG",1.0,0.6,18.0,Air Core,https://www.soundimports.eu/en/it-intertechnik-lu55-1-0-100.html,16.07
Jantzen Audio 000-5806,"Jantzen Audio 000-5806 | 1 mH | 0,07 Ω | 3% | 13 AWG",1.0,0.07,13.0,Air Core,https://www.soundimports.eu/en/jantzen-audio-000-5806.html,16.07
Intertechnik HQ40/1.0/112,"Intertechnik HQ40/1.0/112 | 1,0 mH | 0,14 Ω | 5% | 17 AWG",1.0,0.14,17.0,Air Core,https://www.soundimports.eu/en/it-intertechnik-hq40-1-0-112.html,16.49
Intertechnik LUT55/1.0/10,"Intertechnik LUT55/1.0/10 | 1,0 mH | 0,61 Ω | 3% | 18 AWG",1.0,0.61,18.0,Air Core,https://www.soundimports.eu/en/it-intertechnik-lut55-1-0-10.html,16.9
Jantzen Audio 000-1096,"Jantzen Audio 000-1096 | 1,0 mH | 0,285 Ω | 3% | 15 AWG",1.0,0.285,15.0,Air Core,https://www.soundimports.eu/en/jantzen-audio-000-1096.html,18.55
Jantzen Audio 000-1898,"Jantzen Audio 000-1898 | 1 mH | 0,3 Ω | 3% | 15 AWG",1.0,0.3,15.0,Air Core,https://www.soundimports.eu/en/jantzen-audio-000-1898.html,18.97
Intertechnik CO30/1.00/071,"Intertechnik CO30/1.00/071 | 1,0 mH | 0,51 Ω | 5% | 21 AWG",1.0,0.51,21.0,Air Core,https://www.soundimports.eu/en/it-intertechnik-co30-1-00-071.html,20.62
Intertechnik LU62/1.0/140,"Intertechnik LU62/1.0/140 | 1,0 mH | 0,28 Ω | 3% | 15 AWG",1.0,0.28,15.0,Air Core,https://www.soundimports.eu/en/it-intertechnik-lu62-1-0-140.html,23.93
Audyn CO55/1.00/140,"Audyn CO55/1.00/140 | 1,0 mH | 0,19 Ω | 5% | 15 AWG",1.0,0.19,15.0,Air Core,https://www.soundimports.eu/en/audyn-co55-1-00-140.html,23.93
Jantzen Audio 000-0018,"Jantzen Audio 000-0018 | 1 mH | 0,24 Ω | 3% | 14 AWG",1.0,0.24,14.0,Air Core,https://www.soundimports.eu/en/jantzen-audio-000-0018.html,24.34
Jantzen Audio 000-L-0100,"Jantzen Audio 000-L-0100 | 1,0 mH | 0,35 Ω | 3% | 15 AWG",1.0,0.35,15.0,Air Core,https://www.soundimports.eu/en/jantzen-audio-000-l-0100.html,25.17
Dayton Audio LW141,Dayton Audio LW141 | 1.0 mH | 0.26 Ω | 3% | 14 AWG,1.0,0.26,14.0,Air Core,https://www.soundimports.eu/en/dayton-audio-lw141.html,25.99
Jantzen Audio 000-0118,"Jantzen Audio 000-0118 | 1,0 mH | 0,198 Ω | 3% | 13 AWG",1.0,0.198,13.0,Air Core,https://www.soundimports.eu/en/jantzen-audio-000-0118.html,30.54
Intertechnik DR56/1.0/140,"Intertechnik DR56/1.0/140 | 1,0 mH | 0,10 Ω | 5% | 15 AWG",1.0,0.1,15.0,Air Core,https://www.soundimports.eu/en/it-intertechnik-dr56-1-0-140.html,30.79
Jantzen Audio 000-7825,"Jantzen Audio 000-7825 | 1 mH | 0,44 Ω | 2% | 16 AWG",1.0,0.44,16.0,Air Core,https://www.soundimports.eu/en/jantzen-audio-000-7825.html,30.95
Intertechnik AT62/100/132,"Intertechnik AT62/100/132 | 1,0 mH | 0,34 Ω | 3% | 16 AWG",1.0,0.34,16.0,Air Core,https://www.soundimports.eu/en/it-intertechnik-at62-100-132.html,31.78
Jantzen Audio 000-8630,"Jantzen Audio 000-8630 | 1 mH | 0,36 Ω | 2% | 16 AWG",1.0,0.36,16.0,Air Core,https://www.soundimports.eu/en/jantzen-audio-000-8630.html,32.6
"Mundorf CFC16-1,00","Mundorf CFC16-1,00 | 1,00 mH | 0,37 Ω | 2% | 16,5 AWG",1.0,0.37,16.5,Air Core,https://www.soundimports.eu/en/mundorf-cfc16-100.html,33.02
Dayton Audio CF161,Dayton Audio CF161 | 1.0 mH | 0.37 Ω | 3% | 16 AWG,1.0,0.37,16.0,Air Core,https://www.soundimports.eu/en/dayton-audio-cf161.html,37.15
Jantzen Audio 000-6020,"Jantzen Audio 000-6020 | 1,0 mH | 0,03 Ω | 5% | 13 AWG",1.0,0.03,13.0,Air Core,https://www.soundimports.eu/en/jantzen-audio-000-6020.html,38.8
Jantzen Audio 000-7415,"Jantzen Audio 000-7415 | 1,0 mH | 0,27 Ω | 2% | 14 AWG",1.0,0.27,14.0,Air Core,https://www.soundimports.eu/en/jantzen-audio-000-7415.html,40.87
Jantzen Audio 000-8360,"Jantzen Audio 000-8360 | 1,0 mH | 0,27 Ω | 2% | 14 AWG",1.0,0.27,14.0,Air Core,https://www.soundimports.eu/en/jantzen-audio-000-8360.html,44.59
Intertechnik LU92/1.0/200,"Intertechnik LU92/1.0/200 | 1,0 mH | 0,17 Ω | 3% | 12 AWG",1.0,0.17,12.0,Air Core,https://www.soundimports.eu/en/it-intertechnik-lu92-1-0-200.html,48.31
Intertechnik TRI62/1.0/0.50,"Intertechnik TRI62/1.0/0.50 | 1,0 mH | 0,356 Ω | 1% | 7 x 24 AWG",1.0,0.356,7.0,Air Core,https://www.soundimports.eu/en/it-intertechnik-tri62-1-0-0-50.html,49.55
"Mundorf CFC14-1,00","Mundorf CFC14-1,00 | 1,00 mH | 0,26 Ω | 2% | 14 AWG",1.0,0.26,14.0,Air Core,https://www.soundimports.eu/en/mundorf-cfc14-100.html,53.68
Jantzen Audio 000-7070,"Jantzen Audio 000-7070 | 1,0 mH | 0,184 Ω | 2% | 12 AWG",1.0,0.184,12.0,Air Core,https://www.soundimports.eu/en/jantzen-audio-000-7070.html,60.7
Intertechnik TRI92/1.00/0.60,"Intertechnik TRI92/1.00/0.60 | 1,0 mH | 0,27 Ω | 1% | 7 x 23 AWG",1.0,0.27,7.0,Air Core,https://www.soundimports.eu/en/it-intertechnik-tri92-1-00-0-60.html,68.14
Jantzen Audio 000-8097,"Jantzen Audio 000-8097 | 1,0 mH | 0,19 Ω | 2% | 12 AWG",1.0,0.19,12.0,Air Core,https://www.soundimports.eu/en/jantzen-audio-000-8097.html,69.79
Intertechnik TRI92/1.00/0.80,"Intertechnik TRI92/1.00/0.80 | 1,0 mH | 0,17 Ω | 1% | 7 x 20 AWG",1.0,0.17,7.0,Air Core,https://www.soundimports.eu/en/it-intertechnik-tri92-1-00-0-80.html,109.88
Jantzen Audio 000-1047,"Jantzen Audio 000-1047 | 1,04 mH | 0,29 Ω | 3% | 15 AWG",1.04,0.29,15.0,Air Core,https://www.soundimports.eu/en/jantzen-audio-000-1047.html,18.55
Jantzen Audio 000-1135,"Jantzen Audio 000-1135 | 1,05 mH | 0,73 Ω | 3% | 20 AWG",1.05,0.73,20.0,Air Core,https://www.soundimports.eu/en/jantzen-audio-000-1135.html,7.4
Jantzen Audio 000-8361,"Jantzen Audio 000-8361 | 1,05 mH | 0,27 Ω | 2% | 14 AWG",1.05,0.27,14.0,Air Core,https://www.soundimports.eu/en/jantzen-audio-000-8361.html,45.0
Jantzen Audio 000-2243,"Jantzen Audio 000-2243 | 1,1 mH | 0,45 Ω | 3% | 21 AWG",1.1,0.45,21.0,Air Core,https://www.soundimports.eu/en/jantzen-audio-000-2243.html,5.33
Jantzen Audio 000-1886,"Jantzen Audio 000-1886 | 1,1 mH | 1,70 Ω | 3% | 24 AWG",1.1,1.7,24.0,Air Core,https://www.soundimports.eu/en/jantzen-audio-000-1886.html,5.33
Jantzen Audio 000-1887,"Jantzen Audio 000-1887 | 1,1 mH | 1,15 Ω | 3% | 22 AWG",1.1,1.15,22.0,Air Core,https://www.soundimports.eu/en/jantzen-audio-000-1887.html,5.74
Jantzen Audio 000-2079,"Jantzen Audio 000-2079 | 1,1 mH | 0,37 Ω | 3% | 20 AWG",1.1,0.37,20.0,Air Core,https://www.soundimports.eu/en/jantzen-audio-000-2079.html,6.16
Jantzen Audio 000-1477,"Jantzen Audio 000-1477 | 1,1 mH | 0,92 Ω | 3% | 21 AWG",1.1,0.92,21.0,Air Core,https://www.soundimports.eu/en/jantzen-audio-000-1477.html,6.57
Jantzen Audio 000-2343,"Jantzen Audio 000-2343 | 1,1 mH | 0,21 Ω | 3% | 18 AWG",1.1,0.21,18.0,Air Core,https://www.soundimports.eu/en/jantzen-audio-000-2343.html,7.4
Jantzen Audio 000-2092,"Jantzen Audio 000-2092 | 1,1 mH | 0,16 Ω | 3% | 17 AWG",1.1,0.16,17.0,Air Core,https://www.soundimports.eu/en/jantzen-audio-000-2092.html,9.05
Jantzen Audio 000-1078,"Jantzen Audio 000-1078 | 1,1 mH | 0,57 Ω | 3% | 18 AWG",1.1,0.57,18.0,Air Core,https://www.soundimports.eu/en/jantzen-audio-000-1078.html,10.29
Jantzen Audio 000-2023,"Jantzen Audio 000-2023 | 1,1 mH | 0,20 Ω | 3% | 17 AWG",1.1,0.2,17.0,Air Core,https://www.soundimports.eu/en/jantzen-audio-000-2023.html,10.7
Jantzen Audio 000-1924,"Jantzen Audio 000-1924 | 1,1 mH | 0,41 Ω | 3% | 17 AWG",1.1,0.41,17.0,Air Core,https://www.soundimports.eu/en/jantzen-audio-000-1924.html,14.42
Jantzen Audio 000-1931,"Jantzen Audio 000-1931 | 1,1 mH | 0,31 Ω | 3% | 15 AWG",1.1,0.31,15.0,Air Core,https://www.soundimports.eu/en/jantzen-audio-000-1931.html,17.73
Jantzen Audio 000-0019,"Jantzen Audio 000-0019 | 1,1 mH | 0,26 Ω | 3% | 14 AWG",1.1,0.26,14.0,Air Core,https://www.soundimports.eu/en/jantzen-audio-000-0019.html,25.17
Jantzen Audio 000-7830,"Jantzen Audio 000-7830 | 1,1 mH | 0,38 Ω | 2% | 16 AWG",1.1,0.38,16.0,Air Core,https://www.soundimports.eu/en/jantzen-audio-000-7830.html,30.95
Jantzen Audio 000-0119,"Jantzen Audio 000-0119 | 1,1 mH | 0,21 Ω | 3% | 13 AWG",1.1,0.21,13.0,Air Core,https://www.soundimports.eu/en/jantzen-audio-000-0119.html,31.78
Jantzen Audio 000-8635,"Jantzen Audio 000-8635 | 1,1 mH | 0,38 Ω | 2% | 16 AWG",1.1,0.38,16.0,Air Core,https://www.soundimports.eu/en/jantzen-audio-000-8635.html,33.43
Jantzen Audio 000-8365,"Jantzen Audio 000-8365 | 1,1 mH | 0,27 Ω | 2% | 14 AWG",1.1,0.27,14.0,Air Core,https://www.soundimports.eu/en/jantzen-audio-000-8365.html,45.83
Jantzen Audio 000-6022,"Jantzen Audio 000-6022 | 1,1 mH | 0,03 Ω | 5% | 12 AWG",1.1,0.03,12.0,Air Core,https://www.soundimports.eu/en/jantzen-audio-000-6022.html,49.13
Jantzen Audio 000-1014,"Jantzen Audio 000-1014 | 1,13 mH | 4,4 Ω | 3% | 29 AWG",1.13,4.4,29.0,Air Core,https://www.soundimports.eu/en/jantzen-audio-000-1014.html,4.09
Jantzen Audio 000-1983,"Jantzen Audio 000-1983 | 1,13 mH | 0,43 Ω | 3% | 17 AWG",1.13,0.43,17.0,Air Core,https://www.soundimports.eu/en/jantzen-audio-000-1983.html,15.66
Jantzen Audio 000-1136,"Jantzen Audio 000-1136 | 1,15 mH | 0,76 Ω | 3% | 20 AWG",1.15,0.76,20.0,Air Core,https://www.soundimports.eu/en/jantzen-audio-000-1136.html,7.81
Jantzen Audio 000-1625,"Jantzen Audio 000-1625 | 1,15 mH | 0,59 Ω | 3% | 18 AWG",1.15,0.59,18.0,Air Core,https://www.soundimports.eu/en/jantzen-audio-000-1625.html,11.53
Jantzen Audio 000-1174,"Jantzen Audio 000-1174 | 1,15 mH | 0,43 Ω | 3% | 17 AWG",1.15,0.43,17.0,Air Core,https://www.soundimports.eu/en/jantzen-audio-000-1174.html,16.07
Jantzen Audio 000-8105,"Jantzen Audio 000-8105 | 1,15 mH | 0,20 Ω | 2% | 12 AWG",1.15,0.2,12.0,Air Core,https://www.soundimports.eu/en/jantzen-audio-000-8105.html,73.51
Jantzen Audio 000-2177,"Jantzen Audio 000-2177 | 1,2 mH | 0,84 Ω | 3% | 24 AWG",1.2,0.84,24.0,Air Core,https://www.soundimports.eu/en/jantzen-audio-000-2177.html,4.5
Jantzen Audio 000-1133,"Jantzen Audio 000-1133 | 1,2 mH | 1,76 Ω | 3% | 24 AWG",1.2,1.76,24.0,Air Core,https://www.soundimports.eu/en/jantzen-audio-000-1133.html,5.33
Jantzen Audio 000-0853,"Jantzen Audio 000-0853 | 1,2 mH | 1,18 Ω | 3% | 22 AWG",1.2,1.18,22.0,Air Core,https://www.soundimports.eu/en/jantzen-audio-000-0853.html,6.16
Jantzen Audio 000-2302,"Jantzen Audio 000-2302 | 1,2 mH | 0,33 Ω | 3% | 20 AWG",1.2,0.33,20.0,Air Core,https://www.soundimports.eu/en/jantzen-audio-000-2302.html,6.16
Jantzen Audio 000-5268,"Jantzen Audio 000-5268 | 1,2 mH | 0,28 Ω | 3% | 20 AWG",1.2,0.28,20.0,Air Core,https://www.soundimports.eu/en/jantzen-audio-000-5268.html,6.16
Jantzen Audio 000-1863,"Jantzen Audio 000-1863 | 1,2 mH | 0,95 Ω | 3% | 21 AWG",1.2,0.95,21.0,Air Core,https://www.soundimports.eu/en/jantzen-audio-000-1863.html,6.57
Jantzen Audio 000-2387,"Jantzen Audio 000-2387 | 1,2 mH | 0,23 Ω | 3% | 18 AWG",1.2,0.23,18.0,Air Core,https://www.soundimports.eu/en/jantzen-audio-000-2387.html,7.4
Jantzen Audio 000-2342,"Jantzen Audio 000-2342 | 1,2 mH | 0,23 Ω | 3% | 18 AWG",1.2,0.23,18.0,Air Core,https://www.soundimports.eu/en/jantzen-audio-000-2342.html,7.4
Intertechnik HQR32/1.2/71,"Intertechnik HQR32/1.2/71 | 1,2 mH | 0,61 Ω | 5% | 21 AWG",1.2,0.61,21.0,Air Core,https://www.soundimports.eu/en/it-intertechnik-hqr32-1-2-71.html,7.81
Jantzen Audio 000-5234,"Jantzen Audio 000-5234 | 1,2 mH | 0,19 Ω | 3% | 18 AWG",1.2,0.19,18.0,Air Core,https://www.soundimports.eu/en/jantzen-audio-000-5234.html,7.81
Jantzen Audio 000-1864,"Jantzen Audio 000-1864 | 1,2 mH | 0,80 Ω | 3% | 20 AWG",1.2,0.8,20.0,Air Core,https://www.soundimports.eu/en/jantzen-audio-000-1864.html,7.81
Dayton Audio AC201-2,Dayton Audio AC201-2 | 1.2 mH | 0.82 Ω | 5% | 20 AWG,1.2,0.82,20.0,Air Core,https://www.soundimports.eu/en/dayton-audio-ac201-2.html,8.64
Jantzen Audio 000-5481,"Jantzen Audio 000-5481 | 1,2 mH | 0,17 Ω | 3% | 18 AWG",1.2,0.17,18.0,Air Core,https://www.soundimports.eu/en/jantzen-audio-000-5481.html,8.64
Jantzen Audio 000-5230,"Jantzen Audio 000-5230 | 1,2 mH | 0,13 Ω | 3% | 17 AWG",1.2,0.13,17.0,Air Core,https://www.soundimports.eu/en/jantzen-audio-000-5230.html,9.05
Jantzen Audio 000-1280,"Jantzen Audio 000-1280 | 1,2 mH | 0,555 Ω | 3% | 18 AWG",1.2,0.555,18.0,Air Core,https://www.soundimports.eu/en/jantzen-audio-000-1280.html,9.88
Jantzen Audio 000-1901,"Jantzen Audio 000-1901 | 1,2 mH | 0,60 Ω | 3% | 18 AWG",1.2,0.6,18.0,Air Core,https://www.soundimports.eu/en/jantzen-audio-000-1901.html,10.7
Jantzen Audio 000-1467,"Jantzen Audio 000-1467 | 1,2 mH | 0,55 Ω | 3% | 18 AWG",1.2,0.55,18.0,Air Core,https://www.soundimports.eu/en/jantzen-audio-000-1467.html,11.12
Jantzen Audio 000-2019,"Jantzen Audio 000-2019 | 1,2 mH | 0,21 Ω | 3% | 17 AWG",1.2,0.21,17.0,Air Core,https://www.soundimports.eu/en/jantzen-audio-000-2019.html,11.12
Intertechnik LU44/1.20/071,"Intertechnik LU44/1.20/071 | 1,2 mH | 1,04 Ω | 3% | 21 AWG",1.2,1.04,21.0,Air Core,https://www.soundimports.eu/en/it-intertechnik-lu44-1-20-071.html,11.12
Jantzen Audio 000-5247,"Jantzen Audio 000-5247 | 1,2 mH | 0,16 Ω | 3% | 17 AWG",1.2,0.16,17.0,Air Core,https://www.soundimports.eu/en/jantzen-audio-000-5247.html,11.12
"Mundorf P100-1,2","Mundorf P100-1,2 | 1,2 mH | 0,37 Ω | 3% | 18 AWG",1.2,0.37,18.0,Air Core,https://www.soundimports.eu/en/mundorf-p100-12.html,11.53
Jantzen Audio 000-2408,"Jantzen Audio 000-2408 | 1,2 mH | 0,137 Ω | 3% | 15 AWG",1.2,0.137,15.0,Air Core,https://www.soundimports.eu/en/jantzen-audio-000-2408.html,11.53
Jantzen Audio 000-1995,"Jantzen Audio 000-1995 | 1,2 mH | 0,6 Ω | 3% | 18 AWG",1.2,0.6,18.0,Air Core,https://www.soundimports.eu/en/jantzen-audio-000-1995.html,11.94
"Mundorf L100-1,20","Mundorf L100-1,20 | 1,20 mH | 0,54 Ω | 2% | 18 AWG",1.2,0.54,18.0,Air Core,https://www.soundimports.eu/en/mundorf-l100-120.html,13.18
Jantzen Audio 000-5431,"Jantzen Audio 000-5431 | 1,2 mH | 0,09 Ω | 3% | 14 AWG",1.2,0.09,14.0,Air Core,https://www.soundimports.eu/en/jantzen-audio-000-5431.html,14.42
Jantzen Audio 000-2008,"Jantzen Audio 000-2008 | 1,2 mH | 0,17 Ω | 3% | 15 AWG",1.2,0.17,15.0,Air Core,https://www.soundimports.eu/en/jantzen-audio-000-2008.html,14.42
Jantzen Audio 000-2417,"Jantzen Audio 000-2417 | 1,2 mH | 0,12 Ω | 3% | 14 AWG",1.2,0.12,14.0,Air Core,https://www.soundimports.eu/en/jantzen-audio-000-2417.html,14.83
Intertechnik LU55/1.2/100,"Intertechnik LU55/1.2/100 | 1,2 mH | 0,65 Ω | 3% | 18 AWG",1.2,0.65,18.0,Air Core,https://www.soundimports.eu/en/it-intertechnik-lu55-1-2-100.html,15.08
Jantzen Audio 000-1301,"Jantzen Audio 000-1301 | 1,2 mH | 0,43 Ω | 3% | 17 AWG",1.2,0.43,17.0,Air Core,https://www.soundimports.eu/en/jantzen-audio-000-1301.html,15.25
Intertechnik HQ40/1.2/112,"Intertechnik HQ40/1.2/112 | 1,2 mH | 0,15 Ω | 5% | 17 AWG",1.2,0.15,17.0,Air Core,https://www.soundimports.eu/en/it-intertechnik-hq40-1-2-112.html,16.07
Jantzen Audio 000-5805,"Jantzen Audio 000-5805 | 1,2 mH | 0,08 Ω | 3% | 13 AWG",1.2,0.08,13.0,Air Core,https://www.soundimports.eu/en/jantzen-audio-000-5805.html,16.9
Intertechnik LUT55/1.2/10,"Intertechnik LUT55/1.2/10 | 1,2 mH | 0,67 Ω | 3% | 18 AWG",1.2,0.67,18.0,Air Core,https://www.soundimports.eu/en/it-intertechnik-lut55-1-2-10.html,17.73
Jantzen Audio 000-1899,"Jantzen Audio 000-1899 | 1,2 mH | 0,33 Ω | 3% | 15 AWG",1.2,0.33,15.0,Air Core,https://www.soundimports.eu/en/jantzen-audio-000-1899.html,19.38
Jantzen Audio 000-1336,"Jantzen Audio 000-1336 | 1,2 mH | 0,33 Ω | 3% | 15 AWG",1.2,0.33,15.0,Air Core,https://www.soundimports.eu/en/jantzen-audio-000-1336.html,20.21
Intertechnik CO30/1.20/071,"Intertechnik CO30/1.20/071 | 1,2 mH | 0,57 Ω | 5% | 21 AWG",1.2,0.57,21.0,Air Core,https://www.soundimports.eu/en/it-intertechnik-co30-1-20-071.html,20.62
Jantzen Audio 000-0984,"Jantzen Audio 000-0984 | 1,2 mH | 0,28 Ω | 3% | 14 AWG",1.2,0.28,14.0,Air Core,https://www.soundimports.eu/en/jantzen-audio-000-0984.html,23.1
Audyn CO55/1.20/140,"Audyn CO55/1.20/140 | 1,2 mH | 0,22 Ω | 5% | 15 AWG",1.2,0.22,15.0,Air Core,https://www.soundimports.eu/en/audyn-co55-1-20-140.html,24.75
Jantzen Audio 000-0020,"Jantzen Audio 000-0020 | 1,2 mH | 0,27 Ω | 3% | 14 AWG",1.2,0.27,14.0,Air Core,https://www.soundimports.eu/en/jantzen-audio-000-0020.html,26.82
Intertechnik LU62/1.2/140,"Intertechnik LU62/1.2/140 | 1,2 mH | 0,30 Ω | 3% | 15 AWG",1.2,0.3,15.0,Air Core,https://www.soundimports.eu/en/it-intertechnik-lu62-1-2-140.html,27.23
Dayton Audio LW141-2,Dayton Audio LW141-2 | 1.2 mH | 0.29 Ω | 5% | 14 AWG,1.2,0.29,14.0,Air Core,https://www.soundimports.eu/en/dayton-audio-lw141-2.html,28.88
Jantzen Audio 000-L-0120,"Jantzen Audio 000-L-0120 | 1,2 mH | 0,39 Ω | 3% | 15 AWG",1.2,0.39,15.0,Air Core,https://www.soundimports.eu/en/jantzen-audio-000-l-0120.html,29.3
Jantzen Audio 000-6025,"Jantzen Audio 000-6025 | 1,2 mH | 0,06 Ω | 5% | 15 AWG",1.2,0.06,15.0,Air Core,https://www.soundimports.eu/en/jantzen-audio-000-6025.html,30.95
Jantzen Audio 000-7835,"Jantzen Audio 000-7835 | 1,2 mH | 0,35 Ω | 2% | 16 AWG",1.2,0.35,16.0,Air Core,https://www.soundimports.eu/en/jantzen-audio-000-7835.html,30.95
Intertechnik DR56/1.2/140,"Intertechnik DR56/1.2/140 | 1,2 mH | 0,12 Ω | 5% | 15 AWG",1.2,0.12,15.0,Air Core,https://www.soundimports.eu/en/it-intertechnik-dr56-1-2-140.html,31.61
Jantzen Audio 000-0120,"Jantzen Audio 000-0120 | 1,2 mH | 0,22 Ω | 3% | 13 AWG",1.2,0.22,13.0,Air Core,https://www.soundimports.eu/en/jantzen-audio-000-0120.html,33.43
Jantzen Audio 000-8645,"Jantzen Audio 000-8645 | 1,2 mH | 0,43 Ω | 2% | 16 AWG",1.2,0.43,16.0,Air Core,https://www.soundimports.eu/en/jantzen-audio-000-8645.html,34.67
Intertechnik AT62/120/132,"Intertechnik AT62/120/132 | 1,2 mH | 0,38 Ω | 3% | 16 AWG",1.2,0.38,16.0,Air Core,https://www.soundimports.eu/en/it-intertechnik-at62-120-132.html,34.67
"Mundorf CFC16-1,20","Mundorf CFC16-1,20 | 1,20 mH | 0,41 Ω | 2% | 16,5 AWG",1.2,0.41,16.5,Air Core,https://www.soundimports.eu/en/mundorf-cfc16-120.html,37.15
Jantzen Audio 000-7437,"Jantzen Audio 000-7437 | 1,2 mH | 0,29 Ω | 2% | 14 AWG",1.2,0.29,14.0,Air Core,https://www.soundimports.eu/en/jantzen-audio-000-7437.html,44.17
Jantzen Audio 000-8375,"Jantzen Audio 000-8375 | 1,2 mH | 0,30 Ω | 2% | 14 AWG",1.2,0.3,14.0,Air Core,https://www.soundimports.eu/en/jantzen-audio-000-8375.html,46.24
Intertechnik LU92/1.2/200,"Intertechnik LU92/1.2/200 | 1,2 mH | 0,18 Ω | 3% | 12 AWG",1.2,0.18,12.0,Air Core,https://www.soundimports.eu/en/it-intertechnik-lu92-1-2-200.html,51.23
Intertechnik TRI55/1.2/0.50,"Intertechnik TRI55/1.2/0.50 | 1,2 mH | 0,394 Ω | 1% | 7 x 24 AWG",1.2,0.394,7.0,Air Core,https://www.soundimports.eu/en/it-intertechnik-tri55-1-2-0-50.html,53.68
Jantzen Audio 000-7080,"Jantzen Audio 000-7080 | 1,2 mH | 0,21 Ω | 2% | 12 AWG",1.2,0.21,12.0,Air Core,https://www.soundimports.eu/en/jantzen-audio-000-7080.html,68.14
Intertechnik TRI92/1.20/0.60,"Intertechnik TRI92/1.20/0.60 | 1,2 mH | 0,29 Ω | 1% | 7 x 23 AWG",1.2,0.29,7.0,Air Core,https://www.soundimports.eu/en/it-intertechnik-tri92-1-20-0-60.html,71.28
Jantzen Audio 000-8110,"Jantzen Audio 000-8110 | 1,2 mH | 0,22 Ω | 2% | 12 AWG",1.2,0.22,12.0,Air Core,https://www.soundimports.eu/en/jantzen-audio-000-8110.html,73.1
Intertechnik TRI120/1.20/0.80,"Intertechnik TRI120/1.20/0.80  | 1,2 mH | 0,21 Ω | 1% | 7 x 20 AWG",1.2,0.21,7.0,Air Core,https://www.soundimports.eu/en/it-intertechnik-tri120-1-20-0-80.html,123.93
Jantzen Audio 000-1137,"Jantzen Audio 000-1137 | 1,25 mH | 0,80 Ω | 3% | 20 AWG",1.25,0.8,20.0,Air Core,https://www.soundimports.eu/en/jantzen-audio-000-1137.html,7.81
Jantzen Audio 000-1626,"Jantzen Audio 000-1626 | 1,25 mH | 0,61 Ω | 3% | 18 AWG",1.25,0.61,18.0,Air Core,https://www.soundimports.eu/en/jantzen-audio-000-1626.html,11.12
Jantzen Audio 000-0149,"Jantzen Audio 000-0149 | 1,25 mH | 0,42 Ω | 3% | 17 AWG",1.25,0.42,17.0,Air Core,https://www.soundimports.eu/en/jantzen-audio-000-0149.html,15.25
Jantzen Audio 000-1656,"Jantzen Audio 000-1656 | 1,25 mH | 0,34 Ω | 3% | 15 AWG",1.25,0.34,15.0,Air Core,https://www.soundimports.eu/en/jantzen-audio-000-1656.html,20.62
Jantzen Audio 000-7841,"Jantzen Audio 000-7841 | 1,25 mH | 0,40 Ω | 2% | 16 AWG",1.25,0.4,16.0,Air Core,https://www.soundimports.eu/en/jantzen-audio-000-7841.html,31.78
Jantzen Audio 000-7083,"Jantzen Audio 000-7083 | 1,25 mH | 0,21 Ω | 2% | 12 AWG",1.25,0.21,12.0,Air Core,https://www.soundimports.eu/en/jantzen-audio-000-7083.html,70.62
Jantzen Audio 000-1108,"Jantzen Audio 000-1108 | 1,28 mH | 2,7 Ω | 3% | 26 AWG",1.28,2.7,26.0,Air Core,https://www.soundimports.eu/en/jantzen-audio-000-1108.html,4.92
Jantzen Audio 000-8379,"Jantzen Audio 000-8379 | 1,28 mH | 0,31 Ω | 2% | 14 AWG",1.28,0.31,14.0,Air Core,https://www.soundimports.eu/en/jantzen-audio-000-8379.html,46.65
Jantzen Audio 000-2325,"Jantzen Audio 000-2325 | 1,3 mH | 0,50 Ω | 3% | 21 AWG",1.3,0.5,21.0,Air Core,https://www.soundimports.eu/en/jantzen-audio-000-2325.html,5.74
Jantzen Audio 000-2317,"Jantzen Audio 000-2317 | 1,3 mH | 0,45 Ω | 3% | 20 AWG",1.3,0.45,20.0,Air Core,https://www.soundimports.eu/en/jantzen-audio-000-2317.html,6.57
Jantzen Audio 000-1138,"Jantzen Audio 000-1138 | 1,3 mH | 0,82 Ω | 3% | 20 AWG",1.3,0.82,20.0,Air Core,https://www.soundimports.eu/en/jantzen-audio-000-1138.html,8.22
Jantzen Audio 000-5005,"Jantzen Audio 000-5005 | 1,3 mH | 0,17 Ω | 3% | 17 AWG",1.3,0.17,17.0,Air Core,https://www.soundimports.eu/en/jantzen-audio-000-5005.html,11.12
Jantzen Audio 000-1048,"Jantzen Audio 000-1048 | 1,3 mH | 0,61 Ω | 3% | 18 AWG",1.3,0.61,18.0,Air Core,https://www.soundimports.eu/en/jantzen-audio-000-1048.html,12.36
Jantzen Audio 000-1083,"Jantzen Audio 000-1083 | 1,3 mH | 0,43 Ω | 3% | 17 AWG",1.3,0.43,17.0,Air Core,https://www.soundimports.eu/en/jantzen-audio-000-1083.html,15.25
Jantzen Audio 000-5814,"Jantzen Audio 000-5814 | 1,3 mH | 0,079 Ω | 3% | 13 AWG",1.3,0.079,13.0,Air Core,https://www.soundimports.eu/en/jantzen-audio-000-5814.html,17.73
Jantzen Audio 000-0021,"Jantzen Audio 000-0021 | 1,3 mH | 0,28 Ω | 3% | 14 AWG",1.3,0.28,14.0,Air Core,https://www.soundimports.eu/en/jantzen-audio-000-0021.html,26.82
Jantzen Audio 000-0121,"Jantzen Audio 000-0121 | 1,3 mH | 0,23 Ω | 3% | 13 AWG",1.3,0.23,13.0,Air Core,https://www.soundimports.eu/en/jantzen-audio-000-0121.html,35.08
Jantzen Audio 000-8650,"Jantzen Audio 000-8650 | 1,3 mH | 0,44 Ω | 2% | 16 AWG",1.3,0.44,16.0,Air Core,https://www.soundimports.eu/en/jantzen-audio-000-8650.html,36.32
Jantzen Audio 000-8380,"Jantzen Audio 000-8380 | 1,3 mH | 0,32 Ω | 2% | 14 AWG",1.3,0.32,14.0,Air Core,https://www.soundimports.eu/en/jantzen-audio-000-8380.html,49.55
Jantzen Audio 000-7852,"Jantzen Audio 000-7852 | 1,33 mH | 0,43 Ω | 2% | 16 AWG",1.33,0.43,16.0,Air Core,https://www.soundimports.eu/en/jantzen-audio-000-7852.html,33.84
Jantzen Audio 000-5420,"Jantzen Audio 000-5420 | 1,35 mH | 0,21 Ω | 3% | 18 AWG",1.35,0.21,18.0,Air Core,https://www.soundimports.eu/en/jantzen-audio-000-5420.html,7.81
Jantzen Audio 000-1150,"Jantzen Audio 000-1150 | 1,35 mH | 0,85 Ω | 3% | 20 AWG",1.35,0.85,20.0,Air Core,https://www.soundimports.eu/en/jantzen-audio-000-1150.html,8.22
Jantzen Audio 000-1375,"Jantzen Audio 000-1375 | 1,35 mH | 0,63 Ω | 3% | 18 AWG",1.35,0.63,18.0,Air Core,https://www.soundimports.eu/en/jantzen-audio-000-1375.html,12.36
Jantzen Audio 000-1142,"Jantzen Audio 000-1142 | 1,35 mH | 0,31 Ω | 3% | 15 AWG",1.35,0.31,15.0,Air Core,https://www.soundimports.eu/en/jantzen-audio-000-1142.html,20.21
Jantzen Audio 000-7855,"Jantzen Audio 000-7855 | 1,35 mH | 0,44 Ω | 2% | 16 AWG",1.35,0.44,16.0,Air Core,https://www.soundimports.eu/en/jantzen-audio-000-7855.html,33.84
Jantzen Audio 000-8117,"Jantzen Audio 000-8117 | 1,35 mH | 0,23 Ω | 2% | 12 AWG",1.35,0.23,12.0,Air Core,https://www.soundimports.eu/en/jantzen-audio-000-8117.html,75.58
Jantzen Audio 000-1775,"Jantzen Audio 000-1775 | 1,4 mH | 1,92 Ω | 3% | 24 AWG",1.4,1.92,24.0,Air Core,https://www.soundimports.eu/en/jantzen-audio-000-1775.html,5.74
Jantzen Audio 000-2001,"Jantzen Audio 000-2001 | 1,4 mH | 0,44 Ω | 3% | 20 AWG",1.4,0.44,20.0,Air Core,https://www.soundimports.eu/en/jantzen-audio-000-2001.html,6.16
Dayton Audio AC201-4,Dayton Audio AC201-4 | 1.4 mH | 0.89 Ω | 5% | 20 AWG,1.4,0.89,20.0,Air Core,https://www.soundimports.eu/en/dayton-audio-ac201-4.html,6.82
Jantzen Audio 000-1330,"Jantzen Audio 000-1330 | 1,4 mH | 1,10 Ω | 3% | 21 AWG",1.4,1.1,21.0,Air Core,https://www.soundimports.eu/en/jantzen-audio-000-1330.html,6.98
Jantzen Audio 000-2388,"Jantzen Audio 000-2388 | 1,4 mH | 0,28 Ω | 3% | 18 AWG",1.4,0.28,18.0,Air Core,https://www.soundimports.eu/en/jantzen-audio-000-2388.html,7.81
Jantzen Audio 000-1524,"Jantzen Audio 000-1524 | 1,4 mH | 0,86 Ω | 3% | 20 AWG",1.4,0.86,20.0,Air Core,https://www.soundimports.eu/en/jantzen-audio-000-1524.html,8.64
Jantzen Audio 000-2069,"Jantzen Audio 000-2069 | 1,4 mH | 0,22 Ω | 3% | 17 AWG",1.4,0.22,17.0,Air Core,https://www.soundimports.eu/en/jantzen-audio-000-2069.html,9.88
Jantzen Audio 000-0272,"Jantzen Audio 000-0272 | 1,4 mH | 0,60 Ω | 3% | 18 AWG",1.4,0.6,18.0,Air Core,https://www.soundimports.eu/en/jantzen-audio-000-0272.html,10.7
Jantzen Audio 000-5072,"Jantzen Audio 000-5072 | 1,4 mH | 0,12 Ω | 3% | 15 AWG",1.4,0.12,15.0,Air Core,https://www.soundimports.eu/en/jantzen-audio-000-5072.html,12.36
Jantzen Audio 000-1955,"Jantzen Audio 000-1955 | 1,4 mH | 0,65 Ω | 3% | 18 AWG",1.4,0.65,18.0,Air Core,https://www.soundimports.eu/en/jantzen-audio-000-1955.html,12.77
Jantzen Audio 000-1470,"Jantzen Audio 000-1470 | 1,4 mH | 0,37 Ω | 3% | 15 AWG",1.4,0.37,15.0,Air Core,https://www.soundimports.eu/en/jantzen-audio-000-1470.html,21.03
Jantzen Audio 000-0022,"Jantzen Audio 000-0022 | 1,4 mH | 0,29 Ω | 3% | 14 AWG",1.4,0.29,14.0,Air Core,https://www.soundimports.eu/en/jantzen-audio-000-0022.html,28.47
Jantzen Audio 000-L-0140,"Jantzen Audio 000-L-0140 | 1,4 mH | 0,45 Ω | 3% | 15 AWG",1.4,0.45,15.0,Air Core,https://www.soundimports.eu/en/jantzen-audio-000-l-0140.html,30.54
Jantzen Audio 000-0122,"Jantzen Audio 000-0122 | 1,4 mH | 0,238 Ω | 3% | 13 AWG",1.4,0.238,13.0,Air Core,https://www.soundimports.eu/en/jantzen-audio-000-0122.html,35.5
Jantzen Audio 000-8655,"Jantzen Audio 000-8655 | 1,4 mH | 0,47 Ω | 2% | 16 AWG",1.4,0.47,16.0,Air Core,https://www.soundimports.eu/en/jantzen-audio-000-8655.html,35.91
Jantzen Audio 000-7466,"Jantzen Audio 000-7466 | 1,4 mH | 0,27 Ω | 2% | 14 AWG",1.4,0.27,14.0,Air Core,https://www.soundimports.eu/en/jantzen-audio-000-7466.html,48.72
Jantzen Audio 000-8385,"Jantzen Audio 000-8385 | 1,4 mH | 0,32 Ω | 2% | 14 AWG",1.4,0.32,14.0,Air Core,https://www.soundimports.eu/en/jantzen-audio-000-8385.html,50.37
Jantzen Audio 000-7087,"Jantzen Audio 000-7087 | 1,4 mH | 0,23 Ω | 2% | 12 AWG",1.4,0.23,12.0,Air Core,https://www.soundimports.eu/en/jantzen-audio-000-7087.html,73.93
Jantzen Audio 000-8120,"Jantzen Audio 000-8120 | 1,4 mH | 0,24 Ω | 2% | 12 AWG",1.4,0.24,12.0,Air Core,https://www.soundimports.eu/en/jantzen-audio-000-8120.html,77.23
Jantzen Audio 000-1151,"Jantzen Audio 000-1151 | 1,45 mH | 0,87 Ω | 3% | 20 AWG",1.45,0.87,20.0,Air Core,https://www.soundimports.eu/en/jantzen-audio-000-1151.html,8.64
Jantzen Audio 000-1649,"Jantzen Audio 000-1649 | 1,45 mH | 0,65 Ω | 3% | 18 AWG",1.45,0.65,18.0,Air Core,https://www.soundimports.eu/en/jantzen-audio-000-1649.html,11.53
Jantzen Audio 000-1140,"Jantzen Audio 000-1140 | 1,45 mH | 0,46 Ω | 3% | 17 AWG",1.45,0.46,17.0,Air Core,https://www.soundimports.eu/en/jantzen-audio-000-1140.html,16.07
Jantzen Audio 000-2430,"Jantzen Audio 000-2430 | 1,5 mH | 0,94 Ω | 3% | 24 AWG",1.5,0.94,24.0,Air Core,https://www.soundimports.eu/en/jantzen-audio-000-2430.html,4.5
Jantzen Audio 000-1212,"Jantzen Audio 000-1212 | 1,5 mH | 5,3 Ω | 3% | 29 AWG",1.5,5.3,29.0,Air Core,https://www.soundimports.eu/en/jantzen-audio-000-1212.html,4.5
Jantzen Audio 000-1867,"Jantzen Audio 000-1867 | 1,5 mH | 2,8 Ω | 3% | 26 AWG",1.5,2.8,26.0,Air Core,https://www.soundimports.eu/en/jantzen-audio-000-1867.html,4.92
Jantzen Audio 000-1866,"Jantzen Audio 000-1866 | 1,5 mH | 1,98 Ω | 3% | 24 AWG",1.5,1.98,24.0,Air Core,https://www.soundimports.eu/en/jantzen-audio-000-1866.html,5.33
Jantzen Audio 000-2280,"Jantzen Audio 000-2280 | 1,5 mH | 0,45 Ω | 3% | 21 AWG",1.5,0.45,21.0,Air Core,https://www.soundimports.eu/en/jantzen-audio-000-2280.html,5.74
Jantzen Audio 000-2011,"Jantzen Audio 000-2011 | 1,5 mH | 0,45 Ω | 3% | 20 AWG",1.5,0.45,20.0,Air Core,https://www.soundimports.eu/en/jantzen-audio-000-2011.html,6.16
Jantzen Audio 000-2300,"Jantzen Audio 000-2300 | 1,5 mH | 0,38 Ω | 3% | 20 AWG",1.5,0.38,20.0,Air Core,https://www.soundimports.eu/en/jantzen-audio-000-2300.html,6.16
Jantzen Audio 000-5270,"Jantzen Audio 000-5270 | 1,5 mH | 0,32 Ω | 3% | 20 AWG",1.5,0.32,20.0,Air Core,https://www.soundimports.eu/en/jantzen-audio-000-5270.html,6.57
Jantzen Audio 000-1888,"Jantzen Audio 000-1888 | 1,5 mH | 1,35 Ω | 3% | 22 AWG",1.5,1.35,22.0,Air Core,https://www.soundimports.eu/en/jantzen-audio-000-1888.html,6.57
Jantzen Audio 000-1865,"Jantzen Audio 000-1865 | 1,5 mH | 1,1 Ω | 3% | 21 AWG",1.5,1.1,21.0,Air Core,https://www.soundimports.eu/en/jantzen-audio-000-1865.html,6.98
Dayton Audio AC201-5,Dayton Audio AC201-5 | 1.5 mH | 0.91 Ω | 5% | 20 AWG,1.5,0.91,20.0,Air Core,https://www.soundimports.eu/en/dayton-audio-ac201-5.html,7.23
Intertechnik HQR32/1.5/71,"Intertechnik HQR32/1.5/71 | 1,5 mH | 0,69 Ω | 5% | 21 AWG",1.5,0.69,21.0,Air Core,https://www.soundimports.eu/en/it-intertechnik-hqr32-1-5-71.html,7.4
Jantzen Audio 000-2171,"Jantzen Audio 000-2171 | 1,5 mH | 0,33 Ω | 3% | 18 AWG",1.5,0.33,18.0,Air Core,https://www.soundimports.eu/en/jantzen-audio-000-2171.html,7.81
Jantzen Audio 000-2341,"Jantzen Audio 000-2341 | 1,5 mH | 0,26 Ω | 3% | 18 AWG",1.5,0.26,18.0,Air Core,https://www.soundimports.eu/en/jantzen-audio-000-2341.html,7.81
Jantzen Audio 000-5003,"Jantzen Audio 000-5003 | 1,5 mH | 0,23 Ω | 3% | 18 AWG",1.5,0.23,18.0,Air Core,https://www.soundimports.eu/en/jantzen-audio-000-5003.html,8.22
Jantzen Audio 000-5094,"Jantzen Audio 000-5094 | 1,5 mH | 0,20 Ω | 3% | 18 AWG",1.5,0.2,18.0,Air Core,https://www.soundimports.eu/en/jantzen-audio-000-5094.html,8.64
Jantzen Audio 000-1103,"Jantzen Audio 000-1103 | 1,5 mH | 0,90 Ω | 3% | 20 AWG",1.5,0.9,20.0,Air Core,https://www.soundimports.eu/en/jantzen-audio-000-1103.html,8.64
Jantzen Audio 000-2090,"Jantzen Audio 000-2090 | 1,5 mH | 0,32 Ω | 3% | 18 AWG",1.5,0.32,18.0,Air Core,https://www.soundimports.eu/en/jantzen-audio-000-2090.html,8.64
Jantzen Audio 000-1060,"Jantzen Audio 000-1060 | 1,5 mH | 1,0 Ω | 3% | 20 AWG",1.5,1.0,20.0,Air Core,https://www.soundimports.eu/en/jantzen-audio-000-1060.html,9.05
Dayton Audio LW181-5,Dayton Audio LW181-5 | 1.5 mH | 0.64 Ω | 3% | 18 AWG,1.5,0.64,18.0,Air Core,https://www.soundimports.eu/en/dayton-audio-lw181-5.html,10.29
Dayton Audio IC181-5,Dayton Audio IC181-5 | 1.5 mH | 0.24 Ω | 3% | 18 AWG,1.5,0.24,18.0,Air Core,https://www.soundimports.eu/en/dayton-audio-ic181-5.html,10.29
Jantzen Audio 000-1283,"Jantzen Audio 000-1283 | 1,5 mH | 0,64 Ω | 3% | 18 AWG",1.5,0.64,18.0,Air Core,https://www.soundimports.eu/en/jantzen-audio-000-1283.html,11.12
Jantzen Audio 000-2091,"Jantzen Audio 000-2091 | 1,5 mH | 0,24 Ω | 3% | 17 AWG",1.5,0.24,17.0,Air Core,https://www.soundimports.eu/en/jantzen-audio-000-2091.html,11.12
Jantzen Audio 000-2020,"Jantzen Audio 000-2020 | 1,5 mH | 0,25 Ω | 3% | 17 AWG",1.5,0.25,17.0,Air Core,https://www.soundimports.eu/en/jantzen-audio-000-2020.html,11.12
Jantzen Audio 000-1999,"Jantzen Audio 000-1999 | 1,5 mH | 0,68 Ω | 3% | 18 AWG",1.5,0.68,18.0,Air Core,https://www.soundimports.eu/en/jantzen-audio-000-1999.html,11.94
Jantzen Audio 000-5130,"Jantzen Audio 000-5130 | 1,5 mH | 0,19 Ω | 3% | 17 AWG",1.5,0.19,17.0,Air Core,https://www.soundimports.eu/en/jantzen-audio-000-5130.html,11.94
Intertechnik LU44/1.50/071,"Intertechnik LU44/1.50/071 | 1,5 mH | 1,18 Ω | 3% | 21 AWG",1.5,1.18,21.0,Air Core,https://www.soundimports.eu/en/it-intertechnik-lu44-1-50-071.html,12.36
Jantzen Audio 000-1087,"Jantzen Audio 000-1087 | 1,5 mH | 0,67 Ω | 3% | 18 AWG",1.5,0.67,18.0,Air Core,https://www.soundimports.eu/en/jantzen-audio-000-1087.html,12.77
Jantzen Audio 000-5204,"Jantzen Audio 000-5204 | 1,5 mH | 0,14 Ω | 3% | 15 AWG",1.5,0.14,15.0,Air Core,https://www.soundimports.eu/en/jantzen-audio-000-5204.html,12.77
Jantzen Audio 000-2166,"Jantzen Audio 000-2166 | 1,5 mH | 0,15 Ω | 3% | 15 AWG",1.5,0.15,15.0,Air Core,https://www.soundimports.eu/en/jantzen-audio-000-2166.html,13.6
"Mundorf P100-1,5","Mundorf P100-1,5 | 1,5 mH | 0,38 Ω | 3% | 18 AWG",1.5,0.38,18.0,Air Core,https://www.soundimports.eu/en/mundorf-p100-15.html,14.01
"Mundorf L100-1,50","Mundorf L100-1,50 | 1,50 mH | 0,62 Ω | 2% | 18 AWG",1.5,0.62,18.0,Air Core,https://www.soundimports.eu/en/mundorf-l100-150.html,14.83
Intertechnik HQ40/1.5/095,"Intertechnik HQ40/1.5/095 | 1,5 mH | 0,22 Ω | 5% | 19 AWG",1.5,0.22,19.0,Air Core,https://www.soundimports.eu/en/it-intertechnik-hq40-1-5-095.html,15.25
Jantzen Audio 000-5430,"Jantzen Audio 000-5430 | 1,5 mH | 0,1 Ω | 3% | 14 AWG",1.5,0.1,14.0,Air Core,https://www.soundimports.eu/en/jantzen-audio-000-5430.html,16.07
Jantzen Audio 000-2418,"Jantzen Audio 000-2418 | 1,5 mH | 0,13 Ω | 3% | 14 AWG",1.5,0.13,14.0,Air Core,https://www.soundimports.eu/en/jantzen-audio-000-2418.html,16.49
Jantzen Audio 000-1300,"Jantzen Audio 000-1300 | 1,5 mH | 0,52 Ω | 3% | 17 AWG",1.5,0.52,17.0,Air Core,https://www.soundimports.eu/en/jantzen-audio-000-1300.html,16.9
Jantzen Audio 000-5802,"Jantzen Audio 000-5802 | 1,5 mH | 0,09 Ω | 3% | 13 AWG",1.5,0.09,13.0,Air Core,https://www.soundimports.eu/en/jantzen-audio-000-5802.html,18.55
Intertechnik LU55/1.5/100,"Intertechnik LU55/1.5/100 | 1,5 mH | 0,73 Ω | 3% | 18 AWG",1.5,0.73,18.0,Air Core,https://www.soundimports.eu/en/it-intertechnik-lu55-1-5-100.html,18.97
Intertechnik LUT55/1.5/10,"Intertechnik LUT55/1.5/10 | 1,5 mH | 0,76 Ω | 3% | 18 AWG",1.5,0.76,18.0,Air Core,https://www.soundimports.eu/en/it-intertechnik-lut55-1-5-10.html,19.38
Intertechnik CO30/1.50/060,"Intertechnik CO30/1.50/060 | 1,5 mH | 0,84 Ω | 5% | 23 AWG",1.5,0.84,23.0,Air Core,https://www.soundimports.eu/en/it-intertechnik-co30-1-50-060.html,21.03
Jantzen Audio 000-1095,"Jantzen Audio 000-1095 | 1,5 mH | 0,37 Ω | 3% | 15 AWG",1.5,0.37,15.0,Air Core,https://www.soundimports.eu/en/jantzen-audio-000-1095.html,21.86
Jantzen Audio 000-1469,"Jantzen Audio 000-1469 | 1,5 mH | 0,38 Ω | 3% | 15 AWG",1.5,0.38,15.0,Air Core,https://www.soundimports.eu/en/jantzen-audio-000-1469.html,22.69
Audyn CO62/1.50/140,"Audyn CO62/1.50/140 | 1,5 mH | 0,24 Ω | 5% | 15 AWG",1.5,0.24,15.0,Air Core,https://www.soundimports.eu/en/audyn-co62-1-50-140.html,27.23
Jantzen Audio 000-0023,"Jantzen Audio 000-0023 | 1,5 mH | 0,305 Ω | 3% | 14 AWG",1.5,0.305,14.0,Air Core,https://www.soundimports.eu/en/jantzen-audio-000-0023.html,28.88
Intertechnik HQ58/1.5/160,"Intertechnik HQ58/1.5/160 | 1,5 mH | 0,07 Ω | 5% | 14 AWG",1.5,0.07,14.0,Air Core,https://www.soundimports.eu/en/it-intertechnik-hq58-1-5-160.html,30.12
Intertechnik DR56/1.5/140,"Intertechnik DR56/1.5/140 | 1,5 mH | 0,122 Ω | 5% | 15 AWG",1.5,0.122,15.0,Air Core,https://www.soundimports.eu/en/it-intertechnik-dr56-1-5-140.html,30.54
Intertechnik LU62/1.5/140,"Intertechnik LU62/1.5/140 | 1,5 mH | 0,34 Ω | 3% | 15 AWG",1.5,0.34,15.0,Air Core,https://www.soundimports.eu/en/it-intertechnik-lu62-1-5-140.html,31.78
Jantzen Audio 000-L-0150,"Jantzen Audio 000-L-0150 | 1,5 mH | 0,45 Ω | 3% | 15 AWG",1.5,0.45,15.0,Air Core,https://www.soundimports.eu/en/jantzen-audio-000-l-0150.html,32.6
Intertechnik AT62/150/132,"Intertechnik AT62/150/132 | 1,5 mH | 0,43 Ω | 3% | 16 AWG",1.5,0.43,16.0,Air Core,https://www.soundimports.eu/en/it-intertechnik-at62-150-132.html,37.15
Jantzen Audio 000-0123,"Jantzen Audio 000-0123 | 1,5 mH | 0,245 Ω | 3% | 13 AWG",1.5,0.245,13.0,Air Core,https://www.soundimports.eu/en/jantzen-audio-000-0123.html,37.56
Jantzen Audio 000-7860,"Jantzen Audio 000-7860 | 1,5 mH | 0,44 Ω | 2% | 16 AWG",1.5,0.44,16.0,Air Core,https://www.soundimports.eu/en/jantzen-audio-000-7860.html,37.56
Jantzen Audio 000-8660,"Jantzen Audio 000-8660 | 1,5 mH | 0,48 Ω | 2% | 16 AWG",1.5,0.48,16.0,Air Core,https://www.soundimports.eu/en/jantzen-audio-000-8660.html,38.39
Jantzen Audio 000-6035,"Jantzen Audio 000-6035 | 1,5 mH | 0,05 Ω | 5% | 14 AWG",1.5,0.05,14.0,Air Core,https://www.soundimports.eu/en/jantzen-audio-000-6035.html,39.21
"Mundorf CFC16-1,50","Mundorf CFC16-1,50 | 1,50 mH | 0,47 Ω | 2% | 16,5 AWG",1.5,0.47,16.5,Air Core,https://www.soundimports.eu/en/mundorf-cfc16-150.html,41.28
Dayton Audio LW141-5,Dayton Audio LW141-5 | 1.5 mH | 0.32 Ω | 5% | 14 AWG,1.5,0.32,14.0,Air Core,https://www.soundimports.eu/en/dayton-audio-lw141-5.html,44.17
Jantzen Audio 000-6045,"Jantzen Audio 000-6045 | 1,5 mH | 0,03 Ω | 5% | 12 AWG",1.5,0.03,12.0,Air Core,https://www.soundimports.eu/en/jantzen-audio-000-6045.html,49.13
Jantzen Audio 000-8390,"Jantzen Audio 000-8390 | 1,5 mH | 0,34 Ω | 2% | 14 AWG",1.5,0.34,14.0,Air Core,https://www.soundimports.eu/en/jantzen-audio-000-8390.html,51.61
Jantzen Audio 000-7468,"Jantzen Audio 000-7468 | 1,5 mH | 0,34 Ω | 2% | 14 AWG",1.5,0.34,14.0,Air Core,https://www.soundimports.eu/en/jantzen-audio-000-7468.html,51.61
Intertechnik TRI92/1.5/0.50,"Intertechnik TRI92/1.5/0.50 | 1,5 mH | 0,445 Ω | 1% | 7 x 24 AWG",1.5,0.445,7.0,Air Core,https://www.soundimports.eu/en/it-intertechnik-tri92-1-5-0-50.html,55.33
Intertechnik LU92/1.5/200,"Intertechnik LU92/1.5/200 | 1,5 mH | 0,21 Ω | 3% | 12 AWG",1.5,0.21,12.0,Air Core,https://www.soundimports.eu/en/it-intertechnik-lu92-1-5-200.html,56.98
"Mundorf CFC14-1,50","Mundorf CFC14-1,50 | 1,50 mH | 0,33 Ω | 2% | 14 AWG",1.5,0.33,14.0,Air Core,https://www.soundimports.eu/en/mundorf-cfc14-150.html,66.07
Intertechnik TRI92/1.50/0.60,"Intertechnik TRI92/1.50/0.60 | 1,5 mH | 0,33 Ω | 1% | 7 x 23 AWG",1.5,0.33,7.0,Air Core,https://www.soundimports.eu/en/it-intertechnik-tri92-1-50-0-60.html,77.64
Jantzen Audio 000-7090,"Jantzen Audio 000-7090 | 1,5 mH | 0,24 Ω | 2% | 12 AWG",1.5,0.24,12.0,Air Core,https://www.soundimports.eu/en/jantzen-audio-000-7090.html,82.6
Jantzen Audio 000-8125,"Jantzen Audio 000-8125 | 1,5 mH | 0,25 Ω | 2% | 12 AWG",1.5,0.25,12.0,Air Core,https://www.soundimports.eu/en/jantzen-audio-000-8125.html,84.67
Intertechnik TRI120/1.50/0.80,"Intertechnik TRI120/1.50/0.80 | 1,5 mH | 0,24 Ω | 1% | 7 x 20 AWG",1.5,0.24,7.0,Air Core,https://www.soundimports.eu/en/it-intertechnik-tri120-1-50-0-80.html,132.19
Jantzen Audio 000-1703,"Jantzen Audio 000-1703 | 1,6 mH | 5,4 Ω | 3% | 29 AWG",1.6,5.4,29.0,Air Core,https://www.soundimports.eu/en/jantzen-audio-000-1703.html,4.5
Jantzen Audio 000-2279,"Jantzen Audio 000-2279 | 1,6 mH | 0,47 Ω | 3% | 21 AWG",1.6,0.47,21.0,Air Core,https://www.soundimports.eu/en/jantzen-audio-000-2279.html,5.74
Jantzen Audio 000-2161,"Jantzen Audio 000-2161 | 1,6 mH | 0,5 Ω | 3% | 20 AWG",1.6,0.5,20.0,Air Core,https://www.soundimports.eu/en/jantzen-audio-000-2161.html,6.16
Jantzen Audio 000-5271,"Jantzen Audio 000-5271 | 1,6 mH | 0,33 Ω | 3% | 20 AWG",1.6,0.33,20.0,Air Core,https://www.soundimports.eu/en/jantzen-audio-000-5271.html,6.98
Jantzen Audio 000-1306,"Jantzen Audio 000-1306 | 1,6 mH | 1,15 Ω | 3% | 21 AWG",1.6,1.15,21.0,Air Core,https://www.soundimports.eu/en/jantzen-audio-000-1306.html,7.4
Jantzen Audio 000-2389,"Jantzen Audio 000-2389 | 1,6 mH | 0,3 Ω | 3% | 18 AWG",1.6,0.3,18.0,Air Core,https://www.soundimports.eu/en/jantzen-audio-000-2389.html,7.81
Jantzen Audio 000-5248,"Jantzen Audio 000-5248 | 1,6 mH | 0,21 Ω | 3% | 18 AWG",1.6,0.21,18.0,Air Core,https://www.soundimports.eu/en/jantzen-audio-000-5248.html,8.64
Jantzen Audio 000-2053,"Jantzen Audio 000-2053 | 1,6 mH | 0,23 Ω | 3% | 17 AWG",1.6,0.23,17.0,Air Core,https://www.soundimports.eu/en/jantzen-audio-000-2053.html,10.29
Jantzen Audio 000-1943,"Jantzen Audio 000-1943 | 1,6 mH | 0,65 Ω | 3% | 18 AWG",1.6,0.65,18.0,Air Core,https://www.soundimports.eu/en/jantzen-audio-000-1943.html,12.77
Jantzen Audio 000-5444,"Jantzen Audio 000-5444 | 1,6 mH | 0,13 Ω | 3% | 15 AWG",1.6,0.13,15.0,Air Core,https://www.soundimports.eu/en/jantzen-audio-000-5444.html,14.01
Jantzen Audio 000-1425,"Jantzen Audio 000-1425 | 1,6 mH | 0,52 Ω | 3% | 17 AWG",1.6,0.52,17.0,Air Core,https://www.soundimports.eu/en/jantzen-audio-000-1425.html,16.49
Jantzen Audio 000-1156,"Jantzen Audio 000-1156 | 1,6 mH | 0,40 Ω | 3% | 15 AWG",1.6,0.4,15.0,Air Core,https://www.soundimports.eu/en/jantzen-audio-000-1156.html,22.27
Jantzen Audio 000-0024,"Jantzen Audio 000-0024 | 1,6 mH | 0,31 Ω | 3% | 14 AWG",1.6,0.31,14.0,Air Core,https://www.soundimports.eu/en/jantzen-audio-000-0024.html,30.95
Jantzen Audio 000-7865,"Jantzen Audio 000-7865 | 1,6 mH | 0,49 Ω | 2% | 16 AWG",1.6,0.49,16.0,Air Core,https://www.soundimports.eu/en/jantzen-audio-000-7865.html,37.56
Jantzen Audio 000-8662,"Jantzen Audio 000-8662 | 1,6 mH | 0,50 Ω | 2% | 16 AWG",1.6,0.5,16.0,Air Core,https://www.soundimports.eu/en/jantzen-audio-000-8662.html,39.21
Jantzen Audio 000-8392,"Jantzen Audio 000-8392 | 1,6 mH | 0,36 Ω | 2% | 14 AWG",1.6,0.36,14.0,Air Core,https://www.soundimports.eu/en/jantzen-audio-000-8392.html,51.61
Jantzen Audio 000-7470,"Jantzen Audio 000-7470 | 1,6 mH | 0,33 Ω | 2% | 14 AWG",1.6,0.33,14.0,Air Core,https://www.soundimports.eu/en/jantzen-audio-000-7470.html,53.26
Jantzen Audio 000-8126,"Jantzen Audio 000-8126 | 1,6 mH | 0,25 Ω | 2% | 12 AWG",1.6,0.25,12.0,Air Core,https://www.soundimports.eu/en/jantzen-audio-000-8126.html,83.02
Jantzen Audio 000-7868,"Jantzen Audio 000-7868 | 1,62 mH | 0,50 Ω | 2% | 16 AWG",1.62,0.5,16.0,Air Core,https://www.soundimports.eu/en/jantzen-audio-000-7868.html,37.56
Jantzen Audio 000-1309,"Jantzen Audio 000-1309 | 1,7 mH | 1,20 Ω | 3% | 21 AWG",1.7,1.2,21.0,Air Core,https://www.soundimports.eu/en/jantzen-audio-000-1309.html,7.4
Jantzen Audio 000-1252,"Jantzen Audio 000-1252 | 1,7 mH | 0,99 Ω | 3% | 20 AWG",1.7,0.99,20.0,Air Core,https://www.soundimports.eu/en/jantzen-audio-000-1252.html,8.64
Jantzen Audio 000-1516,"Jantzen Audio 000-1516 | 1,7 mH | 0,72 Ω | 3% | 18 AWG",1.7,0.72,18.0,Air Core,https://www.soundimports.eu/en/jantzen-audio-000-1516.html,12.36
Jantzen Audio 000-0025,"Jantzen Audio 000-0025 | 1,7 mH | 0,332 Ω | 3% | 14 AWG",1.7,0.332,14.0,Air Core,https://www.soundimports.eu/en/jantzen-audio-000-0025.html,31.78
Jantzen Audio 000-7872,"Jantzen Audio 000-7872 | 1,7 mH | 0,51 Ω | 2% | 16 AWG",1.7,0.51,16.0,Air Core,https://www.soundimports.eu/en/jantzen-audio-000-7872.html,37.56
Jantzen Audio 000-0125,"Jantzen Audio 000-0125 | 1,7 mH | 0,27 Ω | 3% | 13 AWG",1.7,0.27,13.0,Air Core,https://www.soundimports.eu/en/jantzen-audio-000-0125.html,38.39
Jantzen Audio 000-8393,"Jantzen Audio 000-8393 | 1,7 mH | 0,37 Ω | 2% | 14 AWG",1.7,0.37,14.0,Air Core,https://www.soundimports.eu/en/jantzen-audio-000-8393.html,51.61
Jantzen Audio 000-8128,"Jantzen Audio 000-8128 | 1,7 mH | 0,26 Ω | 2% | 12 AWG",1.7,0.26,12.0,Air Core,https://www.soundimports.eu/en/jantzen-audio-000-8128.html,86.32
Jantzen Audio 000-5049,"Jantzen Audio 000-5049 | 1,75 mH | 0,42 Ω | 3% | 21 AWG",1.75,0.42,21.0,Air Core,https://www.soundimports.eu/en/jantzen-audio-000-5049.html,6.16
Jantzen Audio 000-5586,"Jantzen Audio 000-5586 | 1,75 mH | 0,24 Ω | 3% | 18 AWG",1.75,0.24,18.0,Air Core,https://www.soundimports.eu/en/jantzen-audio-000-5586.html,8.22
Jantzen Audio 000-0819,"Jantzen Audio 000-0819 | 1,75 mH | 0,97 Ω | 3% | 20 AWG",1.75,0.97,20.0,Air Core,https://www.soundimports.eu/en/jantzen-audio-000-0819.html,9.05
Jantzen Audio 000-0157,"Jantzen Audio 000-0157 | 1,75 mH | 0,69 Ω | 3% | 18 AWG",1.75,0.69,18.0,Air Core,https://www.soundimports.eu/en/jantzen-audio-000-0157.html,13.18
Jantzen Audio 000-1250,"Jantzen Audio 000-1250 | 1,8 mH | 3,13 Ω | 3% | 26 AWG",1.8,3.13,26.0,Air Core,https://www.soundimports.eu/en/jantzen-audio-000-1250.html,4.92
Jantzen Audio 000-1868,"Jantzen Audio 000-1868 | 1,8 mH | 2,20 Ω | 3% | 24 AWG",1.8,2.2,24.0,Air Core,https://www.soundimports.eu/en/jantzen-audio-000-1868.html,5.33
Jantzen Audio 000-2326,"Jantzen Audio 000-2326 | 1,8 mH | 0,60 Ω | 3% | 21 AWG",1.8,0.6,21.0,Air Core,https://www.soundimports.eu/en/jantzen-audio-000-2326.html,6.16
Jantzen Audio 000-2278,"Jantzen Audio 000-2278 | 1,8 mH | 0,51 Ω | 3% | 21 AWG",1.8,0.51,21.0,Air Core,https://www.soundimports.eu/en/jantzen-audio-000-2278.html,6.16
Jantzen Audio 000-2299,"Jantzen Audio 000-2299 | 1,8 mH | 0,43 Ω | 3% | 20 AWG",1.8,0.43,20.0,Air Core,https://www.soundimports.eu/en/jantzen-audio-000-2299.html,6.57
Jantzen Audio 000-1466,"Jantzen Audio 000-1466 | 1,8 mH | 1,25 Ω | 3% | 21 AWG",1.8,1.25,21.0,Air Core,https://www.soundimports.eu/en/jantzen-audio-000-1466.html,7.81
Jantzen Audio 000-5200,"Jantzen Audio 000-5200 | 1,8 mH | 0,26 Ω | 3% | 18 AWG",1.8,0.26,18.0,Air Core,https://www.soundimports.eu/en/jantzen-audio-000-5200.html,7.81
Jantzen Audio 000-1411,"Jantzen Audio 000-1411 | 1,8 mH | 1,38 Ω | 3% | 21 AWG",1.8,1.38,21.0,Air Core,https://www.soundimports.eu/en/jantzen-audio-000-1411.html,7.81
Intertechnik HQR32/1.8/71,"Intertechnik HQR32/1.8/71 | 1,8 mH | 0,80 Ω | 5% | 21 AWG",1.8,0.8,21.0,Air Core,https://www.soundimports.eu/en/it-intertechnik-hqr32-1-8-71.html,8.22
Jantzen Audio 000-2340,"Jantzen Audio 000-2340 | 1,8 mH | 0,293 Ω | 3% | 18 AWG",1.8,0.293,18.0,Air Core,https://www.soundimports.eu/en/jantzen-audio-000-2340.html,8.64
Jantzen Audio 000-5199,"Jantzen Audio 000-5199 | 1,8 mH | 0,22 Ω | 3% | 18 AWG",1.8,0.22,18.0,Air Core,https://www.soundimports.eu/en/jantzen-audio-000-5199.html,8.64
Jantzen Audio 000-2390,"Jantzen Audio 000-2390 | 1,8 mH | 0,33 Ω | 3% | 18 AWG",1.8,0.33,18.0,Air Core,https://www.soundimports.eu/en/jantzen-audio-000-2390.html,8.64
Jantzen Audio 000-1893,"Jantzen Audio 000-1893 | 1,8 mH | 1,01 Ω | 3% | 20 AWG",1.8,1.01,20.0,Air Core,https://www.soundimports.eu/en/jantzen-audio-000-1893.html,9.05
Jantzen Audio 000-1480,"Jantzen Audio 000-1480 | 1,8 mH | 1,1 Ω | 3% | 20 AWG",1.8,1.1,20.0,Air Core,https://www.soundimports.eu/en/jantzen-audio-000-1480.html,9.46
Jantzen Audio 000-5008,"Jantzen Audio 000-5008 | 1,8 mH | 0,27 Ω | 3% | 18 AWG",1.8,0.27,18.0,Air Core,https://www.soundimports.eu/en/jantzen-audio-000-5008.html,10.29
Jantzen Audio 000-5151,"Jantzen Audio 000-5151 | 1,8 mH | 0,17 Ω | 3% | 17 AWG",1.8,0.17,17.0,Air Core,https://www.soundimports.eu/en/jantzen-audio-000-5151.html,10.7
Jantzen Audio 000-2039,"Jantzen Audio 000-2039 | 1,8 mH | 0,23 Ω | 3% | 17 AWG",1.8,0.23,17.0,Air Core,https://www.soundimports.eu/en/jantzen-audio-000-2039.html,11.53
Jantzen Audio 000-5009,"Jantzen Audio 000-5009 | 1,8 mH | 0,20 Ω | 3% | 17 AWG",1.8,0.2,17.0,Air Core,https://www.soundimports.eu/en/jantzen-audio-000-5009.html,12.36
Jantzen Audio 000-1290,"Jantzen Audio 000-1290 | 1,8 mH | 0,70 Ω | 3% | 18 AWG",1.8,0.7,18.0,Air Core,https://www.soundimports.eu/en/jantzen-audio-000-1290.html,12.36
Jantzen Audio 000-1942,"Jantzen Audio 000-1942 | 1,8 mH | 0,71 Ω | 3% | 18 AWG",1.8,0.71,18.0,Air Core,https://www.soundimports.eu/en/jantzen-audio-000-1942.html,13.18
Jantzen Audio 000-1131,"Jantzen Audio 000-1131 | 1,8 mH | 0,74 Ω | 3% | 18 AWG",1.8,0.74,18.0,Air Core,https://www.soundimports.eu/en/jantzen-audio-000-1131.html,13.6
Intertechnik LU44/1.80/071,"Intertechnik LU44/1.80/071 | 1,8 mH | 1,29 Ω | 3% | 21 AWG",1.8,1.29,21.0,Air Core,https://www.soundimports.eu/en/it-intertechnik-lu44-1-80-071.html,13.6
Jantzen Audio 000-5355,"Jantzen Audio 000-5355 | 1,8 mH | 0,13 Ω | 3% | 15 AWG",1.8,0.13,15.0,Air Core,https://www.soundimports.eu/en/jantzen-audio-000-5355.html,14.42
"Mundorf VP100-1,8","Mundorf VP100-1,8 | 1,8 mH | 0,42 Ω | 3% | 18 AWG",1.8,0.42,18.0,Air Core,https://www.soundimports.eu/en/mundorf-vp100-18.html,14.83
Intertechnik HQ40/1.8/095,"Intertechnik HQ40/1.8/095 | 1,8 mH | 0,26 Ω | 5% | 19 AWG",1.8,0.26,19.0,Air Core,https://www.soundimports.eu/en/it-intertechnik-hq40-1-8-095.html,15.25
"Mundorf L100-1,80","Mundorf L100-1,80 | 1,80 mH | 0,70 Ω | 2% | 18 AWG",1.8,0.7,18.0,Air Core,https://www.soundimports.eu/en/mundorf-l100-180.html,16.49
Jantzen Audio 000-1132,"Jantzen Audio 000-1132 | 1,8 mH | 0,55 Ω | 3% | 17 AWG",1.8,0.55,17.0,Air Core,https://www.soundimports.eu/en/jantzen-audio-000-1132.html,17.73
Jantzen Audio 000-5804,"Jantzen Audio 000-5804 | 1,8 mH | 0,085 Ω | 3% | 13 AWG",1.8,0.085,13.0,Air Core,https://www.soundimports.eu/en/jantzen-audio-000-5804.html,19.38
Intertechnik LUT55/1.8/10,"Intertechnik LUT55/1.8/10 | 1,8 mH | 0,84 Ω | 3% | 18 AWG",1.8,0.84,18.0,Air Core,https://www.soundimports.eu/en/it-intertechnik-lut55-1-8-10.html,19.79
Intertechnik LU55/1.8/100,"Intertechnik LU55/1.8/100 | 1,8 mH | 0,79 Ω | 3% | 18 AWG",1.8,0.79,18.0,Air Core,https://www.soundimports.eu/en/it-intertechnik-lu55-1-8-100.html,20.21
Intertechnik CO30/1.80/060,"Intertechnik CO30/1.80/060 | 1,8 mH | 0,96 Ω | 5% | 23 AWG",1.8,0.96,23.0,Air Core,https://www.soundimports.eu/en/it-intertechnik-co30-1-80-060.html,21.03
Jantzen Audio 000-1484,"Jantzen Audio 000-1484 | 1,8 mH | 0,42 Ω | 3% | 15 AWG",1.8,0.42,15.0,Air Core,https://www.soundimports.eu/en/jantzen-audio-000-1484.html,23.51
Jantzen Audio 000-0935,"Jantzen Audio 000-0935 | 1,8 mH | 0,44 Ω | 3% | 15 AWG",1.8,0.44,15.0,Air Core,https://www.soundimports.eu/en/jantzen-audio-000-0935.html,25.99
Jantzen Audio 000-L-0180,"Jantzen Audio 000-L-0180 | 1,8 mH | 0,49 Ω | 3% | 15 AWG",1.8,0.49,15.0,Air Core,https://www.soundimports.eu/en/jantzen-audio-000-l-0180.html,29.3
Intertechnik HQ58/1.8/160,"Intertechnik HQ58/1.8/160 | 1,8 mH | 0,08 Ω | 5% | 14 AWG",1.8,0.08,14.0,Air Core,https://www.soundimports.eu/en/it-intertechnik-hq58-1-8-160.html,30.95
Audyn CO62/1.80/140,"Audyn CO62/1.80/140 | 1,8 mH | 0,27 Ω | 5% | 15 AWG",1.8,0.27,15.0,Air Core,https://www.soundimports.eu/en/audyn-co62-1-80-140.html,31.78
Jantzen Audio 000-0026,"Jantzen Audio 000-0026 | 1,8 mH | 0,33 Ω | 3% | 14 AWG",1.8,0.33,14.0,Air Core,https://www.soundimports.eu/en/jantzen-audio-000-0026.html,32.6
Intertechnik DR56/1.8/140,"Intertechnik DR56/1.8/140 | 1,8 mH | 0,138 Ω | 5% | 15 AWG",1.8,0.138,15.0,Air Core,https://www.soundimports.eu/en/it-intertechnik-dr56-1-8-140.html,33.02
Intertechnik LU62/1.8/140,"Intertechnik LU62/1.8/140 | 1,8 mH | 0,38 Ω | 3% | 15 AWG",1.8,0.38,15.0,Air Core,https://www.soundimports.eu/en/it-intertechnik-lu62-1-8-140.html,34.67
Jantzen Audio 000-7875,"Jantzen Audio 000-7875 | 1,8 mH | 0,48 Ω | 2% | 16 AWG",1.8,0.48,16.0,Air Core,https://www.soundimports.eu/en/jantzen-audio-000-7875.html,38.39
Jantzen Audio 000-0126,"Jantzen Audio 000-0126 | 1,8 mH | 0,28 Ω | 3% | 13 AWG",1.8,0.28,13.0,Air Core,https://www.soundimports.eu/en/jantzen-audio-000-0126.html,38.8
Jantzen Audio 000-8665,"Jantzen Audio 000-8665 | 1,8 mH | 0,53 Ω | 2% | 16 AWG",1.8,0.53,16.0,Air Core,https://www.soundimports.eu/en/jantzen-audio-000-8665.html,40.04
Intertechnik AT62/180/132,"Intertechnik AT62/180/132 | 1,8 mH | 0,47 Ω | 3% | 16 AWG",1.8,0.47,16.0,Air Core,https://www.soundimports.eu/en/it-intertechnik-at62-180-132.html,42.93
"Mundorf CFC16-1,80","Mundorf CFC16-1,80 | 1,80 mH | 0,50 Ω | 2% | 16,5 AWG",1.8,0.5,16.5,Air Core,https://www.soundimports.eu/en/mundorf-cfc16-180.html,45.41
Jantzen Audio 000-7476,"Jantzen Audio 000-7476 | 1,8 mH | 0,36 Ω | 2% | 14 AWG",1.8,0.36,14.0,Air Core,https://www.soundimports.eu/en/jantzen-audio-000-7476.html,49.55
Jantzen Audio 000-8395,"Jantzen Audio 000-8395 | 1,8 mH | 0,38 Ω | 2% | 14 AWG",1.8,0.38,14.0,Air Core,https://www.soundimports.eu/en/jantzen-audio-000-8395.html,53.26
Intertechnik TRI92/1.8/0.50,"Intertechnik TRI92/1.8/0.50 | 1,8 mH | 0,494 Ω | 1% | 7 x 24 AWG",1.8,0.494,7.0,Air Core,https://www.soundimports.eu/en/it-intertechnik-tri92-1-8-0-50.html,58.64
"Mundorf CFC14-1,80","Mundorf CFC14-1,80 | 1,80 mH | 0,36 Ω | 2% | 14 AWG",1.8,0.36,14.0,Air Core,https://www.soundimports.eu/en/mundorf-cfc14-180.html,74.34
Intertechnik TRI92/1.80/0.60,"Intertechnik TRI92/1.80/0.60 | 1,8 mH | 0,37 Ω | 1% | 7 x 23 AWG",1.8,0.37,7.0,Air Core,https://www.soundimports.eu/en/it-intertechnik-tri92-1-80-0-60.html,80.95
Intertechnik LU120/1.8/20,"Intertechnik LU120/1.8/20 | 1,8 mH | 0,25 Ω | 3% | 12 AWG",1.8,0.25,12.0,Air Core,https://www.soundimports.eu/en/it-intertechnik-lu120-1-8-20.html,84.67
Jantzen Audio 000-7095,"Jantzen Audio 000-7095 | 1,8 mH | 0,26 Ω | 2% | 12 AWG",1.8,0.26,12.0,Air Core,https://www.soundimports.eu/en/jantzen-audio-000-7095.html,85.91
Jantzen Audio 000-8130,"Jantzen Audio 000-8130 | 1,8 mH | 0,26 Ω | 2% | 12 AWG",1.8,0.26,12.0,Air Core,https://www.soundimports.eu/en/jantzen-audio-000-8130.html,86.74
Intertechnik TRI120/1.80/0.80,"Intertechnik TRI120/1.80/0.80 | 1,8 mH | 0,27 Ω | 1% | 7 x 20 AWG",1.8,0.27,7.0,Air Core,https://www.soundimports.eu/en/it-intertechnik-tri120-1-80-0-80.html,140.45
Jantzen Audio 000-0160,"Jantzen Audio 000-0160 | 1,85 mH | 0,45 Ω | 3% | 15 AWG",1.85,0.45,15.0,Air Core,https://www.soundimports.eu/en/jantzen-audio-000-0160.html,26.41
Jantzen Audio 000-1377,"Jantzen Audio 000-1377 | 1,87 mH | 0,76 Ω | 3% | 18 AWG",1.87,0.76,18.0,Air Core,https://www.soundimports.eu/en/jantzen-audio-000-1377.html,13.18
Jantzen Audio 000-1733,"Jantzen Audio 000-1733 | 1,9 mH | 3,21 Ω | 3% | 26 AWG",1.9,3.21,26.0,Air Core,https://www.soundimports.eu/en/jantzen-audio-000-1733.html,4.92
Jantzen Audio 000-1311,"Jantzen Audio 000-1311 | 1,9 mH | 1,26 Ω | 3% | 21 AWG",1.9,1.26,21.0,Air Core,https://www.soundimports.eu/en/jantzen-audio-000-1311.html,7.81
Jantzen Audio 000-2038,"Jantzen Audio 000-2038 | 1,9 mH | 0,23 Ω | 3% | 17 AWG",1.9,0.23,17.0,Air Core,https://www.soundimports.eu/en/jantzen-audio-000-2038.html,11.94
Jantzen Audio 000-2412,"Jantzen Audio 000-2412 | 1,9 mH | 0,181 Ω | 3% | 15 AWG",1.9,0.181,15.0,Air Core,https://www.soundimports.eu/en/jantzen-audio-000-2412.html,13.6
Jantzen Audio 000-0127,"Jantzen Audio 000-0127 | 1,9 mH | 0,32 Ω | 3% | 13 AWG",1.9,0.32,13.0,Air Core,https://www.soundimports.eu/en/jantzen-audio-000-0127.html,44.17
Jantzen Audio 000-0162,"Jantzen Audio 000-0162 | 1,94 mH | 1,30 Ω | 3% | 21 AWG",1.94,1.3,21.0,Air Core,https://www.soundimports.eu/en/jantzen-audio-000-0162.html,7.81
Jantzen Audio 000-1260,"Jantzen Audio 000-1260 | 2,0 mH | 5,99 Ω | 3% | 29 AWG",2.0,5.99,29.0,Air Core,https://www.soundimports.eu/en/jantzen-audio-000-1260.html,4.5
Jantzen Audio 000-2354,"Jantzen Audio 000-2354 | 2,0 mH | 1,05 Ω | 3% | 24 AWG",2.0,1.05,24.0,Air Core,https://www.soundimports.eu/en/jantzen-audio-000-2354.html,5.33
Jantzen Audio 000-2397,"Jantzen Audio 000-2397 | 2,0 mH | 0,62 Ω | 3% | 21 AWG",2.0,0.62,21.0,Air Core,https://www.soundimports.eu/en/jantzen-audio-000-2397.html,6.57
Jantzen Audio 000-2031,"Jantzen Audio 000-2031 | 2,0 mH | 0,53 Ω | 3% | 20 AWG",2.0,0.53,20.0,Air Core,https://www.soundimports.eu/en/jantzen-audio-000-2031.html,6.98
Jantzen Audio 000-2298,"Jantzen Audio 000-2298 | 2,0 mH | 0,46 Ω | 3% | 20 AWG",2.0,0.46,20.0,Air Core,https://www.soundimports.eu/en/jantzen-audio-000-2298.html,6.98
Jantzen Audio 000-5260,"Jantzen Audio 000-5260 | 2,0 mH | 0,345 Ω | 3% | 20 AWG",2.0,0.345,20.0,Air Core,https://www.soundimports.eu/en/jantzen-audio-000-5260.html,7.81
Jantzen Audio 000-1482,"Jantzen Audio 000-1482 | 2,0 mH | 1,33 Ω | 3% | 21 AWG",2.0,1.33,21.0,Air Core,https://www.soundimports.eu/en/jantzen-audio-000-1482.html,7.81
Intertechnik HQR32/2.0/71,"Intertechnik HQR32/2.0/71 | 2,0 mH | 0,84 Ω | 5% | 21 AWG",2.0,0.84,21.0,Air Core,https://www.soundimports.eu/en/it-intertechnik-hqr32-2-0-71.html,9.05
Jantzen Audio 000-2379,"Jantzen Audio 000-2379 | 2,0 mH | 0,40 Ω | 3% | 18 AWG",2.0,0.4,18.0,Air Core,https://www.soundimports.eu/en/jantzen-audio-000-2379.html,9.46
Jantzen Audio 000-1062,"Jantzen Audio 000-1062 | 2 mH | 1,16 Ω | 3% | 20 AWG",2.0,1.16,20.0,Air Core,https://www.soundimports.eu/en/jantzen-audio-000-1062.html,10.29
Jantzen Audio 000-5275,"Jantzen Audio 000-5275 | 2,0 mH | 0,28 Ω | 3% | 18 AWG",2.0,0.28,18.0,Air Core,https://www.soundimports.eu/en/jantzen-audio-000-5275.html,10.29
Dayton Audio IC182,Dayton Audio IC182 | 2.0 mH| 0.29 Ω | 3% | 18 AWG,2.0,0.29,18.0,Air Core,https://www.soundimports.eu/en/dayton-audio-ic182.html,11.53
Dayton Audio AC202,Dayton Audio AC202 | 2.0 mH | 1.06 Ω | 5% | 20 AWG,2.0,1.06,20.0,Air Core,https://www.soundimports.eu/en/dayton-audio-ac202.html,11.53
Jantzen Audio 000-2095,"Jantzen Audio 000-2095 | 2,0 mH | 0,30 Ω | 3% | 17 AWG",2.0,0.3,17.0,Air Core,https://www.soundimports.eu/en/jantzen-audio-000-2095.html,11.94
Jantzen Audio 000-5276,"Jantzen Audio 000-5276 | 2 mH | 0,22 Ω | 3% | 17 AWG",2.0,0.22,17.0,Air Core,https://www.soundimports.eu/en/jantzen-audio-000-5276.html,12.77
Jantzen Audio 000-1063,"Jantzen Audio 000-1063 | 2 mH | 0,81 Ω | 3% | 18 AWG",2.0,0.81,18.0,Air Core,https://www.soundimports.eu/en/jantzen-audio-000-1063.html,13.6
Jantzen Audio 000-2068,"Jantzen Audio 000-2068 | 2,0 mH | 0,185 Ω | 3% | 15 AWG",2.0,0.185,15.0,Air Core,https://www.soundimports.eu/en/jantzen-audio-000-2068.html,14.83
"Mundorf VP100-2,0","Mundorf VP100-2,0 | 2,0 mH | 0,45 Ω | 3% | 18 AWG",2.0,0.45,18.0,Air Core,https://www.soundimports.eu/en/mundorf-vp100-20.html,15.25
Dayton Audio LW182,Dayton Audio LW182 | 2.0 mH | 0.79 Ω | 3% | 18 AWG,2.0,0.79,18.0,Air Core,https://www.soundimports.eu/en/dayton-audio-lw182.html,15.25
"Mundorf L100-2,00","Mundorf L100-2,00 | 2,00 mH | 0,74 Ω | 2% | 18 AWG",2.0,0.74,18.0,Air Core,https://www.soundimports.eu/en/mundorf-l100-200.html,15.25
Jantzen Audio 000-1946,"Jantzen Audio 000-1946 | 2 mH | 0,58 Ω | 3% | 17 AWG",2.0,0.58,17.0,Air Core,https://www.soundimports.eu/en/jantzen-audio-000-1946.html,18.14
Jantzen Audio 000-5811,"Jantzen Audio 000-5811 | 2 mH | 0,1 Ω | 3% | 13 AWG",2.0,0.1,13.0,Air Core,https://www.soundimports.eu/en/jantzen-audio-000-5811.html,20.62
Jantzen Audio 000-1245,"Jantzen Audio 000-1245 | 2,0 mH | 0,444 Ω | 3% | 15 AWG",2.0,0.444,15.0,Air Core,https://www.soundimports.eu/en/jantzen-audio-000-1245.html,25.58
Jantzen Audio 000-1097,"Jantzen Audio 000-1097 | 2 mH | 0,45 Ω | 3% | 15 AWG",2.0,0.45,15.0,Air Core,https://www.soundimports.eu/en/jantzen-audio-000-1097.html,25.58
Jantzen Audio 000-1166,"Jantzen Audio 000-1166 | 2,0 mH | 0,50 Ω | 3% | 15 AWG",2.0,0.5,15.0,Air Core,https://www.soundimports.eu/en/jantzen-audio-000-1166.html,29.3
Jantzen Audio 000-0027,"Jantzen Audio 000-0027 | 2,0 mH | 0,363 Ω | 3% | 14 AWG",2.0,0.363,14.0,Air Core,https://www.soundimports.eu/en/jantzen-audio-000-0027.html,34.26
Intertechnik LU78/2.0/140,"Intertechnik LU78/2.0/140 | 2,0 mH | 0,41 Ω | 3% | 15 AWG",2.0,0.41,15.0,Air Core,https://www.soundimports.eu/en/it-intertechnik-lu78-2-0-140.html,35.91
Jantzen Audio 000-7880,"Jantzen Audio 000-7880 | 2,0 mH | 0,53 Ω | 2% | 16 AWG",2.0,0.53,16.0,Air Core,https://www.soundimports.eu/en/jantzen-audio-000-7880.html,38.39
Jantzen Audio 000-8675,"Jantzen Audio 000-8675 | 2,0 mH | 0,57 Ω | 2% | 16 AWG",2.0,0.57,16.0,Air Core,https://www.soundimports.eu/en/jantzen-audio-000-8675.html,40.5
Jantzen Audio 000-0128,"Jantzen Audio 000-0128 | 2 mH | 0,33 Ω | 3% | 13 AWG",2.0,0.33,13.0,Air Core,https://www.soundimports.eu/en/jantzen-audio-000-0128.html,45.83
Dayton Audio LW142,Dayton Audio LW142 | 2.0 mH | 0.38 Ω | 5% | 14 AWG,2.0,0.38,14.0,Air Core,https://www.soundimports.eu/en/dayton-audio-lw142.html,47.07
Jantzen Audio 000-7482,"Jantzen Audio 000-7482 | 2 mH | 0,38 Ω | 2% | 14 AWG",2.0,0.38,14.0,Air Core,https://www.soundimports.eu/en/jantzen-audio-000-7482.html,59.05
Jantzen Audio 000-8405,"Jantzen Audio 000-8405 | 2,0 mH | 0,40 Ω | 2% | 14 AWG",2.0,0.4,14.0,Air Core,https://www.soundimports.eu/en/jantzen-audio-000-8405.html,60.7
Intertechnik TRI92/2.00/0.60,"Intertechnik TRI92/2.00/0.60 | 2,0 mH | 0,40 Ω | 1% | 7 x 23 AWG",2.0,0.4,7.0,Air Core,https://www.soundimports.eu/en/it-intertechnik-tri92-2-00-0-60.html,89.63
Jantzen Audio 000-8140,"Jantzen Audio 000-8140 | 2,0 mH | 0,28 Ω | 2% | 12 AWG",2.0,0.28,12.0,Air Core,https://www.soundimports.eu/en/jantzen-audio-000-8140.html,99.55
Intertechnik TRI92/2.0/0.50,"Intertechnik TRI92/2.0/0.50 | 2,0 mH | 0,50 Ω | 1% | 7 x 24 AWG",2.0,0.5,7.0,Air Core,https://www.soundimports.eu/en/it-intertechnik-tri92-2-0-0-50.html,100.21
Intertechnik TRI120/2.00/0.80,"Intertechnik TRI120/2.00/0.80 | 2,0 mH | 0,29 Ω | 1% | 7 x 20 AWG",2.0,0.29,7.0,Air Core,https://www.soundimports.eu/en/it-intertechnik-tri120-2-00-0-80.html,148.72
Jantzen Audio 000-2096,"Jantzen Audio 000-2096 | 2,1 mH | 1,07 Ω | 3% | 24 AWG",2.1,1.07,24.0,Air Core,https://www.soundimports.eu/en/jantzen-audio-000-2096.html,5.33
Jantzen Audio 000-2361,"Jantzen Audio 000-2361 | 2,1 mH | 0,38 Ω | 3% | 18 AWG",2.1,0.38,18.0,Air Core,https://www.soundimports.eu/en/jantzen-audio-000-2361.html,9.46
Jantzen Audio 000-2415,"Jantzen Audio 000-2415 | 2,1 mH | 0,19 Ω | 3% | 15 AWG",2.1,0.19,15.0,Air Core,https://www.soundimports.eu/en/jantzen-audio-000-2415.html,15.25
Jantzen Audio 000-1844,"Jantzen Audio 000-1844 | 2,1 mH | 0,60 Ω | 3% | 17 AWG",2.1,0.6,17.0,Air Core,https://www.soundimports.eu/en/jantzen-audio-000-1844.html,18.55
Jantzen Audio 000-8680,"Jantzen Audio 000-8680 | 2,1 mH | 0,57 Ω | 2% | 16 AWG",2.1,0.57,16.0,Air Core,https://www.soundimports.eu/en/jantzen-audio-000-8680.html,40.87
Jantzen Audio 000-8410,"Jantzen Audio 000-8410 | 2,1 mH | 0,41 Ω | 2% | 14 AWG",2.1,0.41,14.0,Air Core,https://www.soundimports.eu/en/jantzen-audio-000-8410.html,61.53
Jantzen Audio 000-8145,"Jantzen Audio 000-8145 | 2,1 mH | 0,29 Ω | 2% | 12 AWG",2.1,0.29,12.0,Air Core,https://www.soundimports.eu/en/jantzen-audio-000-8145.html,102.02
Jantzen Audio 000-1869,"Jantzen Audio 000-1869 | 2,2 mH | 3,5 Ω | 3% | 26 AWG",2.2,3.5,26.0,Air Core,https://www.soundimports.eu/en/jantzen-audio-000-1869.html,4.92
Jantzen Audio 000-1033,"Jantzen Audio 000-1033 | 2,2 mH | 2,45 Ω | 3% | 24 AWG",2.2,2.45,24.0,Air Core,https://www.soundimports.eu/en/jantzen-audio-000-1033.html,6.57
Intertechnik HQR32/2.2/60,"Intertechnik HQR32/2.2/60 | 2,2 mH | 1,09 Ω | 5% | 23 AWG",2.2,1.09,23.0,Air Core,https://www.soundimports.eu/en/it-intertechnik-hqr32-2-2-60.html,6.57
Jantzen Audio 000-5280,"Jantzen Audio 000-5280 | 2,2 mH | 0,40 Ω | 3% | 20 AWG",2.2,0.4,20.0,Air Core,https://www.soundimports.eu/en/jantzen-audio-000-5280.html,6.98
Jantzen Audio 000-2297,"Jantzen Audio 000-2297 | 2,2 mH | 0,48 Ω | 3% | 20 AWG",2.2,0.48,20.0,Air Core,https://www.soundimports.eu/en/jantzen-audio-000-2297.html,6.98
Jantzen Audio 000-1355,"Jantzen Audio 000-1355 | 2,2 mH | 1,38 Ω | 3% | 21 AWG",2.2,1.38,21.0,Air Core,https://www.soundimports.eu/en/jantzen-audio-000-1355.html,8.22
Jantzen Audio 000-5224,"Jantzen Audio 000-5224 | 2,2 mH | 0,26 Ω | 3% | 18 AWG",2.2,0.26,18.0,Air Core,https://www.soundimports.eu/en/jantzen-audio-000-5224.html,8.64
Jantzen Audio 000-2339,"Jantzen Audio 000-2339 | 2,2 mH | 0,34 Ω | 3% | 18 AWG",2.2,0.34,18.0,Air Core,https://www.soundimports.eu/en/jantzen-audio-000-2339.html,8.64
Jantzen Audio 000-2060,"Jantzen Audio 000-2060 | 2,2 mH | 0,40 Ω | 3% | 18 AWG",2.2,0.4,18.0,Air Core,https://www.soundimports.eu/en/jantzen-audio-000-2060.html,9.46
Jantzen Audio 000-5263,"Jantzen Audio 000-5263 | 2,2 mH | 0,26 Ω | 3% | 18 AWG",2.2,0.26,18.0,Air Core,https://www.soundimports.eu/en/jantzen-audio-000-5263.html,9.88
Jantzen Audio 000-1564,"Jantzen Audio 000-1564 | 2,2 mH | 1,21 Ω | 3% | 20 AWG",2.2,1.21,20.0,Air Core,https://www.soundimports.eu/en/jantzen-audio-000-1564.html,10.29
Jantzen Audio 000-5279,"Jantzen Audio 000-5279 | 2,2 mH | 0,24 Ω | 3% | 17 AWG",2.2,0.24,17.0,Air Core,https://www.soundimports.eu/en/jantzen-audio-000-5279.html,11.94
Jantzen Audio 000-1065,"Jantzen Audio 000-1065 | 2,2 mH | 0,84 Ω | 3% | 18 AWG",2.2,0.84,18.0,Air Core,https://www.soundimports.eu/en/jantzen-audio-000-1065.html,14.01
Jantzen Audio 000-1941,"Jantzen Audio 000-1941 | 2,2 mH | 0,8 Ω | 3% | 18 AWG",2.2,0.8,18.0,Air Core,https://www.soundimports.eu/en/jantzen-audio-000-1941.html,14.42
Jantzen Audio 000-5010,"Jantzen Audio 000-5010 | 2,2 mH | 0,15 Ω | 3% | 15 AWG",2.2,0.15,15.0,Air Core,https://www.soundimports.eu/en/jantzen-audio-000-5010.html,15.25
Jantzen Audio 000-2067,"Jantzen Audio 000-2067 | 2,2 mH | 0,2 Ω | 3% | 15 AWG",2.2,0.2,15.0,Air Core,https://www.soundimports.eu/en/jantzen-audio-000-2067.html,15.25
Intertechnik HQ40/2.2/095,"Intertechnik HQ40/2.2/095 | 2,2 mH | 0,29 Ω | 5% | 19 AWG",2.2,0.29,19.0,Air Core,https://www.soundimports.eu/en/it-intertechnik-hq40-2-2-095.html,16.07
Intertechnik LU44/2.20/071,"Intertechnik LU44/2.20/071 | 2,2 mH | 1,45 Ω | 3% | 21 AWG",2.2,1.45,21.0,Air Core,https://www.soundimports.eu/en/it-intertechnik-lu44-2-20-071.html,16.07
"Mundorf VP100-2,2","Mundorf VP100-2,2 | 2,2 mH | 0,47 Ω | 3% | 18 AWG",2.2,0.47,18.0,Air Core,https://www.soundimports.eu/en/mundorf-vp100-22.html,16.49
Jantzen Audio 000-5428,"Jantzen Audio 000-5428 | 2,2 mH | 0,12 Ω | 3% | 14 AWG",2.2,0.12,14.0,Air Core,https://www.soundimports.eu/en/jantzen-audio-000-5428.html,17.31
"Mundorf L100-2,20","Mundorf L100-2,20 | 2,20 mH | 0,77 Ω | 2% | 18 AWG",2.2,0.77,18.0,Air Core,https://www.soundimports.eu/en/mundorf-l100-220.html,18.14
Monacor LSI-22T,"Monacor LSI-22T | 2,2 mH | 0,10 Ω | 5% | 18 AWG",2.2,0.1,18.0,Air Core,https://www.soundimports.eu/en/monacor-lsi-22t.html,19.79
Jantzen Audio 000-1299,"Jantzen Audio 000-1299 | 2,2 mH | 0,63 Ω | 3% | 17 AWG",2.2,0.63,17.0,Air Core,https://www.soundimports.eu/en/jantzen-audio-000-1299.html,20.21
Jantzen Audio 000-5803,"Jantzen Audio 000-5803 | 2,2 mH | 0,10 Ω | 3% | 13 AWG",2.2,0.1,13.0,Air Core,https://www.soundimports.eu/en/jantzen-audio-000-5803.html,21.03
Intertechnik LU55/2.2/100,"Intertechnik LU55/2.2/100 | 2,2 mH | 0,89 Ω | 3% | 18 AWG",2.2,0.89,18.0,Air Core,https://www.soundimports.eu/en/it-intertechnik-lu55-2-2-100.html,21.86
Intertechnik CO30/2.20/060,"Intertechnik CO30/2.20/060 | 2,2 mH | 1,06 Ω | 5% | 23 AWG",2.2,1.06,23.0,Air Core,https://www.soundimports.eu/en/it-intertechnik-co30-2-20-060.html,22.27
Jantzen Audio 000-1314,"Jantzen Audio 000-1314 | 2,2 mH | 0,49 Ω | 3% | 15 AWG",2.2,0.49,15.0,Air Core,https://www.soundimports.eu/en/jantzen-audio-000-1314.html,25.58
Jantzen Audio 000-1638,"Jantzen Audio 000-1638 | 2,2 mH | 0,49 Ω | 3% | 15 AWG",2.2,0.49,15.0,Air Core,https://www.soundimports.eu/en/jantzen-audio-000-1638.html,27.23
Jantzen Audio 000-1246,"Jantzen Audio 000-1246 | 2,2 mH | 0,47 Ω | 3% | 15 AWG",2.2,0.47,15.0,Air Core,https://www.soundimports.eu/en/jantzen-audio-000-1246.html,27.23
Jantzen Audio 000-1495,"Jantzen Audio 000-1495 | 2,2 mH | 0,52 Ω | 3% | 15 AWG",2.2,0.52,15.0,Air Core,https://www.soundimports.eu/en/jantzen-audio-000-1495.html,29.3
Jantzen Audio 000-L-0220,"Jantzen Audio 000-L-0220 | 2,2 mH | 0,55 Ω | 3% | 15 AWG",2.2,0.55,15.0,Air Core,https://www.soundimports.eu/en/jantzen-audio-000-l-0220.html,31.78
Intertechnik HQ58/2.2/160,"Intertechnik HQ58/2.2/160 | 2,2 mH | 0,10 Ω | 5% | 14 AWG",2.2,0.1,14.0,Air Core,https://www.soundimports.eu/en/it-intertechnik-hq58-2-2-160.html,33.84
Intertechnik DR56/2.2/140,"Intertechnik DR56/2.2/140 | 2,2 mH | 0,16 Ω | 5% | 15 AWG",2.2,0.16,15.0,Air Core,https://www.soundimports.eu/en/it-intertechnik-dr56-2-2-140.html,34.67
Jantzen Audio 000-0028,"Jantzen Audio 000-0028 | 2,2 mH | 0,37 Ω | 3% | 14 AWG",2.2,0.37,14.0,Air Core,https://www.soundimports.eu/en/jantzen-audio-000-0028.html,35.91
Audyn CO62/2.20/140,"Audyn CO62/2.20/140 | 2,2 mH | 0,29 Ω | 5% | 15 AWG",2.2,0.29,15.0,Air Core,https://www.soundimports.eu/en/audyn-co62-2-20-140.html,36.32
Jantzen Audio 000-0985,"Jantzen Audio 000-0985 | 2,2 mH | 0,39 Ω | 3% | 14 AWG",2.2,0.39,14.0,Air Core,https://www.soundimports.eu/en/jantzen-audio-000-0985.html,36.74
Intertechnik LU78/2.2/140,"Intertechnik LU78/2.2/140 | 2,2 mH | 0,46 Ω | 3% | 15 AWG",2.2,0.46,15.0,Air Core,https://www.soundimports.eu/en/it-intertechnik-lu78-2-2-140.html,37.15
Jantzen Audio 000-6085,"Jantzen Audio 000-6085 | 2,2 mH | 0,06 Ω | 5% | 14 AWG",2.2,0.06,14.0,Air Core,https://www.soundimports.eu/en/jantzen-audio-000-6085.html,37.56
Jantzen Audio 000-7885,"Jantzen Audio 000-7885 | 2,2 mH | 0,57 Ω | 2% | 16 AWG",2.2,0.57,16.0,Air Core,https://www.soundimports.eu/en/jantzen-audio-000-7885.html,40.87
Mundorf BS140-2.2,Mundorf BS140-2.2 | 2.2 mH | 0.15 Ω | 3% | 15 AWG,2.2,0.15,15.0,Air Core,https://www.soundimports.eu/en/mundorf-bs140-2-2.html,41.28
Jantzen Audio 000-8685,"Jantzen Audio 000-8685 | 2,2 mH | 0,59 Ω | 2% | 16 AWG",2.2,0.59,16.0,Air Core,https://www.soundimports.eu/en/jantzen-audio-000-8685.html,43.8
Jantzen Audio 000-6090,"Jantzen Audio 000-6090 | 2,2 mH | 0,06 Ω | 5% | 14 AWG",2.2,0.06,14.0,Air Core,https://www.soundimports.eu/en/jantzen-audio-000-6090.html,44.17
Jantzen Audio 000-0130,"Jantzen Audio 000-0130 | 2,2 mH | 0,34 Ω | 3% | 13 AWG",2.2,0.34,13.0,Air Core,https://www.soundimports.eu/en/jantzen-audio-000-0130.html,47.48
Intertechnik AT62/220/132,"Intertechnik AT62/220/132 | 2,2 mH | 0,52 Ω | 3% | 16 AWG",2.2,0.52,16.0,Air Core,https://www.soundimports.eu/en/it-intertechnik-at62-220-132.html,47.89
"Mundorf CFC16-2,20","Mundorf CFC16-2,20 | 2,20 mH | 0,58 Ω | 2% | 16,5 AWG",2.2,0.58,16.5,Air Core,https://www.soundimports.eu/en/mundorf-cfc16-220.html,49.55
Jantzen Audio 000-6095,"Jantzen Audio 000-6095 | 2,2 mH | 0,04 Ω | 5% | 12 AWG",2.2,0.04,12.0,Air Core,https://www.soundimports.eu/en/jantzen-audio-000-6095.html,50.37
Jantzen Audio 000-7486,"Jantzen Audio 000-7486 | 2,2 mH | 0,4 Ω | 2% | 14 AWG",2.2,0.4,14.0,Air Core,https://www.soundimports.eu/en/jantzen-audio-000-7486.html,60.7
Jantzen Audio 000-8415,"Jantzen Audio 000-8415 | 2,2 mH | 0,42 Ω | 2% | 14 AWG",2.2,0.42,14.0,Air Core,https://www.soundimports.eu/en/jantzen-audio-000-8415.html,62.36
Intertechnik TRI92/2.2/0.50,"Intertechnik TRI92/2.2/0.50 | 2,2 mH | 0,546 Ω | 1% | 7 x 24 AWG",2.2,0.546,7.0,Air Core,https://www.soundimports.eu/en/it-intertechnik-tri92-2-2-0-50.html,63.18
"Mundorf CFC14-2,20","Mundorf CFC14-2,20 | 2,20 mH | 0,41 Ω | 2% | 14 AWG",2.2,0.41,14.0,Air Core,https://www.soundimports.eu/en/mundorf-cfc14-220.html,82.6
Intertechnik LU120/2.2/20,"Intertechnik LU120/2.2/20 | 2,2 mH | 0,28 Ω | 3% | 12 AWG",2.2,0.28,12.0,Air Core,https://www.soundimports.eu/en/it-intertechnik-lu120-2-2-20.html,92.11
Jantzen Audio 000-7105,"Jantzen Audio 000-7105 | 2,2 mH | 0,30 Ω | 2% | 12 AWG",2.2,0.3,12.0,Air Core,https://www.soundimports.eu/en/jantzen-audio-000-7105.html,95.0
Jantzen Audio 000-8150,"Jantzen Audio 000-8150 | 2,2 mH | 0,3 Ω | 2% | 12 AWG",2.2,0.3,12.0,Air Core,https://www.soundimports.eu/en/jantzen-audio-000-8150.html,104.5
Intertechnik TRI92/2.20/0.60,"Intertechnik TRI92/2.20/0.60 | 2,2 mH | 0,42 Ω | 1% | 7 x 23 AWG",2.2,0.42,7.0,Air Core,https://www.soundimports.eu/en/it-intertechnik-tri92-2-20-0-60.html,107.4
Intertechnik TRI120/2.20/0.80,"Intertechnik TRI120/2.20/0.80 | 2,2 mH | 0,32 Ω | 1% | 7 x 20 AWG",2.2,0.32,7.0,Air Core,https://www.soundimports.eu/en/it-intertechnik-tri120-2-20-0-80.html,156.98
Jantzen Audio 000-1730,"Jantzen Audio 000-1730 | 2,25 mH | 0,64 Ω | 3% | 17 AWG",2.25,0.64,17.0,Air Core,https://www.soundimports.eu/en/jantzen-audio-000-1730.html,20.21
Jantzen Audio 000-8690,"Jantzen Audio 000-8690 | 2,3 mH | 0,59 Ω | 2% | 16 AWG",2.3,0.59,16.0,Air Core,https://www.soundimports.eu/en/jantzen-audio-000-8690.html,45.0
Jantzen Audio 000-8420,"Jantzen Audio 000-8420 | 2,3 mH | 0,42 Ω | 2% | 14 AWG",2.3,0.42,14.0,Air Core,https://www.soundimports.eu/en/jantzen-audio-000-8420.html,62.77
Jantzen Audio 000-1623,"Jantzen Audio 000-1623 | 2,37 mH | 0,85 Ω | 3% | 18 AWG",2.37,0.85,18.0,Air Core,https://www.soundimports.eu/en/jantzen-audio-000-1623.html,14.42
Jantzen Audio 000-0226,"Jantzen Audio 000-0226 | 2,4 mH | 2,66 Ω | 3% | 24 AWG",2.4,2.66,24.0,Air Core,https://www.soundimports.eu/en/jantzen-audio-000-0226.html,6.16
Jantzen Audio 000-1473,"Jantzen Audio 000-1473 | 2,4 mH | 0,64 Ω | 3% | 17 AWG",2.4,0.64,17.0,Air Core,https://www.soundimports.eu/en/jantzen-audio-000-1473.html,20.21
Jantzen Audio 000-5808,"Jantzen Audio 000-5808 | 2,4 mH | 0,11 Ω | 3% | 13 AWG",2.4,0.11,13.0,Air Core,https://www.soundimports.eu/en/jantzen-audio-000-5808.html,21.03
Audyn CO62/2.4/140,"Audyn CO62/2.4/140 | 2,4 mH | 0,33 Ω | 5% | 15 AWG",2.4,0.33,15.0,Air Core,https://www.soundimports.eu/en/audyn-co62-2-4-140.html,33.02
Jantzen Audio 000-0029,"Jantzen Audio 000-0029 | 2,4 mH | 0,41 Ω | 3% | 14 AWG",2.4,0.41,14.0,Air Core,https://www.soundimports.eu/en/jantzen-audio-000-0029.html,37.19
Jantzen Audio 000-8695,"Jantzen Audio 000-8695 | 2,4 mH | 0,62 Ω | 2% | 16 AWG",2.4,0.62,16.0,Air Core,https://www.soundimports.eu/en/jantzen-audio-000-8695.html,46.24
Jantzen Audio 000-8425,"Jantzen Audio 000-8425 | 2,4 mH | 0,42 Ω | 2% | 14 AWG",2.4,0.42,14.0,Air Core,https://www.soundimports.eu/en/jantzen-audio-000-8425.html,63.6
Jantzen Audio 000-8160,"Jantzen Audio 000-8160 | 2,4 mH | 0,32 Ω | 2% | 12 AWG",2.4,0.32,12.0,Air Core,https://www.soundimports.eu/en/jantzen-audio-000-8160.html,107.81
Intertechnik TRI92/2.4/0.50,"Intertechnik TRI92/2.4/0.50 | 2,4 mH | 0,59 Ω | 1% | 7 x 24 AWG",2.4,0.59,7.0,Air Core,https://www.soundimports.eu/en/it-intertechnik-tri92-2-4-0-50.html,109.46
Jantzen Audio 000-2275,"Jantzen Audio 000-2275 | 2,5 mH | 0,63 Ω | 3% | 21 AWG",2.5,0.63,21.0,Air Core,https://www.soundimports.eu/en/jantzen-audio-000-2275.html,6.16
Jantzen Audio 000-1119,"Jantzen Audio 000-1119 | 2,5 mH | 1,84 Ω | 3% | 22 AWG",2.5,1.84,22.0,Air Core,https://www.soundimports.eu/en/jantzen-audio-000-1119.html,7.4
Jantzen Audio 000-2128,"Jantzen Audio 000-2128 | 2,5 mH | 0,67 Ω | 3% | 20 AWG",2.5,0.67,20.0,Air Core,https://www.soundimports.eu/en/jantzen-audio-000-2128.html,7.81
Jantzen Audio 000-5096,"Jantzen Audio 000-5096 | 2,5 mH | 0,28 Ω | 3% | 18 AWG",2.5,0.28,18.0,Air Core,https://www.soundimports.eu/en/jantzen-audio-000-5096.html,9.46
Jantzen Audio 000-2045,"Jantzen Audio 000-2045 | 2,5 mH | 0,44 Ω | 3% | 18 AWG",2.5,0.44,18.0,Air Core,https://www.soundimports.eu/en/jantzen-audio-000-2045.html,9.46
Jantzen Audio 000-0201,"Jantzen Audio 000-0201 | 2,5 mH | 1,28 Ω | 3% | 20 AWG",2.5,1.28,20.0,Air Core,https://www.soundimports.eu/en/jantzen-audio-000-0201.html,10.29
Dayton Audio IC182-5,Dayton Audio IC182-5 | 2.5 mH | 0.31 Ω | 3% | 18 AWG,2.5,0.31,18.0,Air Core,https://www.soundimports.eu/en/dayton-audio-ic182-5.html,11.94
Jantzen Audio 000-5097,"Jantzen Audio 000-5097 | 2,5 mH | 0,23 Ω | 3% | 17 AWG",2.5,0.23,17.0,Air Core,https://www.soundimports.eu/en/jantzen-audio-000-5097.html,11.94
Jantzen Audio 000-5283,"Jantzen Audio 000-5283 | 2,5 mH | 0,25 Ω | 3% | 17 AWG",2.5,0.25,17.0,Air Core,https://www.soundimports.eu/en/jantzen-audio-000-5283.html,12.77
Jantzen Audio 000-1940,"Jantzen Audio 000-1940 | 2,5 mH | 0,87 Ω | 3% | 18 AWG",2.5,0.87,18.0,Air Core,https://www.soundimports.eu/en/jantzen-audio-000-1940.html,15.25
Jantzen Audio 000-1088,"Jantzen Audio 000-1088 | 2,5 mH | 0,88 Ω | 3% | 18 AWG",2.5,0.88,18.0,Air Core,https://www.soundimports.eu/en/jantzen-audio-000-1088.html,15.25
Dayton Audio LW182-5,Dayton Audio LW182-5 | 2.5 mH | 0.91 Ω | 3% | 18 AWG,2.5,0.91,18.0,Air Core,https://www.soundimports.eu/en/dayton-audio-lw182-5.html,16.49
Jantzen Audio 000-1673,"Jantzen Audio 000-1673 | 2,5 mH | 0,65 Ω | 3% | 17 AWG",2.5,0.65,17.0,Air Core,https://www.soundimports.eu/en/jantzen-audio-000-1673.html,20.62
Jantzen Audio 000-5807,"Jantzen Audio 000-5807 | 2,5 mH | 0,11 Ω | 3% | 13 AWG",2.5,0.11,13.0,Air Core,https://www.soundimports.eu/en/jantzen-audio-000-5807.html,21.86
Jantzen Audio 000-1098,"Jantzen Audio 000-1098 | 2,5 mH | 0,52 Ω | 3% | 15 AWG",2.5,0.52,15.0,Air Core,https://www.soundimports.eu/en/jantzen-audio-000-1098.html,28.06
Jantzen Audio 000-0030,"Jantzen Audio 000-0030 | 2,5 mH | 0,41 Ω | 3% | 14 AWG",2.5,0.41,14.0,Air Core,https://www.soundimports.eu/en/jantzen-audio-000-0030.html,38.39
Jantzen Audio 000-8700,"Jantzen Audio 000-8700 | 2,5 mH | 0,64 Ω | 2% | 16 AWG",2.5,0.64,16.0,Air Core,https://www.soundimports.eu/en/jantzen-audio-000-8700.html,47.07
Jantzen Audio 000-0133,"Jantzen Audio 000-0133 | 2,5 mH | 0,37 Ω | 3% | 13 AWG",2.5,0.37,13.0,Air Core,https://www.soundimports.eu/en/jantzen-audio-000-0133.html,51.2
Dayton Audio LW142-5,Dayton Audio LW142-5 | 2.5 mH | 0.43 Ω | 5% | 14 AWG,2.5,0.43,14.0,Air Core,https://www.soundimports.eu/en/dayton-audio-lw142-5.html,58.22
Jantzen Audio 000-7493,"Jantzen Audio 000-7493 | 2,5 mH | 0,44 Ω | 2% | 14 AWG",2.5,0.44,14.0,Air Core,https://www.soundimports.eu/en/jantzen-audio-000-7493.html,61.53
Jantzen Audio 000-8430,"Jantzen Audio 000-8430 | 2,5 mH | 0,44 Ω | 2% | 14 AWG",2.5,0.44,14.0,Air Core,https://www.soundimports.eu/en/jantzen-audio-000-8430.html,66.07
Jantzen Audio 000-8165,"Jantzen Audio 000-8165 | 2,5 mH | 0,32 Ω | 2% | 12 AWG",2.5,0.32,12.0,Air Core,https://www.soundimports.eu/en/jantzen-audio-000-8165.html,107.4
Jantzen Audio 000-L-0250-2,"Jantzen Audio 000-L-0250-2 | 2,52 mH | 0,57 Ω | 3% | 15 AWG",2.52,0.57,15.0,Air Core,https://www.soundimports.eu/en/jantzen-audio-000-l-0250-2.html,32.6
Jantzen Audio 000-1126,"Jantzen Audio 000-1126 | 2,55 mH | 1,84 Ω | 3% | 22 AWG",2.55,1.84,22.0,Air Core,https://www.soundimports.eu/en/jantzen-audio-000-1126.html,7.4
Jantzen Audio 000-1298,"Jantzen Audio 000-1298 | 2,55 mH | 0,66 Ω | 3% | 17 AWG",2.55,0.66,17.0,Air Core,https://www.soundimports.eu/en/jantzen-audio-000-1298.html,21.86
Jantzen Audio 000-5411,"Jantzen Audio 000-5411 | 2,6 mH | 1,41 Ω | 3% | 26 AWG",2.6,1.41,26.0,Air Core,https://www.soundimports.eu/en/jantzen-audio-000-5411.html,5.33
Jantzen Audio 000-5192,"Jantzen Audio 000-5192 | 2,6 mH | 0,29 Ω | 3% | 18 AWG",2.6,0.29,18.0,Air Core,https://www.soundimports.eu/en/jantzen-audio-000-5192.html,9.88
Jantzen Audio 000-5486,"Jantzen Audio 000-5486 | 2,6 mH | 0,22 Ω | 3% | 17 AWG",2.6,0.22,17.0,Air Core,https://www.soundimports.eu/en/jantzen-audio-000-5486.html,12.36
Jantzen Audio 000-1889,"Jantzen Audio 000-1889 | 2,6 mH | 0,69 Ω | 3% | 17 AWG",2.6,0.69,17.0,Air Core,https://www.soundimports.eu/en/jantzen-audio-000-1889.html,20.62
Jantzen Audio 000-0031,"Jantzen Audio 000-0031 | 2,6 mH | 0,41 Ω | 3% | 14 AWG",2.6,0.41,14.0,Air Core,https://www.soundimports.eu/en/jantzen-audio-000-0031.html,39.21
Jantzen Audio 000-0134,"Jantzen Audio 000-0134 | 2,6 mH | 0,37 Ω | 3% | 13 AWG",2.6,0.37,13.0,Air Core,https://www.soundimports.eu/en/jantzen-audio-000-0134.html,51.61
Jantzen Audio 000-1732,"Jantzen Audio 000-1732 | 2,7 mH | 4,09 Ω | 3% | 26 AWG",2.7,4.09,26.0,Air Core,https://www.soundimports.eu/en/jantzen-audio-000-1732.html,5.33
Jantzen Audio 000-2274,"Jantzen Audio 000-2274 | 2,7 mH | 0,62 Ω | 3% | 21 AWG",2.7,0.62,21.0,Air Core,https://www.soundimports.eu/en/jantzen-audio-000-2274.html,6.57
Jantzen Audio 000-1870,"Jantzen Audio 000-1870 | 2,7 mH | 2,80 Ω | 3% | 24 AWG",2.7,2.8,24.0,Air Core,https://www.soundimports.eu/en/jantzen-audio-000-1870.html,6.57
Intertechnik HQR32/2.7/60,"Intertechnik HQR32/2.7/60 | 2,7 mH | 1,23 Ω | 5% | 23 AWG",2.7,1.23,23.0,Air Core,https://www.soundimports.eu/en/it-intertechnik-hqr32-2-7-60.html,6.98
"Mundorf P50-2,7","Mundorf P50-2,7 | 2,7 mH | 1,48 Ω | 3% | 24 AWG",2.7,1.48,24.0,Air Core,https://www.soundimports.eu/en/mundorf-p50-27.html,7.4
Jantzen Audio 000-5284,"Jantzen Audio 000-5284 | 2,7 mH | 0,45 Ω | 3% | 20 AWG",2.7,0.45,20.0,Air Core,https://www.soundimports.eu/en/jantzen-audio-000-5284.html,7.4
Jantzen Audio 000-2295,"Jantzen Audio 000-2295 | 2,7 mH | 0,57 Ω | 3% | 20 AWG",2.7,0.57,20.0,Air Core,https://www.soundimports.eu/en/jantzen-audio-000-2295.html,7.4
Jantzen Audio 000-1378,"Jantzen Audio 000-1378 | 2,7 mH | 1,6 Ω | 3% | 21 AWG",2.7,1.6,21.0,Air Core,https://www.soundimports.eu/en/jantzen-audio-000-1378.html,8.64
Jantzen Audio 000-5354,"Jantzen Audio 000-5354 | 2,7 mH | 0,295 Ω | 3% | 18 AWG",2.7,0.295,18.0,Air Core,https://www.soundimports.eu/en/jantzen-audio-000-5354.html,9.46
Jantzen Audio 000-2338,"Jantzen Audio 000-2338 | 2,7 mH | 0,385 Ω | 3% | 18 AWG",2.7,0.385,18.0,Air Core,https://www.soundimports.eu/en/jantzen-audio-000-2338.html,9.46
Jantzen Audio 000-2198,"Jantzen Audio 000-2198 | 2,7 mH | 0,49 Ω | 3% | 18 AWG",2.7,0.49,18.0,Air Core,https://www.soundimports.eu/en/jantzen-audio-000-2198.html,10.29
Jantzen Audio 000-0186,"Jantzen Audio 000-0186 | 2,7 mH | 1,3 Ω | 3% | 20 AWG",2.7,1.3,20.0,Air Core,https://www.soundimports.eu/en/jantzen-audio-000-0186.html,10.7
Monacor LSI-27T,"Monacor LSI-27T | 2,7 mH | 0,12 Ω | 5% | 18 AWG",2.7,0.12,18.0,Air Core,https://www.soundimports.eu/en/monacor-lsi-27t.html,15.66
Jantzen Audio 000-1307,"Jantzen Audio 000-1307 | 2,7 mH | 0,92 Ω | 3% | 18 AWG",2.7,0.92,18.0,Air Core,https://www.soundimports.eu/en/jantzen-audio-000-1307.html,15.66
Jantzen Audio 000-1939,"Jantzen Audio 000-1939 | 2,7 mH | 0,90 Ω | 3% | 18 AWG",2.7,0.9,18.0,Air Core,https://www.soundimports.eu/en/jantzen-audio-000-1939.html,16.07
Intertechnik HQ40/2.7/095,"Intertechnik HQ40/2.7/095 | 2,7 mH | 0,33 Ω | 5% | 19 AWG",2.7,0.33,19.0,Air Core,https://www.soundimports.eu/en/it-intertechnik-hq40-2-7-095.html,16.07
Jantzen Audio 000-5118,"Jantzen Audio 000-5118 | 2,7 mH | 0,16 Ω | 3% | 15 AWG",2.7,0.16,15.0,Air Core,https://www.soundimports.eu/en/jantzen-audio-000-5118.html,16.49
Jantzen Audio 000-5371,"Jantzen Audio 000-5371 | 2,7 mH | 0,18 Ω | 3% | 15 AWG",2.7,0.18,15.0,Air Core,https://www.soundimports.eu/en/jantzen-audio-000-5371.html,16.49
Intertechnik HQ43/2.7/095,"Intertechnik HQ43/2.7/095 | 2,7 mH | 0,33 Ω | 5% | 19 AWG",2.7,0.33,19.0,Air Core,https://www.soundimports.eu/en/it-intertechnik-hq43-2-7-095.html,16.49
"Mundorf VP100-2,7","Mundorf VP100-2,7 | 2,7 mH | 0,53 Ω | 3% | 18 AWG",2.7,0.53,18.0,Air Core,https://www.soundimports.eu/en/mundorf-vp100-27.html,18.14
Intertechnik LU44/2.70/071,"Intertechnik LU44/2.70/071 | 2,7 mH | 1,62 Ω | 3% | 21 AWG",2.7,1.62,21.0,Air Core,https://www.soundimports.eu/en/it-intertechnik-lu44-2-70-071.html,18.14
Jantzen Audio 000-5427,"Jantzen Audio 000-5427 | 2,7 mH | 0,13 Ω | 3% | 14 AWG",2.7,0.13,14.0,Air Core,https://www.soundimports.eu/en/jantzen-audio-000-5427.html,18.55
"Mundorf L100-2,70","Mundorf L100-2,70 | 2,70 mH | 0,90 Ω | 2% | 18 AWG",2.7,0.9,18.0,Air Core,https://www.soundimports.eu/en/mundorf-l100-270.html,19.79
Jantzen Audio 000-2445,"Jantzen Audio 000-2445 | 2,7 mH | 0,18 Ω | 3% | 14 AWG",2.7,0.18,14.0,Air Core,https://www.soundimports.eu/en/jantzen-audio-000-2445.html,20.21
Jantzen Audio 000-1041,"Jantzen Audio 000-1041 | 2,7 mH | 0,7 Ω | 3% | 17 AWG",2.7,0.7,17.0,Air Core,https://www.soundimports.eu/en/jantzen-audio-000-1041.html,21.03
Intertechnik LU62/2.7/100,"Intertechnik LU62/2.7/100 | 2,7 mH | 0,97 Ω | 3% | 18 AWG",2.7,0.97,18.0,Air Core,https://www.soundimports.eu/en/it-intertechnik-lu62-2-7-100.html,23.93
Jantzen Audio 000-1247,"Jantzen Audio 000-1247 | 2,7 mH | 0,525 Ω | 3% | 15 AWG",2.7,0.525,15.0,Air Core,https://www.soundimports.eu/en/jantzen-audio-000-1247.html,30.12
Intertechnik DR56/2.7/140,"Intertechnik DR56/2.7/140 | 2,7 mH | 0,18 Ω | 5% | 15 AWG",2.7,0.18,15.0,Air Core,https://www.soundimports.eu/en/it-intertechnik-dr56-2-7-140.html,31.61
Jantzen Audio 000-6103,"Jantzen Audio 000-6103 | 2,7 mH | 0,09 Ω | 5% | 17 AWG",2.7,0.09,17.0,Air Core,https://www.soundimports.eu/en/jantzen-audio-000-6103.html,31.78
Jantzen Audio 000-1802,"Jantzen Audio 000-1802 | 2,7 mH | 0,59 Ω | 3% | 15 AWG",2.7,0.59,15.0,Air Core,https://www.soundimports.eu/en/jantzen-audio-000-1802.html,32.19
Intertechnik HQ58/2.7/160,"Intertechnik HQ58/2.7/160 | 2,7 mH | 0,11 Ω | 5% | 14 AWG",2.7,0.11,14.0,Air Core,https://www.soundimports.eu/en/it-intertechnik-hq58-2-7-160.html,35.08
Jantzen Audio 000-L-0270,"Jantzen Audio 000-L-0270 | 2,7 mH | 0,60 Ω | 3% | 15 AWG",2.7,0.6,15.0,Air Core,https://www.soundimports.eu/en/jantzen-audio-000-l-0270.html,35.91
Jantzen Audio 000-0032,"Jantzen Audio 000-0032 | 2,7 mH | 0,42 Ω | 3% | 14 AWG",2.7,0.42,14.0,Air Core,https://www.soundimports.eu/en/jantzen-audio-000-0032.html,37.56
Jantzen Audio 000-6105,"Jantzen Audio 000-6105 | 2,7 mH | 0,07 Ω | 5% | 14 AWG",2.7,0.07,14.0,Air Core,https://www.soundimports.eu/en/jantzen-audio-000-6105.html,37.98
Audyn CO62/2.7/140,"Audyn CO62/2.7/140 | 2,7 mH | 0,34 Ω | 5% | 15 AWG",2.7,0.34,15.0,Air Core,https://www.soundimports.eu/en/audyn-co62-2-7-140.html,37.98
Intertechnik LU78/2.7/140,"Intertechnik LU78/2.7/140 | 2,7 mH | 0,53 Ω | 3% | 15 AWG",2.7,0.53,15.0,Air Core,https://www.soundimports.eu/en/it-intertechnik-lu78-2-7-140.html,40.87
Jantzen Audio 000-7900,"Jantzen Audio 000-7900 | 2,7 mH | 0,65 Ω | 2% | 16 AWG",2.7,0.65,16.0,Air Core,https://www.soundimports.eu/en/jantzen-audio-000-7900.html,42.93
Jantzen Audio 000-8710,"Jantzen Audio 000-8710 | 2,7 mH | 0,67 Ω | 2% | 16 AWG",2.7,0.67,16.0,Air Core,https://www.soundimports.eu/en/jantzen-audio-000-8710.html,48.31
Jantzen Audio 000-6110,"Jantzen Audio 000-6110 | 2,7 mH | 0,04 Ω | 5% | 12 AWG",2.7,0.04,12.0,Air Core,https://www.soundimports.eu/en/jantzen-audio-000-6110.html,50.79
Jantzen Audio 000-0135,"Jantzen Audio 000-0135 | 2,7 mH | 0,38 Ω | 3% | 13 AWG",2.7,0.38,13.0,Air Core,https://www.soundimports.eu/en/jantzen-audio-000-0135.html,53.26
"Mundorf CFC16-2,70","Mundorf CFC16-2,70 | 2,70 mH | 0,65 Ω | 2% | 16,5 AWG",2.7,0.65,16.5,Air Core,https://www.soundimports.eu/en/mundorf-cfc16-270.html,53.68
Jantzen Audio 000-7495,"Jantzen Audio 000-7495 | 2,7 mH | 0,46 Ω | 2% | 14 AWG",2.7,0.46,14.0,Air Core,https://www.soundimports.eu/en/jantzen-audio-000-7495.html,64.42
Intertechnik TRI92/2.7/0.50,"Intertechnik TRI92/2.7/0.50 | 2,7 mH | 0,632 Ω | 1% | 7 x 24 AWG",2.7,0.632,7.0,Air Core,https://www.soundimports.eu/en/it-intertechnik-tri92-2-7-0-50.html,66.07
Jantzen Audio 000-8440,"Jantzen Audio 000-8440 | 2,7 mH | 0,46 Ω | 2% | 14 AWG",2.7,0.46,14.0,Air Core,https://www.soundimports.eu/en/jantzen-audio-000-8440.html,71.45
"Mundorf CFC14-2,70","Mundorf CFC14-2,70 | 2,70 mH | 0,46 Ω | 2% | 14 AWG",2.7,0.46,14.0,Air Core,https://www.soundimports.eu/en/mundorf-cfc14-270.html,90.87
Intertechnik LU120/2.7/20,"Intertechnik LU120/2.7/20 | 2,7 mH | 0,31 Ω | 3% | 12 AWG",2.7,0.31,12.0,Air Core,https://www.soundimports.eu/en/it-intertechnik-lu120-2-7-20.html,102.85
Jantzen Audio 000-7110,"Jantzen Audio 000-7110 | 2,7 mH | 0,33 Ω | 2% | 12 AWG",2.7,0.33,12.0,Air Core,https://www.soundimports.eu/en/jantzen-audio-000-7110.html,104.5
Jantzen Audio 000-8175,"Jantzen Audio 000-8175 | 2,7 mH | 0,34 Ω | 2% | 12 AWG",2.7,0.34,12.0,Air Core,https://www.soundimports.eu/en/jantzen-audio-000-8175.html,115.25
Intertechnik TRI92/270/0.60,"Intertechnik TRI92/270/0.60 | 2,7 mH | 0,46 Ω | 1% | 7 x 23 AWG",2.7,0.46,7.0,Air Core,https://www.soundimports.eu/en/it-intertechnik-tri92-270-0-60.html,121.45
"Mundorf CFC12-2,7","Mundorf CFC12-2,7 | 2,70 mH | 0,32 Ω | 2% | 12 AWG",2.7,0.32,12.0,Air Core,https://www.soundimports.eu/en/mundorf-cfc12-27.html,140.45
Intertechnik TRI120/2.70/0.80,"Intertechnik TRI120/2.70/0.80 | 2,7 mH | 0,35 Ω | 1% | 7 x 20 AWG",2.7,0.35,7.0,Air Core,https://www.soundimports.eu/en/it-intertechnik-tri120-2-70-0-80.html,165.25
Jantzen Audio 000-1978,"Jantzen Audio 000-1978 | 2,8 mH | 3,5 Ω | 3% | 24 AWG",2.8,3.5,24.0,Air Core,https://www.soundimports.eu/en/jantzen-audio-000-1978.html,7.81
Jantzen Audio 000-0200,"Jantzen Audio 000-0200 | 2,8 mH | 1,31 Ω | 3% | 20 AWG",2.8,1.31,20.0,Air Core,https://www.soundimports.eu/en/jantzen-audio-000-0200.html,11.12
Jantzen Audio 000-5526,"Jantzen Audio 000-5526 | 2,8 mH | 0,18 Ω | 3% | 15 AWG",2.8,0.18,15.0,Air Core,https://www.soundimports.eu/en/jantzen-audio-000-5526.html,16.07
Jantzen Audio 000-0938,"Jantzen Audio 000-0938 | 2,8 mH | 0,72 Ω | 3% | 17 AWG",2.8,0.72,17.0,Air Core,https://www.soundimports.eu/en/jantzen-audio-000-0938.html,21.86
Jantzen Audio 000-611128,"Jantzen Audio 000-611128 | 2,8 mH | 0,05 Ω | 5% | 12 AWG",2.8,0.05,12.0,Air Core,https://www.soundimports.eu/en/jantzen-audio-000-611128.html,50.79
Jantzen Audio 000-7111,"Jantzen Audio 000-7111 | 2,8 mH | 0,34 Ω | 2% | 12 AWG",2.8,0.34,12.0,Air Core,https://www.soundimports.eu/en/jantzen-audio-000-7111.html,106.98
Jantzen Audio 000-0996,"Jantzen Audio 000-0996 | 2,9 mH | 2,10 Ω | 3% | 22 AWG",2.9,2.1,22.0,Air Core,https://www.soundimports.eu/en/jantzen-audio-000-0996.html,8.22
Jantzen Audio 000-0990,"Jantzen Audio 000-0990 | 2,9 mH | 0,95 Ω | 3% | 18 AWG",2.9,0.95,18.0,Air Core,https://www.soundimports.eu/en/jantzen-audio-000-0990.html,16.07
Jantzen Audio 000-0865,"Jantzen Audio 000-0865 | 2,9 mH | 0,72 Ω | 3% | 17 AWG",2.9,0.72,17.0,Air Core,https://www.soundimports.eu/en/jantzen-audio-000-0865.html,21.86
Jantzen Audio 000-0900,"Jantzen Audio 000-0900 | 2,9 mH | 0,63 Ω | 3% | 15 AWG",2.9,0.63,15.0,Air Core,https://www.soundimports.eu/en/jantzen-audio-000-0900.html,33.43
Jantzen Audio 000-0062,"Jantzen Audio 000-0062 | 2,9 mH | 0,45 Ω | 3% | 14 AWG",2.9,0.45,14.0,Air Core,https://www.soundimports.eu/en/jantzen-audio-000-0062.html,39.21
Jantzen Audio 000-1259,"Jantzen Audio 000-1259 | 3,0 mH | 7,6 Ω | 3% | 29 AWG",3.0,7.6,29.0,Air Core,https://www.soundimports.eu/en/jantzen-audio-000-1259.html,4.92
Jantzen Audio 000-2380,"Jantzen Audio 000-2380 | 3,0 mH | 1,31 Ω | 3% | 24 AWG",3.0,1.31,24.0,Air Core,https://www.soundimports.eu/en/jantzen-audio-000-2380.html,5.33
Jantzen Audio 000-1107,"Jantzen Audio 000-1107 | 3,0 mH | 4,35 Ω | 3% | 26 AWG",3.0,4.35,26.0,Air Core,https://www.soundimports.eu/en/jantzen-audio-000-1107.html,5.74
"Mundorf P50-3,0","Mundorf P50-3,0 | 3,0 mH | 1,59 Ω | 3% | 24 AWG",3.0,1.59,24.0,Air Core,https://www.soundimports.eu/en/mundorf-p50-30.html,5.99
Jantzen Audio 000-1779,"Jantzen Audio 000-1779 | 3,0 mH | 3,04 Ω | 3% | 24 AWG",3.0,3.04,24.0,Air Core,https://www.soundimports.eu/en/jantzen-audio-000-1779.html,6.57
Jantzen Audio 000-2272,"Jantzen Audio 000-2272 | 3,0 mH | 0,70 Ω | 3% | 21 AWG",3.0,0.7,21.0,Air Core,https://www.soundimports.eu/en/jantzen-audio-000-2272.html,6.57
Jantzen Audio 000-5390,"Jantzen Audio 000-5390 | 3 mH | 0,59 Ω | 3% | 21 AWG",3.0,0.59,21.0,Air Core,https://www.soundimports.eu/en/jantzen-audio-000-5390.html,6.98
Jantzen Audio 000-2293,"Jantzen Audio 000-2293 | 3,0 mH | 0,60 Ω | 3% | 20 AWG",3.0,0.6,20.0,Air Core,https://www.soundimports.eu/en/jantzen-audio-000-2293.html,7.81
Jantzen Audio 000-2061,"Jantzen Audio 000-2061 | 3,0 mH | 0,77 Ω | 3% | 20 AWG",3.0,0.77,20.0,Air Core,https://www.soundimports.eu/en/jantzen-audio-000-2061.html,8.22
Jantzen Audio 000-5065,"Jantzen Audio 000-5065 | 3,0 mH | 0,44 Ω | 3% | 20 AWG",3.0,0.44,20.0,Air Core,https://www.soundimports.eu/en/jantzen-audio-000-5065.html,8.64
Jantzen Audio 000-1392,"Jantzen Audio 000-1392 | 3 mH | 1,7 Ω | 3% | 21 AWG",3.0,1.7,21.0,Air Core,https://www.soundimports.eu/en/jantzen-audio-000-1392.html,9.05
Jantzen Audio 000-5122,"Jantzen Audio 000-5122 | 3,0 mH | 0,313 Ω | 3% | 18 AWG",3.0,0.313,18.0,Air Core,https://www.soundimports.eu/en/jantzen-audio-000-5122.html,9.88
Jantzen Audio 000-2334,"Jantzen Audio 000-2334 | 3 mH | 0,5 Ω | 3% | 18 AWG",3.0,0.5,18.0,Air Core,https://www.soundimports.eu/en/jantzen-audio-000-2334.html,10.29
Jantzen Audio 000-1913,"Jantzen Audio 000-1913 | 3,0 mH | 1,4 Ω | 3% | 20 AWG",3.0,1.4,20.0,Air Core,https://www.soundimports.eu/en/jantzen-audio-000-1913.html,11.94
Jantzen Audio 000-5024,"Jantzen Audio 000-5024 | 3,0 mH | 0,23 Ω | 3% | 17 AWG",3.0,0.23,17.0,Air Core,https://www.soundimports.eu/en/jantzen-audio-000-5024.html,12.77
Jantzen Audio 000-2455,"Jantzen Audio 000-2455 | 3 mH | 0,37 Ω | 3% | 17 AWG",3.0,0.37,17.0,Air Core,https://www.soundimports.eu/en/jantzen-audio-000-2455.html,14.42
Dayton Audio IC183,Dayton Audio IC183 | 3.0 mH | 0.36 Ω | 3% | 18 AWG,3.0,0.36,18.0,Air Core,https://www.soundimports.eu/en/dayton-audio-ic183.html,14.83
Jantzen Audio 000-1068,"Jantzen Audio 000-1068 | 3,0 mH | 0,99 Ω | 3% | 18 AWG",3.0,0.99,18.0,Air Core,https://www.soundimports.eu/en/jantzen-audio-000-1068.html,16.07
Jantzen Audio 000-5441,"Jantzen Audio 000-5441 | 3,0 mH | 0,17 Ω | 3% | 15 AWG",3.0,0.17,15.0,Air Core,https://www.soundimports.eu/en/jantzen-audio-000-5441.html,16.07
Jantzen Audio 000-2478,"Jantzen Audio 000-2478 | 3,0 mH | 0,23 Ω | 3% | 15 AWG",3.0,0.23,15.0,Air Core,https://www.soundimports.eu/en/jantzen-audio-000-2478.html,16.07
Jantzen Audio 000-5012,"Jantzen Audio 000-5012 | 3,0 mH | 0,19 Ω | 3% | 15 AWG",3.0,0.19,15.0,Air Core,https://www.soundimports.eu/en/jantzen-audio-000-5012.html,16.49
Intertechnik HQ43/3.0/095,"Intertechnik HQ43/3.0/095 | 3,0 mH | 0,36 Ω | 5% | 19 AWG",3.0,0.36,19.0,Air Core,https://www.soundimports.eu/en/it-intertechnik-hq43-3-0-095.html,16.9
Dayton Audio LW183,Dayton Audio LW183 | 3.0 mH | 1.0 Ω | 3% | 18 AWG,3.0,1.0,18.0,Air Core,https://www.soundimports.eu/en/dayton-audio-lw183.html,16.9
Intertechnik LU55/3.00/071,"Intertechnik LU55/3.00/071 | 3,0 mH | 1,72 Ω | 3% | 21 AWG",3.0,1.72,21.0,Air Core,https://www.soundimports.eu/en/it-intertechnik-lu55-3-00-071.html,19.38
Intertechnik LU62/3.0/100,"Intertechnik LU62/3.0/100 | 3,0 mH | 1,1 Ω | 3% | 18 AWG",3.0,1.1,18.0,Air Core,https://www.soundimports.eu/en/it-intertechnik-lu62-3-0-100.html,24.75
Jantzen Audio 000-0947,"Jantzen Audio 000-0947 | 3 mH | 0,57 Ω | 3% | 15 AWG",3.0,0.57,15.0,Air Core,https://www.soundimports.eu/en/jantzen-audio-000-0947.html,30.95
Intertechnik HQ58/3.0/150,"Intertechnik HQ58/3.0/150 | 3,0 mH | 0,13 Ω | 5% | 15 AWG",3.0,0.13,15.0,Air Core,https://www.soundimports.eu/en/it-intertechnik-hq58-3-0-150.html,33.02
Intertechnik DR56/3.0/140,"Intertechnik DR56/3.0/140 | 3,0 mH | 0,20 Ω | 5% | 15 AWG",3.0,0.2,15.0,Air Core,https://www.soundimports.eu/en/it-intertechnik-dr56-3-0-140.html,33.84
Jantzen Audio 000-1894,"Jantzen Audio 000-1894 | 3,0 mH | 0,64 Ω | 3% | 15 AWG",3.0,0.64,15.0,Air Core,https://www.soundimports.eu/en/jantzen-audio-000-1894.html,35.08
Jantzen Audio 000-6115,"Jantzen Audio 000-6115 | 3,0 mH | 0,07 Ω | 5% | 14 AWG",3.0,0.07,14.0,Air Core,https://www.soundimports.eu/en/jantzen-audio-000-6115.html,38.8
Audyn CO62/3.0/140,"Audyn CO62/3.0/140 | 3,0 mH | 0,36 Ω | 5% | 15 AWG",3.0,0.36,15.0,Air Core,https://www.soundimports.eu/en/audyn-co62-3-0-140.html,39.63
Jantzen Audio 000-0033,"Jantzen Audio 000-0033 | 3 mH | 0,46 Ω | 3% | 14 AWG",3.0,0.46,14.0,Air Core,https://www.soundimports.eu/en/jantzen-audio-000-0033.html,40.04
Jantzen Audio 000-7910,"Jantzen Audio 000-7910 | 3,0 mH | 0,70 Ω | 2% | 16 AWG",3.0,0.7,16.0,Air Core,https://www.soundimports.eu/en/jantzen-audio-000-7910.html,44.17
Intertechnik LU78/3.0/140,"Intertechnik LU78/3.0/140 | 3,0 mH | 0,60 Ω | 3% | 15 AWG",3.0,0.6,15.0,Air Core,https://www.soundimports.eu/en/it-intertechnik-lu78-3-0-140.html,45.0
Jantzen Audio 000-6120,"Jantzen Audio 000-6120 | 3,0 mH | 0,07 Ω | 5% | 13 AWG",3.0,0.07,13.0,Air Core,https://www.soundimports.eu/en/jantzen-audio-000-6120.html,46.65
Jantzen Audio 000-0136,"Jantzen Audio 000-0136 | 3,0 mH | 0,40 Ω | 3% | 13 AWG",3.0,0.4,13.0,Air Core,https://www.soundimports.eu/en/jantzen-audio-000-0136.html,55.33
Jantzen Audio 000-7502,"Jantzen Audio 000-7502 | 3 mH | 0,47 Ω | 2% | 14 AWG",3.0,0.47,14.0,Air Core,https://www.soundimports.eu/en/jantzen-audio-000-7502.html,65.66
Jantzen Audio 000-8445,"Jantzen Audio 000-8445 | 3,0 mH | 0,52 Ω | 2% | 14 AWG",3.0,0.52,14.0,Air Core,https://www.soundimports.eu/en/jantzen-audio-000-8445.html,74.34
Intertechnik LU120/3.0/20,"Intertechnik LU120/3.0/20 | 3,0 mH | 0,33 Ω | 3% | 12 AWG",3.0,0.33,12.0,Air Core,https://www.soundimports.eu/en/it-intertechnik-lu120-3-0-20.html,110.29
Jantzen Audio 000-7113,"Jantzen Audio 000-7113 | 3,0 mH | 0,36 Ω | 2% | 12 AWG",3.0,0.36,12.0,Air Core,https://www.soundimports.eu/en/jantzen-audio-000-7113.html,110.7
Jantzen Audio 000-8180,"Jantzen Audio 000-8180 | 3,0 mH | 0,37 Ω | 2% | 12 AWG",3.0,0.37,12.0,Air Core,https://www.soundimports.eu/en/jantzen-audio-000-8180.html,124.34
Intertechnik TRI120/3.00/0.60,"Intertechnik TRI120/3.00/0.60 | 3,0 mH | 0,50 Ω | 1% | 7 x 23 AWG",3.0,0.5,7.0,Air Core,https://www.soundimports.eu/en/it-intertechnik-tri120-3-00-0-60.html,132.19
Intertechnik TRI120/3.00/0.80,"Intertechnik TRI120/3.00/0.80 | 3,0 mH | 0,35 Ω | 1% | 7 x 20 AWG",3.0,0.35,7.0,Air Core,https://www.soundimports.eu/en/it-intertechnik-tri120-3-00-0-80.html,181.78
Jantzen Audio 000-5373,"Jantzen Audio 000-5373 | 3,2 mH | 0,326 Ω | 3% | 18 AWG",3.2,0.326,18.0,Air Core,https://www.soundimports.eu/en/jantzen-audio-000-5373.html,10.29
Jantzen Audio 000-1422,"Jantzen Audio 000-1422 | 3,2 mH | 0,78 Ω | 3% | 17 AWG",3.2,0.78,17.0,Air Core,https://www.soundimports.eu/en/jantzen-audio-000-1422.html,22.27
Jantzen Audio 000-2258,"Jantzen Audio 000-2258 | 3,3 mH | 1,43 Ω | 3% | 24 AWG",3.3,1.43,24.0,Air Core,https://www.soundimports.eu/en/jantzen-audio-000-2258.html,5.74
Jantzen Audio 000-1872,"Jantzen Audio 000-1872 | 3,3 mH | 4,6 Ω | 3% | 26 AWG",3.3,4.6,26.0,Air Core,https://www.soundimports.eu/en/jantzen-audio-000-1872.html,5.74
Jantzen Audio 000-1871,"Jantzen Audio 000-1871 | 3,3 mH | 3,09 Ω | 3% | 24 AWG",3.3,3.09,24.0,Air Core,https://www.soundimports.eu/en/jantzen-audio-000-1871.html,6.16
Jantzen Audio 000-5412,"Jantzen Audio 000-5412 | 3,3 mH | 1,07 Ω | 3% | 24 AWG",3.3,1.07,24.0,Air Core,https://www.soundimports.eu/en/jantzen-audio-000-5412.html,6.16
Jantzen Audio 000-2271,"Jantzen Audio 000-2271 | 3,3 mH | 0,74 Ω | 3% | 21 AWG",3.3,0.74,21.0,Air Core,https://www.soundimports.eu/en/jantzen-audio-000-2271.html,6.98
Intertechnik HQR32/3.3/60,"Intertechnik HQR32/3.3/60 | 3,3 mH | 1,41 Ω | 5% | 23 AWG",3.3,1.41,23.0,Air Core,https://www.soundimports.eu/en/it-intertechnik-hqr32-3-3-60.html,7.64
Jantzen Audio 000-5091,"Jantzen Audio 000-5091 | 3,3 mH | 0,53 Ω | 3% | 20 AWG",3.3,0.53,20.0,Air Core,https://www.soundimports.eu/en/jantzen-audio-000-5091.html,7.81
"Mundorf P50-3,3","Mundorf P50-3,3 | 3,3 mH | 1,71 Ω | 3% | 24 AWG",3.3,1.71,24.0,Air Core,https://www.soundimports.eu/en/mundorf-p50-33.html,7.81
Jantzen Audio 000-2292,"Jantzen Audio 000-2292 | 3,3 mH | 0,66 Ω | 3% | 20 AWG",3.3,0.66,20.0,Air Core,https://www.soundimports.eu/en/jantzen-audio-000-2292.html,7.81
Jantzen Audio 000-2169,"Jantzen Audio 000-2169 | 3,3 mH | 0,70 Ω | 3% | 20 AWG",3.3,0.7,20.0,Air Core,https://www.soundimports.eu/en/jantzen-audio-000-2169.html,8.22
Jantzen Audio 000-1200,"Jantzen Audio 000-1200 | 3,3 mH | 1,76 Ω | 3% | 21 AWG",3.3,1.76,21.0,Air Core,https://www.soundimports.eu/en/jantzen-audio-000-1200.html,9.46
Jantzen Audio 000-5161,"Jantzen Audio 000-5161 | 3,3 mH | 0,36 Ω | 3% | 18 AWG",3.3,0.36,18.0,Air Core,https://www.soundimports.eu/en/jantzen-audio-000-5161.html,9.46
Jantzen Audio 000-2337,"Jantzen Audio 000-2337 | 3,3 mH | 0,44 Ω | 3% | 18 AWG",3.3,0.44,18.0,Air Core,https://www.soundimports.eu/en/jantzen-audio-000-2337.html,9.88
Jantzen Audio 000-5372,"Jantzen Audio 000-5372 | 3,3 mH | 0,33 Ω | 3% | 18 AWG",3.3,0.33,18.0,Air Core,https://www.soundimports.eu/en/jantzen-audio-000-5372.html,10.29
Jantzen Audio 000-5252,"Jantzen Audio 000-5252 | 3,3 mH | 0,29 Ω | 3% | 18 AWG",3.3,0.29,18.0,Air Core,https://www.soundimports.eu/en/jantzen-audio-000-5252.html,11.94
Jantzen Audio 000-1423,"Jantzen Audio 000-1423 | 3,3 mH | 1,48 Ω | 3% | 20 AWG",3.3,1.48,20.0,Air Core,https://www.soundimports.eu/en/jantzen-audio-000-1423.html,11.94
Jantzen Audio 000-5292,"Jantzen Audio 000-5292 | 3,3 mH | 0,25 Ω | 3% | 17 AWG",3.3,0.25,17.0,Air Core,https://www.soundimports.eu/en/jantzen-audio-000-5292.html,14.42
Jantzen Audio 000-1070,"Jantzen Audio 000-1070 | 3,3 mH | 1,04 Ω | 3% | 18 AWG",3.3,1.04,18.0,Air Core,https://www.soundimports.eu/en/jantzen-audio-000-1070.html,16.07
Jantzen Audio 000-2109,"Jantzen Audio 000-2109 | 3,3 mH | 0,255 Ω | 3% | 15 AWG",3.3,0.255,15.0,Air Core,https://www.soundimports.eu/en/jantzen-audio-000-2109.html,16.07
Jantzen Audio 000-5229,"Jantzen Audio 000-5229 | 3,3 mH | 0,17 Ω | 3% | 15 AWG",3.3,0.17,15.0,Air Core,https://www.soundimports.eu/en/jantzen-audio-000-5229.html,16.49
Intertechnik HQ43/3.3/095,"Intertechnik HQ43/3.3/095 | 3,3 mH | 0,37 Ω | 5% | 19 AWG",3.3,0.37,19.0,Air Core,https://www.soundimports.eu/en/it-intertechnik-hq43-3-3-095.html,16.9
Jantzen Audio 000-5227,"Jantzen Audio 000-5227 | 3,3 mH | 0,21 Ω | 3% | 15 AWG",3.3,0.21,15.0,Air Core,https://www.soundimports.eu/en/jantzen-audio-000-5227.html,17.31
"Mundorf VP100-3,3","Mundorf VP100-3,3 | 3,3 mH | 0,64 Ω | 3% | 18 AWG",3.3,0.64,18.0,Air Core,https://www.soundimports.eu/en/mundorf-vp100-33.html,19.79
Intertechnik LU55/3.30/071,"Intertechnik LU55/3.30/071 | 3,3 mH | 1,83 Ω | 3% | 21 AWG",3.3,1.83,21.0,Air Core,https://www.soundimports.eu/en/it-intertechnik-lu55-3-30-071.html,20.21
Jantzen Audio 000-5426,"Jantzen Audio 000-5426 | 3,3 mH | 0,15 Ω | 3% | 14 AWG",3.3,0.15,14.0,Air Core,https://www.soundimports.eu/en/jantzen-audio-000-5426.html,21.03
"Mundorf L100-3,30","Mundorf L100-3,30 | 3,30 mH | 1,00 Ω | 2% | 18 AWG",3.3,1.0,18.0,Air Core,https://www.soundimports.eu/en/mundorf-l100-330.html,21.45
Monacor LSI-33T,"Monacor LSI-33T | 3,3 mH | 0,13 Ω | 5% | 18 AWG",3.3,0.13,18.0,Air Core,https://www.soundimports.eu/en/monacor-lsi-33t.html,21.86
Jantzen Audio 000-1025,"Jantzen Audio 000-1025 | 3,3 mH | 0,78 Ω | 3% | 17 AWG",3.3,0.78,17.0,Air Core,https://www.soundimports.eu/en/jantzen-audio-000-1025.html,23.51
Intertechnik LU62/3.3/100,"Intertechnik LU62/3.3/100 | 3,3 mH | 1,15 Ω | 3% | 18 AWG",3.3,1.15,18.0,Air Core,https://www.soundimports.eu/en/it-intertechnik-lu62-3-3-100.html,25.58
Jantzen Audio 000-1199,"Jantzen Audio 000-1199 | 3,3 mH | 0,615 Ω | 3% | 15 AWG",3.3,0.615,15.0,Air Core,https://www.soundimports.eu/en/jantzen-audio-000-1199.html,32.19
Intertechnik HQ56/3.3/150,"Intertechnik HQ56/3.3/150 | 3,3 mH | 0,14 Ω | 5% | 15 AWG",3.3,0.14,15.0,Air Core,https://www.soundimports.eu/en/it-intertechnik-hq56-3-3-150.html,34.67
Intertechnik DR56/3.3/132,"Intertechnik DR56/3.3/132 | 3,3 mH | 0,22 Ω | 5% | 16 AWG",3.3,0.22,16.0,Air Core,https://www.soundimports.eu/en/it-intertechnik-dr56-3-3-132.html,35.08
Jantzen Audio 000-1494,"Jantzen Audio 000-1494 | 3,3 mH | 0,66 Ω | 3% | 15 AWG",3.3,0.66,15.0,Air Core,https://www.soundimports.eu/en/jantzen-audio-000-1494.html,35.91
Jantzen Audio 000-6125,"Jantzen Audio 000-6125 | 3,3 mH | 0,07 Ω | 5% | 14 AWG",3.3,0.07,14.0,Air Core,https://www.soundimports.eu/en/jantzen-audio-000-6125.html,39.21
Audyn CO62/3.3/140,"Audyn CO62/3.3/140 | 3,3 mH | 0,38 Ω | 5% | 15 AWG",3.3,0.38,15.0,Air Core,https://www.soundimports.eu/en/audyn-co62-3-3-140.html,40.45
Jantzen Audio 000-0034,"Jantzen Audio 000-0034 | 3,3 mH | 0,48 Ω | 3% | 14 AWG",3.3,0.48,14.0,Air Core,https://www.soundimports.eu/en/jantzen-audio-000-0034.html,42.52
Intertechnik LU92/3.3/140,"Intertechnik LU92/3.3/140 | 3,3 mH | 0,60 Ω | 3% | 15 AWG",3.3,0.6,15.0,Air Core,https://www.soundimports.eu/en/it-intertechnik-lu92-3-3-140.html,47.89
Jantzen Audio 000-8720,"Jantzen Audio 000-8720 | 3,3 mH | 0,75 Ω | 2% | 16 AWG",3.3,0.75,16.0,Air Core,https://www.soundimports.eu/en/jantzen-audio-000-8720.html,54.09
Intertechnik AT92/330/132,"Intertechnik AT92/330/132 | 3,3 mH | 0,66 Ω | 3% | 16 AWG",3.3,0.66,16.0,Air Core,https://www.soundimports.eu/en/it-intertechnik-at92-330-132.html,55.74
"Mundorf CFC16-3,30","Mundorf CFC16-3,30 | 3,30 mH | 0,74 Ω | 2% | 16,5 AWG",3.3,0.74,16.5,Air Core,https://www.soundimports.eu/en/mundorf-cfc16-330.html,57.81
Jantzen Audio 000-7505,"Jantzen Audio 000-7505 | 3,3 mH | 0,51 Ω | 2% | 14 AWG",3.3,0.51,14.0,Air Core,https://www.soundimports.eu/en/jantzen-audio-000-7505.html,71.45
Intertechnik TRI92/3.3/0.50,"Intertechnik TRI92/3.3/0.50 | 3,3 mH | 0,71 Ω | 1% | 7 x 24 AWG",3.3,0.71,7.0,Air Core,https://www.soundimports.eu/en/it-intertechnik-tri92-3-3-0-50.html,73.1
"Mundorf CFC14-3,30","Mundorf CFC14-3,30 | 3,30 mH | 0,50 Ω | 2% | 14 AWG",3.3,0.5,14.0,Air Core,https://www.soundimports.eu/en/mundorf-cfc14-330.html,99.13
Jantzen Audio 000-7115,"Jantzen Audio 000-7115 | 3,3 mH | 0,37 Ω | 2% | 12 AWG",3.3,0.37,12.0,Air Core,https://www.soundimports.eu/en/jantzen-audio-000-7115.html,110.7
Intertechnik LU120/3.3/20,"Intertechnik LU120/3.3/20 | 3,3 mH | 0,35 Ω | 3% | 12 AWG",3.3,0.35,12.0,Air Core,https://www.soundimports.eu/en/it-intertechnik-lu120-3-3-20.html,112.77
Intertechnik TRI/120/3.30/0.60,"Intertechnik TRI/120/3.30/0.60 | 3,3 mH | 0,53 Ω | 1% | 7 x 23 AWG",3.3,0.53,7.0,Air Core,https://www.soundimports.eu/en/it-intertechnik-tri-120-3-30-0-60.html,140.45
Jantzen Audio 000-1050,"Jantzen Audio 000-1050 | 3,35 mH | 1,95 Ω | 3% | 21 AWG",3.35,1.95,21.0,Air Core,https://www.soundimports.eu/en/jantzen-audio-000-1050.html,10.29
Jantzen Audio 000-5092,"Jantzen Audio 000-5092 | 3,5 mH | 0,536 Ω | 3% | 20 AWG",3.5,0.536,20.0,Air Core,https://www.soundimports.eu/en/jantzen-audio-000-5092.html,7.81
Jantzen Audio 000-2033,"Jantzen Audio 000-2033 | 3,5 mH | 0,73 Ω | 3% | 20 AWG",3.5,0.73,20.0,Air Core,https://www.soundimports.eu/en/jantzen-audio-000-2033.html,8.64
Jantzen Audio 000-5186,"Jantzen Audio 000-5186 | 3,5 mH | 0,40 Ω | 3% | 18 AWG",3.5,0.4,18.0,Air Core,https://www.soundimports.eu/en/jantzen-audio-000-5186.html,11.94
Jantzen Audio 000-1709,"Jantzen Audio 000-1709 | 3,5 mH | 1,57 Ω | 3% | 20 AWG",3.5,1.57,20.0,Air Core,https://www.soundimports.eu/en/jantzen-audio-000-1709.html,11.94
Dayton Audio IC183 -5,Dayton Audio IC183 -5 | 3.5 mH | 0.39 Ω | 3% | 18 AWG,3.5,0.39,18.0,Air Core,https://www.soundimports.eu/en/dayton-audio-ic183-5.html,12.11
Jantzen Audio 000-1975,"Jantzen Audio 000-1975 | 3,5 mH | 1,10 Ω | 3% | 18 AWG",3.5,1.1,18.0,Air Core,https://www.soundimports.eu/en/jantzen-audio-000-1975.html,16.49
Jantzen Audio 000-5402,"Jantzen Audio 000-5402 | 3,5 mH | 0,22 Ω | 3% | 15 AWG",3.5,0.22,15.0,Air Core,https://www.soundimports.eu/en/jantzen-audio-000-5402.html,16.49
Jantzen Audio 000-2407,"Jantzen Audio 000-2407 | 3,5 mH | 0,21 Ω | 3% | 14 AWG",3.5,0.21,14.0,Air Core,https://www.soundimports.eu/en/jantzen-audio-000-2407.html,23.1
Jantzen Audio 000-5826,"Jantzen Audio 000-5826 | 3,5 mH | 0,15 Ω | 3% | 13 AWG",3.5,0.15,13.0,Air Core,https://www.soundimports.eu/en/jantzen-audio-000-5826.html,26.82
Jantzen Audio 000-1493,"Jantzen Audio 000-1493 | 3,5 mH | 0,68 Ω | 3% | 15 AWG",3.5,0.68,15.0,Air Core,https://www.soundimports.eu/en/jantzen-audio-000-1493.html,36.74
Jantzen Audio 000-8724,"Jantzen Audio 000-8724 | 3,5 mH | 0,79 Ω | 2% | 16 AWG",3.5,0.79,16.0,Air Core,https://www.soundimports.eu/en/jantzen-audio-000-8724.html,54.09
Jantzen Audio 000-8454,"Jantzen Audio 000-8454 | 3,5 mH | 0,54 Ω | 2% | 14 AWG",3.5,0.54,14.0,Air Core,https://www.soundimports.eu/en/jantzen-audio-000-8454.html,81.78
Jantzen Audio 000-8187,"Jantzen Audio 000-8187 | 3,5 mH | 0,39 Ω | 2% | 12 AWG",3.5,0.39,12.0,Air Core,https://www.soundimports.eu/en/jantzen-audio-000-8187.html,130.12
Jantzen Audio 000-1996,"Jantzen Audio 000-1996 | 3,58 mH | 0,81 Ω | 3% | 17 AWG",3.58,0.81,17.0,Air Core,https://www.soundimports.eu/en/jantzen-audio-000-1996.html,24.34
Jantzen Audio 000-0167,"Jantzen Audio 000-0167 | 3,6 mH | 1,08 Ω | 3% | 18 AWG",3.6,1.08,18.0,Air Core,https://www.soundimports.eu/en/jantzen-audio-000-0167.html,16.9
Jantzen Audio 000-7924,"Jantzen Audio 000-7924 | 3,6 mH | 0,78 Ω | 2% | 16 AWG",3.6,0.78,16.0,Air Core,https://www.soundimports.eu/en/jantzen-audio-000-7924.html,47.89
Jantzen Audio 000-5342,"Jantzen Audio 000-5342 | 3,66 mH | 0,75 Ω | 3% | 22 AWG",3.66,0.75,22.0,Air Core,https://www.soundimports.eu/en/jantzen-audio-000-5342.html,6.57
Jantzen Audio 000-0185,"Jantzen Audio 000-0185 | 3,7 mH | 5,05 Ω | 3% | 26 AWG",3.7,5.05,26.0,Air Core,https://www.soundimports.eu/en/jantzen-audio-000-0185.html,5.74
Jantzen Audio 000-1704,"Jantzen Audio 000-1704 | 3,7 mH | 3,25 Ω | 3% | 24 AWG",3.7,3.25,24.0,Air Core,https://www.soundimports.eu/en/jantzen-audio-000-1704.html,6.98
Jantzen Audio 000-5120,"Jantzen Audio 000-5120 | 3,7 mH | 0,35 Ω | 3% | 18 AWG",3.7,0.35,18.0,Air Core,https://www.soundimports.eu/en/jantzen-audio-000-5120.html,10.29
Jantzen Audio 000-5011,"Jantzen Audio 000-5011 | 3,8 mH | 0,28 Ω | 3% | 17 AWG",3.8,0.28,17.0,Air Core,https://www.soundimports.eu/en/jantzen-audio-000-5011.html,15.25
Jantzen Audio 000-1873,"Jantzen Audio 000-1873 | 3,9 mH | 5,06 Ω | 3% | 26 AWG",3.9,5.06,26.0,Air Core,https://www.soundimports.eu/en/jantzen-audio-000-1873.html,5.74
Jantzen Audio 000-2269,"Jantzen Audio 000-2269 | 3,9 mH | 0,80 Ω | 3% | 21 AWG",3.9,0.8,21.0,Air Core,https://www.soundimports.eu/en/jantzen-audio-000-2269.html,6.98
Intertechnik HQR32/3.9/60,"Intertechnik HQR32/3.9/60 | 3,9 mH | 1,58 Ω | 5% | 23 AWG",3.9,1.58,23.0,Air Core,https://www.soundimports.eu/en/it-intertechnik-hqr32-3-9-60.html,7.81
Jantzen Audio 000-2267,"Jantzen Audio 000-2267 | 3,9 mH | 1,08 Ω | 3% | 21 AWG",3.9,1.08,21.0,Air Core,https://www.soundimports.eu/en/jantzen-audio-000-2267.html,7.81
"Mundorf P50-3,9","Mundorf P50-3,9 | 3,9 mH | 1,81 Ω | 3% | 24 AWG",3.9,1.81,24.0,Air Core,https://www.soundimports.eu/en/mundorf-p50-39.html,8.22
Jantzen Audio 000-5095,"Jantzen Audio 000-5095 | 3,9 mH | 0,58 Ω | 3% | 20 AWG",3.9,0.58,20.0,Air Core,https://www.soundimports.eu/en/jantzen-audio-000-5095.html,8.22
Jantzen Audio 000-5417,"Jantzen Audio 000-5417 | 3,9 mH | 0,50 Ω | 3% | 20 AWG",3.9,0.5,20.0,Air Core,https://www.soundimports.eu/en/jantzen-audio-000-5417.html,8.64
Jantzen Audio 000-1127,"Jantzen Audio 000-1127 | 3,9 mH | 2,32 Ω | 3% | 22 AWG",3.9,2.32,22.0,Air Core,https://www.soundimports.eu/en/jantzen-audio-000-1127.html,8.64
Jantzen Audio 000-5478,"Jantzen Audio 000-5478 | 3,9 mH | 0,36 Ω | 3% | 18 AWG",3.9,0.36,18.0,Air Core,https://www.soundimports.eu/en/jantzen-audio-000-5478.html,10.29
Jantzen Audio 000-1326,"Jantzen Audio 000-1326 | 3,9 mH | 2,10 Ω | 3% | 21 AWG",3.9,2.1,21.0,Air Core,https://www.soundimports.eu/en/jantzen-audio-000-1326.html,10.7
Jantzen Audio 000-5013,"Jantzen Audio 000-5013 | 3,9 mH | 0,28 Ω | 3% | 17 AWG",3.9,0.28,17.0,Air Core,https://www.soundimports.eu/en/jantzen-audio-000-5013.html,14.01
Intertechnik HQ43/3.9/095,"Intertechnik HQ43/3.9/095 | 3,9 mH | 0,41 Ω | 5% | 19 AWG",3.9,0.41,19.0,Air Core,https://www.soundimports.eu/en/it-intertechnik-hq43-3-9-095.html,17.31
Jantzen Audio 000-5228,"Jantzen Audio 000-5228 | 3,9 mH | 0,19 Ω | 3% | 15 AWG",3.9,0.19,15.0,Air Core,https://www.soundimports.eu/en/jantzen-audio-000-5228.html,17.73
Jantzen Audio 000-1930,"Jantzen Audio 000-1930 | 3,9 mH | 1,25 Ω | 3% | 18 AWG",3.9,1.25,18.0,Air Core,https://www.soundimports.eu/en/jantzen-audio-000-1930.html,18.55
Monacor LSI-39T,"Monacor LSI-39T | 3,9 mH | 0,16 Ω | 5% | 18 AWG",3.9,0.16,18.0,Air Core,https://www.soundimports.eu/en/monacor-lsi-39t.html,19.38
"Mundorf VP100-3,9","Mundorf VP100-3,9 | 3,9 mH | 0,71 Ω | 3% | 18 AWG",3.9,0.71,18.0,Air Core,https://www.soundimports.eu/en/mundorf-vp100-39.html,21.45
Jantzen Audio 000-5425,"Jantzen Audio 000-5425 | 3,9 mH | 0,18 Ω | 3% | 14 AWG",3.9,0.18,14.0,Air Core,https://www.soundimports.eu/en/jantzen-audio-000-5425.html,22.27
"Mundorf L100-3,90","Mundorf L100-3,90 | 3,90 mH | 1,13 Ω | 2% | 18 AWG",3.9,1.13,18.0,Air Core,https://www.soundimports.eu/en/mundorf-l100-390.html,23.1
Intertechnik LU55/3.90/071,"Intertechnik LU55/3.90/071 | 3,9 mH | 2,01 Ω | 3% | 21 AWG",3.9,2.01,21.0,Air Core,https://www.soundimports.eu/en/it-intertechnik-lu55-3-90-071.html,23.1
Jantzen Audio 000-1713,"Jantzen Audio 000-1713 | 3,9 mH | 0,85 Ω | 3% | 17 AWG",3.9,0.85,17.0,Air Core,https://www.soundimports.eu/en/jantzen-audio-000-1713.html,26.41
Jantzen Audio 000-6155,"Jantzen Audio 000-6155 | 3,9 mH | 0,08 Ω | 5% | 15 AWG",3.9,0.08,15.0,Air Core,https://www.soundimports.eu/en/jantzen-audio-000-6155.html,35.08
Jantzen Audio 000-1241,"Jantzen Audio 000-1241 | 3,9 mH | 0,66 Ω | 3% | 15 AWG",3.9,0.66,15.0,Air Core,https://www.soundimports.eu/en/jantzen-audio-000-1241.html,35.91
Intertechnik DR56/3.9/132,"Intertechnik DR56/3.9/132 | 3,9 mH | 0,25 Ω | 5% | 16 AWG",3.9,0.25,16.0,Air Core,https://www.soundimports.eu/en/it-intertechnik-dr56-3-9-132.html,36.74
Jantzen Audio 000-6160,"Jantzen Audio 000-6160 | 3,9 mH | 0,08 Ω | 5% | 14 AWG",3.9,0.08,14.0,Air Core,https://www.soundimports.eu/en/jantzen-audio-000-6160.html,40.5
Intertechnik DR56/3.9/140,"Intertechnik DR56/3.9/140 | 3,9 mH | 0,206 Ω | 5% | 15 AWG",3.9,0.206,15.0,Air Core,https://www.soundimports.eu/en/it-intertechnik-dr56-3-9-140.html,41.28
Audyn CO62/3.9/140,"Audyn CO62/3.9/140 | 3,9 mH | 0,42 Ω | 5% | 15 AWG",3.9,0.42,15.0,Air Core,https://www.soundimports.eu/en/audyn-co62-3-9-140.html,43.35
Mundorf BS140-3.9,Mundorf BS140-3.9 | 3.9 mH | 0.20 Ω | 3% | 15 AWG,3.9,0.2,15.0,Air Core,https://www.soundimports.eu/en/mundorf-bs140-39.html,48.72
Jantzen Audio 000-6180,"Jantzen Audio 000-6180 | 3,9 mH | 0,07 Ω | 5% | 13 AWG",3.9,0.07,13.0,Air Core,https://www.soundimports.eu/en/jantzen-audio-000-6180.html,49.13
Jantzen Audio 000-0036,"Jantzen Audio 000-0036 | 3,9 mH | 0,58 Ω | 3% | 14 AWG",3.9,0.58,14.0,Air Core,https://www.soundimports.eu/en/jantzen-audio-000-0036.html,49.13
Jantzen Audio 000-6170,"Jantzen Audio 000-6170 | 3,9 mH | 0,07 Ω | 5% | 14 AWG",3.9,0.07,14.0,Air Core,https://www.soundimports.eu/en/jantzen-audio-000-6170.html,49.96
Intertechnik LU92/3.9/140,"Intertechnik LU92/3.9/140 | 3,9 mH | 0,67 Ω | 3% | 15 AWG",3.9,0.67,15.0,Air Core,https://www.soundimports.eu/en/it-intertechnik-lu92-3-9-140.html,52.44
Jantzen Audio 000-7935,"Jantzen Audio 000-7935 | 3,9 mH | 0,82 Ω | 2% | 16 AWG",3.9,0.82,16.0,Air Core,https://www.soundimports.eu/en/jantzen-audio-000-7935.html,52.44
Jantzen Audio 000-6190,"Jantzen Audio 000-6190 | 3,9 mH | 0,05 Ω | 5% | 12 AWG",3.9,0.05,12.0,Air Core,https://www.soundimports.eu/en/jantzen-audio-000-6190.html,53.68
Jantzen Audio 000-8730,"Jantzen Audio 000-8730 | 3,9 mH | 0,83 Ω | 2% | 16 AWG",3.9,0.83,16.0,Air Core,https://www.soundimports.eu/en/jantzen-audio-000-8730.html,59.05
Intertechnik AT92/390/132,"Intertechnik AT92/390/132 | 3,9 mH | 0,72 Ω | 3% | 16 AWG",3.9,0.72,16.0,Air Core,https://www.soundimports.eu/en/it-intertechnik-at92-390-132.html,59.88
"Mundorf CFC16-3,90","Mundorf CFC16-3,90 | 3,90 mH | 0,84 Ω | 2% | 16,5 AWG",3.9,0.84,16.5,Air Core,https://www.soundimports.eu/en/mundorf-cfc16-390.html,66.07
Jantzen Audio 000-7512,"Jantzen Audio 000-7512 | 3,9 mH | 0,53 Ω | 2% | 14 AWG",3.9,0.53,14.0,Air Core,https://www.soundimports.eu/en/jantzen-audio-000-7512.html,76.41
Intertechnik TRI92/3.9/0.50,"Intertechnik TRI92/3.9/0.50 | 3,9 mH | 0,78 Ω | 1% | 7 x 24 AWG",3.9,0.78,7.0,Air Core,https://www.soundimports.eu/en/it-intertechnik-tri92-3-9-0-50.html,79.71
Jantzen Audio 000-8460,"Jantzen Audio 000-8460 | 3,9 mH | 0,60 Ω | 2% | 14 AWG",3.9,0.6,14.0,Air Core,https://www.soundimports.eu/en/jantzen-audio-000-8460.html,83.84
"Mundorf CFC14-3,90","Mundorf CFC14-3,90 | 3,90 mH | 0,55 Ω | 2% | 14 AWG",3.9,0.55,14.0,Air Core,https://www.soundimports.eu/en/mundorf-cfc14-390.html,107.4
Intertechnik LU120/3.9/20,"Intertechnik LU120/3.9/20 | 3,9 mH | 0,39 Ω | 3% | 12 AWG",3.9,0.39,12.0,Air Core,https://www.soundimports.eu/en/it-intertechnik-lu120-3-9-20.html,119.79
Jantzen Audio 000-7120,"Jantzen Audio 000-7120 | 3,9 mH | 0,42 Ω | 2% | 12 AWG",3.9,0.42,12.0,Air Core,https://www.soundimports.eu/en/jantzen-audio-000-7120.html,127.64
Intertechnik TRI/120/3.90/0.60,"Intertechnik TRI/120/3.90/0.60 | 3,9 mH | 0,58 Ω | 1% | 7 x 23 AWG",3.9,0.58,7.0,Air Core,https://www.soundimports.eu/en/it-intertechnik-tri-120-3-90-0-60.html,144.59
Intertechnik TRI120/3.90/0.80,"Intertechnik TRI120/3.90/0.80 | 3,9 mH | 0,39 Ω | 1% | 7 x 20 AWG",3.9,0.39,7.0,Air Core,https://www.soundimports.eu/en/it-intertechnik-tri120-3-90-0-80.html,206.57
Jantzen Audio 000-2363,"Jantzen Audio 000-2363 | 4,0 mH | 1,64 Ω | 3% | 24 AWG",4.0,1.64,24.0,Air Core,https://www.soundimports.eu/en/jantzen-audio-000-2363.html,5.33
Jantzen Audio 000-1605,"Jantzen Audio 000-1605 | 4,0 mH | 3,95 Ω | 3% | 24 AWG",4.0,3.95,24.0,Air Core,https://www.soundimports.eu/en/jantzen-audio-000-1605.html,7.4
Jantzen Audio 000-5142,"Jantzen Audio 000-5142 | 4,0 mH | 0,59 Ω | 3% | 20 AWG",4.0,0.59,20.0,Air Core,https://www.soundimports.eu/en/jantzen-audio-000-5142.html,9.88
Jantzen Audio 000-1920,"Jantzen Audio 000-1920 | 4 mH | 2,15 Ω | 3% | 21 AWG",4.0,2.15,21.0,Air Core,https://www.soundimports.eu/en/jantzen-audio-000-1920.html,10.7
Jantzen Audio 000-5211,"Jantzen Audio 000-5211 | 4,0 mH | 0,37 Ω | 3% | 18 AWG",4.0,0.37,18.0,Air Core,https://www.soundimports.eu/en/jantzen-audio-000-5211.html,10.7
Jantzen Audio 000-5154,"Jantzen Audio 000-5154 | 4,0 mH | 0,425 Ω | 3% | 18 AWG",4.0,0.425,18.0,Air Core,https://www.soundimports.eu/en/jantzen-audio-000-5154.html,12.36
Jantzen Audio 000-1981,"Jantzen Audio 000-1981 | 4,0 mH | 1,70 Ω | 3% | 20 AWG",4.0,1.7,20.0,Air Core,https://www.soundimports.eu/en/jantzen-audio-000-1981.html,13.18
Dayton Audio IC184,Dayton Audio IC184 | 4.0 mH | 0.46 Ω | 3% | 18 AWG,4.0,0.46,18.0,Air Core,https://www.soundimports.eu/en/dayton-audio-ic184.html,14.42
Jantzen Audio 000-5170,"Jantzen Audio 000-5170 | 4 mH | 0,29 Ω | 3% | 17 AWG",4.0,0.29,17.0,Air Core,https://www.soundimports.eu/en/jantzen-audio-000-5170.html,14.83
Jantzen Audio 000-1793,"Jantzen Audio 000-1793 | 4,0 mH | 2,2 Ω | 3% | 20 AWG",4.0,2.2,20.0,Air Core,https://www.soundimports.eu/en/jantzen-audio-000-1793.html,15.25
Jantzen Audio 000-5447,"Jantzen Audio 000-5447 | 4,0 mH | 0,20 Ω | 3% | 15 AWG",4.0,0.2,15.0,Air Core,https://www.soundimports.eu/en/jantzen-audio-000-5447.html,16.9
Jantzen Audio 000-1956,"Jantzen Audio 000-1956 | 4 mH | 1,27 Ω | 3% | 18 AWG",4.0,1.27,18.0,Air Core,https://www.soundimports.eu/en/jantzen-audio-000-1956.html,18.55
Dayton Audio LW184,Dayton Audio LW184 | 4.0 mH | 1.20 Ω | 3% | 18 AWG,4.0,1.2,18.0,Air Core,https://www.soundimports.eu/en/dayton-audio-lw184.html,21.45
Jantzen Audio 000-0181,"Jantzen Audio 000-0181 | 4,0 mH | 0,83 Ω | 3% | 17 AWG",4.0,0.83,17.0,Air Core,https://www.soundimports.eu/en/jantzen-audio-000-0181.html,25.58
Jantzen Audio 000-6200,"Jantzen Audio 000-6200 | 4,0 mH | 0,08 Ω | 5% | 15 AWG",4.0,0.08,15.0,Air Core,https://www.soundimports.eu/en/jantzen-audio-000-6200.html,33.02
Jantzen Audio 000-1099,"Jantzen Audio 000-1099 | 4 mH | 0,73 Ω | 3% | 15 AWG",4.0,0.73,15.0,Air Core,https://www.soundimports.eu/en/jantzen-audio-000-1099.html,39.21
Jantzen Audio 000-0047,"Jantzen Audio 000-0047 | 4 mH | 0,6 Ω | 3% | 14 AWG",4.0,0.6,14.0,Air Core,https://www.soundimports.eu/en/jantzen-audio-000-0047.html,51.61
Jantzen Audio 000-7940,"Jantzen Audio 000-7940 | 4,0 mH | 0,83 Ω | 2% | 16 AWG",4.0,0.83,16.0,Air Core,https://www.soundimports.eu/en/jantzen-audio-000-7940.html,54.09
Jantzen Audio 000-7513,"Jantzen Audio 000-7513 | 4,0 mH | 0,60 Ω | 2% | 14 AWG",4.0,0.6,14.0,Air Core,https://www.soundimports.eu/en/jantzen-audio-000-7513.html,78.06
Jantzen Audio 000-8200,"Jantzen Audio 000-8200 | 4,0 mH | 0,43 Ω | 2% | 12 AWG",4.0,0.43,12.0,Air Core,https://www.soundimports.eu/en/jantzen-audio-000-8200.html,142.11
Jantzen Audio 000-8462-5,"Jantzen Audio 000-8462-5 | 4,05 mH | 0,60 Ω | 2% | 14 AWG",4.05,0.6,14.0,Air Core,https://www.soundimports.eu/en/jantzen-audio-000-8462-5.html,84.67
Jantzen Audio 000-2167,"Jantzen Audio 000-2167 | 4,1 mH | 0,82 Ω | 3% | 20 AWG",4.1,0.82,20.0,Air Core,https://www.soundimports.eu/en/jantzen-audio-000-2167.html,9.46
Jantzen Audio 000-5103,"Jantzen Audio 000-5103 | 4,1 mH | 0,37 Ω | 3% | 18 AWG",4.1,0.37,18.0,Air Core,https://www.soundimports.eu/en/jantzen-audio-000-5103.html,12.36
Jantzen Audio 000-2268,"Jantzen Audio 000-2268 | 4,2 mH | 0,91 Ω | 3% | 21 AWG",4.2,0.91,21.0,Air Core,https://www.soundimports.eu/en/jantzen-audio-000-2268.html,7.4
Jantzen Audio 000-1393,"Jantzen Audio 000-1393 | 4,2 mH | 2,19 Ω | 3% | 21 AWG",4.2,2.19,21.0,Air Core,https://www.soundimports.eu/en/jantzen-audio-000-1393.html,10.7
Jantzen Audio 000-8733,"Jantzen Audio 000-8733 | 4,2 mH | 0,87 Ω | 2% | 16 AWG",4.2,0.87,16.0,Air Core,https://www.soundimports.eu/en/jantzen-audio-000-8733.html,55.33
Jantzen Audio 000-5014,"Jantzen Audio 000-5014 | 4,3 mH | 0,66 Ω | 3% | 21 AWG",4.3,0.66,21.0,Air Core,https://www.soundimports.eu/en/jantzen-audio-000-5014.html,7.81
Jantzen Audio 000-5023,"Jantzen Audio 000-5023 | 4,3 mH | 0,40 Ω | 3% | 18 AWG",4.3,0.4,18.0,Air Core,https://www.soundimports.eu/en/jantzen-audio-000-5023.html,11.12
Jantzen Audio 000-1664,"Jantzen Audio 000-1664 | 4,3 mH | 1,80 Ω | 3% | 20 AWG",4.3,1.8,20.0,Air Core,https://www.soundimports.eu/en/jantzen-audio-000-1664.html,12.77
Jantzen Audio 000-8735,"Jantzen Audio 000-8735 | 4,3 mH | 0,88 Ω | 2% | 16 AWG",4.3,0.88,16.0,Air Core,https://www.soundimports.eu/en/jantzen-audio-000-8735.html,58.22
Jantzen Audio 000-8205,"Jantzen Audio 000-8205 | 4,3 mH | 0,45 Ω | 2% | 12 AWG",4.3,0.45,12.0,Air Core,https://www.soundimports.eu/en/jantzen-audio-000-8205.html,135.08
Jantzen Audio 000-0059,"Jantzen Audio 000-0059 | 4,4 mH | 0,51 Ω | 3% | 13 AWG",4.4,0.51,13.0,Air Core,https://www.soundimports.eu/en/jantzen-audio-000-0059.html,66.9
Jantzen Audio 000-1043,"Jantzen Audio 000-1043 | 4,43 mH | 1,29 Ω | 3% | 18 AWG",4.43,1.29,18.0,Air Core,https://www.soundimports.eu/en/jantzen-audio-000-1043.html,18.55
Jantzen Audio 000-5067,"Jantzen Audio 000-5067 | 4,5 mH | 0,65 Ω | 3% | 20 AWG",4.5,0.65,20.0,Air Core,https://www.soundimports.eu/en/jantzen-audio-000-5067.html,10.29
Jantzen Audio 000-5045,"Jantzen Audio 000-5045 | 4,5 mH | 0,47 Ω | 3% | 18 AWG",4.5,0.47,18.0,Air Core,https://www.soundimports.eu/en/jantzen-audio-000-5045.html,11.53
Jantzen Audio 000-5245,"Jantzen Audio 000-5245 | 4,5 mH | 0,39 Ω | 3% | 18 AWG",4.5,0.39,18.0,Air Core,https://www.soundimports.eu/en/jantzen-audio-000-5245.html,12.36
Dayton Audio IC184-5,Dayton Audio IC184-5 | 4.5 mH | 0.46 Ω | 3% | 18 AWG,4.5,0.46,18.0,Air Core,https://www.soundimports.eu/en/dayton-audio-ic184-5.html,15.66
Jantzen Audio 000-1957,"Jantzen Audio 000-1957 | 4,5 mH | 1,25 Ω | 3% | 18 AWG",4.5,1.25,18.0,Air Core,https://www.soundimports.eu/en/jantzen-audio-000-1957.html,19.79
Jantzen Audio 000-0923,"Jantzen Audio 000-0923 | 4,5 mH | 0,93 Ω | 3% | 17 AWG",4.5,0.93,17.0,Air Core,https://www.soundimports.eu/en/jantzen-audio-000-0923.html,27.64
Jantzen Audio 000-1468,"Jantzen Audio 000-1468 | 4,5 mH | 0,8 Ω | 3% | 15 AWG",4.5,0.8,15.0,Air Core,https://www.soundimports.eu/en/jantzen-audio-000-1468.html,41.28
Jantzen Audio 000-2256,"Jantzen Audio 000-2256 | 4,7 mH | 1,75 Ω | 3% | 24 AWG",4.7,1.75,24.0,Air Core,https://www.soundimports.eu/en/jantzen-audio-000-2256.html,5.33
Jantzen Audio 000-1780,"Jantzen Audio 000-1780 | 4,7 mH | 3,91 Ω | 3% | 24 AWG",4.7,3.91,24.0,Air Core,https://www.soundimports.eu/en/jantzen-audio-000-1780.html,6.98
Jantzen Audio 000-5231,"Jantzen Audio 000-5231 | 4,7 mH | 0,95 Ω | 3% | 22 AWG",4.7,0.95,22.0,Air Core,https://www.soundimports.eu/en/jantzen-audio-000-5231.html,6.98
Jantzen Audio 000-5299,"Jantzen Audio 000-5299 | 4,7 mH | 0,75 Ω | 3% | 21 AWG",4.7,0.75,21.0,Air Core,https://www.soundimports.eu/en/jantzen-audio-000-5299.html,6.98
Intertechnik HQR32/4.7/50,"Intertechnik HQR32/4.7/50 | 4,7 mH | 2,31 Ω | 5% | 24 AWG",4.7,2.31,24.0,Air Core,https://www.soundimports.eu/en/it-intertechnik-hqr32-4-7-50.html,7.64
Jantzen Audio 000-2458,"Jantzen Audio 000-2458 | 4,7 mH | 0,99 Ω | 3% | 21 AWG",4.7,0.99,21.0,Air Core,https://www.soundimports.eu/en/jantzen-audio-000-2458.html,7.81
"Mundorf P50-4,7","Mundorf P50-4,7 | 4,7 mH | 2,15 Ω | 3% | 24 AWG",4.7,2.15,24.0,Air Core,https://www.soundimports.eu/en/mundorf-p50-47.html,8.64
Jantzen Audio 000-5297,"Jantzen Audio 000-5297 | 4,7 mH | 0,63 Ω | 3% | 20 AWG",4.7,0.63,20.0,Air Core,https://www.soundimports.eu/en/jantzen-audio-000-5297.html,8.64
Jantzen Audio 000-5477,"Jantzen Audio 000-5477 | 4,7 mH | 0,41 Ω | 3% | 18 AWG",4.7,0.41,18.0,Air Core,https://www.soundimports.eu/en/jantzen-audio-000-5477.html,11.12
Jantzen Audio 000-1520,"Jantzen Audio 000-1520 | 4,7 mH | 2,33 Ω | 3% | 21 AWG",4.7,2.33,21.0,Air Core,https://www.soundimports.eu/en/jantzen-audio-000-1520.html,11.53
Jantzen Audio 000-5251,"Jantzen Audio 000-5251 | 4,7 mH | 0,35 Ω | 3% | 18 AWG",4.7,0.35,18.0,Air Core,https://www.soundimports.eu/en/jantzen-audio-000-5251.html,12.77
Jantzen Audio 000-5104,"Jantzen Audio 000-5104 | 4,7 mH | 0,40 Ω | 3% | 18 AWG",4.7,0.4,18.0,Air Core,https://www.soundimports.eu/en/jantzen-audio-000-5104.html,12.77
Jantzen Audio 000-0880,"Jantzen Audio 000-0880 | 4,7 mH | 1,87 Ω | 3% | 20 AWG",4.7,1.87,20.0,Air Core,https://www.soundimports.eu/en/jantzen-audio-000-0880.html,13.6
Dayton Audio IC184-7,Dayton Audio IC184-7 | 4.7 mH | 0.47 Ω | 3% | 18 AWG,4.7,0.47,18.0,Air Core,https://www.soundimports.eu/en/dayton-audio-ic184-7.html,16.07
Jantzen Audio 000-2437,"Jantzen Audio 000-2437 | 4,7 mH | 0,38 Ω | 3% | 17 AWG",4.7,0.38,17.0,Air Core,https://www.soundimports.eu/en/jantzen-audio-000-2437.html,16.07
Jantzen Audio 000-5301,"Jantzen Audio 000-5301 | 4,7 mH | 0,31 Ω | 3% | 17 AWG",4.7,0.31,17.0,Air Core,https://www.soundimports.eu/en/jantzen-audio-000-5301.html,16.07
Jantzen Audio 000-1935,"Jantzen Audio 000-1935 | 4,7 mH | 2,19 Ω | 3% | 20 AWG",4.7,2.19,20.0,Air Core,https://www.soundimports.eu/en/jantzen-audio-000-1935.html,16.07
Intertechnik HQ43/4.7/095,"Intertechnik HQ43/4.7/095 | 4,7 mH | 0,46 Ω | 5% | 19 AWG",4.7,0.46,19.0,Air Core,https://www.soundimports.eu/en/it-intertechnik-hq43-4-7-095.html,17.73
Jantzen Audio 000-5119,"Jantzen Audio 000-5119 | 4,7 mH | 0,23 Ω | 3% | 15 AWG",4.7,0.23,15.0,Air Core,https://www.soundimports.eu/en/jantzen-audio-000-5119.html,19.38
Jantzen Audio 000-5043,"Jantzen Audio 000-5043 | 4,7 mH | 0,26 Ω | 3% | 15 AWG",4.7,0.26,15.0,Air Core,https://www.soundimports.eu/en/jantzen-audio-000-5043.html,19.38
Jantzen Audio 000-1240,"Jantzen Audio 000-1240 | 4,7 mH | 1,33 Ω | 3% | 18 AWG",4.7,1.33,18.0,Air Core,https://www.soundimports.eu/en/jantzen-audio-000-1240.html,20.21
"Mundorf VP100-4,7","Mundorf VP100-4,7 | 4,7 mH | 0,80 Ω | 3% | 18 AWG",4.7,0.8,18.0,Air Core,https://www.soundimports.eu/en/mundorf-vp100-47.html,23.1
Monacor LSI-47T,"Monacor LSI-47T | 4,7 mH | 0,14 Ω | 5% | 17 AWG",4.7,0.14,17.0,Air Core,https://www.soundimports.eu/en/monacor-lsi-47t.html,23.93
Jantzen Audio 000-5424,"Jantzen Audio 000-5424 | 4,7 mH | 0,2 Ω | 3% | 14 AWG",4.7,0.2,14.0,Air Core,https://www.soundimports.eu/en/jantzen-audio-000-5424.html,24.34
"Mundorf L100-4,70","Mundorf L100-4,70 | 4,70 mH | 1,22 Ω | 2% | 18 AWG",4.7,1.22,18.0,Air Core,https://www.soundimports.eu/en/mundorf-l100-470.html,24.75
Intertechnik LU55/4.70/071,"Intertechnik LU55/4.70/071 | 4,7 mH | 2,21 Ω | 3% | 21 AWG",4.7,2.21,21.0,Air Core,https://www.soundimports.eu/en/it-intertechnik-lu55-4-70-071.html,25.17
Jantzen Audio 000-1714,"Jantzen Audio 000-1714 | 4,7 mH | 0,97 Ω | 3% | 17 AWG",4.7,0.97,17.0,Air Core,https://www.soundimports.eu/en/jantzen-audio-000-1714.html,29.3
Intertechnik HQ58/4.7/140,"Intertechnik HQ58/4.7/140 | 4,7 mH | 0,19 Ω | 5% | 15 AWG",4.7,0.19,15.0,Air Core,https://www.soundimports.eu/en/it-intertechnik-hq58-4-7-140.html,34.67
Intertechnik DR56/4.7/118,"Intertechnik DR56/4.7/118 | 4,7 mH | 0,33 Ω | 5% | 17 AWG",4.7,0.33,17.0,Air Core,https://www.soundimports.eu/en/it-intertechnik-dr56-4-7-118.html,35.74
Jantzen Audio 000-1187,"Jantzen Audio 000-1187 | 4,7 mH | 0,76 Ω | 3% | 15 AWG",4.7,0.76,15.0,Air Core,https://www.soundimports.eu/en/jantzen-audio-000-1187.html,38.8
Intertechnik DR56/4.7/140,"Intertechnik DR56/4.7/140 | 4,7 mH | 0,229 Ω | 5% | 15 AWG",4.7,0.229,15.0,Air Core,https://www.soundimports.eu/en/it-intertechnik-dr56-4-7-140.html,39.05
Jantzen Audio 000-6225,"Jantzen Audio 000-6225 | 4,7 mH | 0,07 Ω | 5% | 14 AWG",4.7,0.07,14.0,Air Core,https://www.soundimports.eu/en/jantzen-audio-000-6225.html,50.79
Jantzen Audio 000-6245,"Jantzen Audio 000-6245 | 4,7 mH | 0,05 Ω | 5% | 12 AWG",4.7,0.05,12.0,Air Core,https://www.soundimports.eu/en/jantzen-audio-000-6245.html,55.33
Jantzen Audio 000-7948,"Jantzen Audio 000-7948 | 4,7 mH | 0,84 Ω | 2% | 16 AWG",4.7,0.84,16.0,Air Core,https://www.soundimports.eu/en/jantzen-audio-000-7948.html,55.33
Jantzen Audio 000-0037,"Jantzen Audio 000-0037 | 4,7 mH | 0,65 Ω | 3% | 14 AWG",4.7,0.65,14.0,Air Core,https://www.soundimports.eu/en/jantzen-audio-000-0037.html,55.74
Audyn CO92/4.7/140,"Audyn CO92/4.7/140 | 4,7 mH | 0,52 Ω | 5% | 15 AWG",4.7,0.52,15.0,Air Core,https://www.soundimports.eu/en/audyn-co92-4-7-140.html,56.57
Intertechnik LU92/4.7/140,"Intertechnik LU92/4.7/140 | 4,7 mH | 0,74 Ω | 3% | 15 AWG",4.7,0.74,15.0,Air Core,https://www.soundimports.eu/en/it-intertechnik-lu92-4-7-140.html,56.98
Jantzen Audio 000-8740,"Jantzen Audio 000-8740 | 4,7 mH | 0,92 Ω | 2% | 16 AWG",4.7,0.92,16.0,Air Core,https://www.soundimports.eu/en/jantzen-audio-000-8740.html,59.88
Intertechnik AT92/470/132,"Intertechnik AT92/470/132 | 4,7 mH | 0,81 Ω | 3% | 16 AWG",4.7,0.81,16.0,Air Core,https://www.soundimports.eu/en/it-intertechnik-at92-470-132.html,64.42
"Mundorf CFC16-4,70","Mundorf CFC16-4,70 | 4,70 mH | 0,93 Ω | 2% | 16,5 AWG",4.7,0.93,16.5,Air Core,https://www.soundimports.eu/en/mundorf-cfc16-470.html,74.34
Intertechnik TRI92/4.7/0.50,"Intertechnik TRI92/4.7/0.50 | 4,7 mH | 0,88 Ω | 1% | 7 x 24 AWG",4.7,0.88,7.0,Air Core,https://www.soundimports.eu/en/it-intertechnik-tri92-4-7-0-50.html,86.74
"Mundorf CFC14-4,70","Mundorf CFC14-4,70 | 4,70 mH | 0,62 Ω | 2% | 14 AWG",4.7,0.62,14.0,Air Core,https://www.soundimports.eu/en/mundorf-cfc14-470.html,115.66
Intertechnik LU120/4.7/20,"Intertechnik LU120/4.7/20 | 4,7 mH | 0,43 Ω | 3% | 12 AWG",4.7,0.43,12.0,Air Core,https://www.soundimports.eu/en/it-intertechnik-lu120-4-7-20.html,126.41
Jantzen Audio 000-7125,"Jantzen Audio 000-7125 | 4,7 mH | 0,47 Ω | 2% | 12 AWG",4.7,0.47,12.0,Air Core,https://www.soundimports.eu/en/jantzen-audio-000-7125.html,137.98
Intertechnik TRI120/4.7/0.80,"Intertechnik TRI120/4.7/0.80 | 4,7 mH | 0,43 Ω | 1% | 7 x 20 AWG",4.7,0.43,7.0,Air Core,https://www.soundimports.eu/en/it-intertechnik-tri120-4-7-0-80.html,214.83
Jantzen Audio 000-1258,"Jantzen Audio 000-1258 | 5 mH | 10,15 Ω | 3% | 29 AWG",5.0,10.15,29.0,Air Core,https://www.soundimports.eu/en/jantzen-audio-000-1258.html,5.33
Jantzen Audio 000-2322,"Jantzen Audio 000-2322 | 5,0 mH | 1,10 Ω | 3% | 20 AWG",5.0,1.1,20.0,Air Core,https://www.soundimports.eu/en/jantzen-audio-000-2322.html,10.29
Jantzen Audio 000-1938,"Jantzen Audio 000-1938 | 5,0 mH | 2,45 Ω | 3% | 21 AWG",5.0,2.45,21.0,Air Core,https://www.soundimports.eu/en/jantzen-audio-000-1938.html,11.94
Jantzen Audio 000-1982,"Jantzen Audio 000-1982 | 5 mH | 1,92 Ω | 3% | 20 AWG",5.0,1.92,20.0,Air Core,https://www.soundimports.eu/en/jantzen-audio-000-1982.html,14.83
Dayton Audio IC185,Dayton Audio IC185 | 5.0 mH | 0.49 Ω | 3% | 18 AWG,5.0,0.49,18.0,Air Core,https://www.soundimports.eu/en/dayton-audio-ic185.html,15.66
Jantzen Audio 000-5464,"Jantzen Audio 000-5464 | 5 mH | 0,36 Ω | 3% | 17 AWG",5.0,0.36,17.0,Air Core,https://www.soundimports.eu/en/jantzen-audio-000-5464.html,16.07
Jantzen Audio 000-5164,"Jantzen Audio 000-5164 | 5,0 mH | 0,24 Ω | 3% | 15 AWG",5.0,0.24,15.0,Air Core,https://www.soundimports.eu/en/jantzen-audio-000-5164.html,19.38
Jantzen Audio 000-1892,"Jantzen Audio 000-1892 | 5 mH | 1,36 Ω | 3% | 18 AWG",5.0,1.36,18.0,Air Core,https://www.soundimports.eu/en/jantzen-audio-000-1892.html,19.38
Dayton Audio LW185,Dayton Audio LW185 | 5.0 mH | 1.33 Ω | 3% | 18 AWG,5.0,1.33,18.0,Air Core,https://www.soundimports.eu/en/dayton-audio-lw185.html,23.93
Jantzen Audio 000-6260,"Jantzen Audio 000-6260 | 5,0 mH | 0,10 Ω | 5% | 15 AWG",5.0,0.1,15.0,Air Core,https://www.soundimports.eu/en/jantzen-audio-000-6260.html,36.74
Jantzen Audio 000-6265,"Jantzen Audio 000-6265 | 5,0 mH | 0,07 Ω | 5% | 13 AWG",5.0,0.07,13.0,Air Core,https://www.soundimports.eu/en/jantzen-audio-000-6265.html,54.92
Jantzen Audio 000-7953,"Jantzen Audio 000-7953 | 5,0 mH | 0,94 Ω | 2% | 16 AWG",5.0,0.94,16.0,Air Core,https://www.soundimports.eu/en/jantzen-audio-000-7953.html,59.88
Jantzen Audio 000-0138,"Jantzen Audio 000-0138 | 5,0 mH | 0,54 Ω | 3% | 13 AWG",5.0,0.54,13.0,Air Core,https://www.soundimports.eu/en/jantzen-audio-000-0138.html,71.86
Jantzen Audio 000-8473,"Jantzen Audio 000-8473 | 5,0 mH | 0,67 Ω | 2% | 14 AWG",5.0,0.67,14.0,Air Core,https://www.soundimports.eu/en/jantzen-audio-000-8473.html,93.35
Jantzen Audio 000-0937,"Jantzen Audio 000-0937 | 5,1 mH | 1,01 Ω | 3% | 17 AWG",5.1,1.01,17.0,Air Core,https://www.soundimports.eu/en/jantzen-audio-000-0937.html,30.12
Jantzen Audio 000-5338,"Jantzen Audio 000-5338 | 5,2 mH | 0,44 Ω | 3% | 18 AWG",5.2,0.44,18.0,Air Core,https://www.soundimports.eu/en/jantzen-audio-000-5338.html,12.77
Jantzen Audio 000-5159,"Jantzen Audio 000-5159 | 5,2 mH | 0,34 Ω | 3% | 17 AWG",5.2,0.34,17.0,Air Core,https://www.soundimports.eu/en/jantzen-audio-000-5159.html,16.07
Jantzen Audio 000-5423,"Jantzen Audio 000-5423 | 5,2 mH | 0,22 Ω | 3% | 14 AWG",5.2,0.22,14.0,Air Core,https://www.soundimports.eu/en/jantzen-audio-000-5423.html,25.17
Jantzen Audio 000-6275,"Jantzen Audio 000-6275 | 5,2 mH | 0,07 Ω | 5% | 13 AWG",5.2,0.07,13.0,Air Core,https://www.soundimports.eu/en/jantzen-audio-000-6275.html,55.74
Jantzen Audio 000-8475,"Jantzen Audio 000-8475 | 5,2 mH | 0,67 Ω | 2% | 14 AWG",5.2,0.67,14.0,Air Core,https://www.soundimports.eu/en/jantzen-audio-000-8475.html,94.59
Jantzen Audio 000-8215,"Jantzen Audio 000-8215 | 5,2 mH | 0,50 Ω | 2% | 12 AWG",5.2,0.5,12.0,Air Core,https://www.soundimports.eu/en/jantzen-audio-000-8215.html,154.92
Jantzen Audio 000-2323,"Jantzen Audio 000-2323 | 5,3 mH | 1,15 Ω | 3% | 20 AWG",5.3,1.15,20.0,Air Core,https://www.soundimports.eu/en/jantzen-audio-000-2323.html,10.29
Jantzen Audio 000-0805,"Jantzen Audio 000-0805 | 5,4 mH | 1,33 Ω | 3% | 18 AWG",5.4,1.33,18.0,Air Core,https://www.soundimports.eu/en/jantzen-audio-000-0805.html,21.03
Jantzen Audio 000-5168,"Jantzen Audio 000-5168 | 5,5 mH | 0,62 Ω | 3% | 20 AWG",5.5,0.62,20.0,Air Core,https://www.soundimports.eu/en/jantzen-audio-000-5168.html,9.05
Jantzen Audio 000-5107,"Jantzen Audio 000-5107 | 5,5 mH | 0,445 Ω | 3% | 18 AWG",5.5,0.445,18.0,Air Core,https://www.soundimports.eu/en/jantzen-audio-000-5107.html,13.18
Dayton Audio IC185-5,Dayton Audio IC185-5 | 5.5 mH | 0.50 Ω | 3% | 18 AWG,5.5,0.5,18.0,Air Core,https://www.soundimports.eu/en/dayton-audio-ic185-5.html,18.55
Dayton Audio LW185-5,Dayton Audio LW185-5 | 5.5 mH | 1.47 Ω | 3% | 18 AWG,5.5,1.47,18.0,Air Core,https://www.soundimports.eu/en/dayton-audio-lw185-5.html,26.82
Jantzen Audio 000-2255,"Jantzen Audio 000-2255 | 5,6 mH | 1,94 Ω | 3% | 24 AWG",5.6,1.94,24.0,Air Core,https://www.soundimports.eu/en/jantzen-audio-000-2255.html,6.16
Intertechnik HQR32/5.6/50,"Intertechnik HQR32/5.6/50 | 5,6 mH | 2,56 Ω | 5% | 24 AWG",5.6,2.56,24.0,Air Core,https://www.soundimports.eu/en/it-intertechnik-hqr32-5-6-50.html,7.64
Jantzen Audio 000-5048,"Jantzen Audio 000-5048 | 5,6 mH | 0,85 Ω | 3% | 21 AWG",5.6,0.85,21.0,Air Core,https://www.soundimports.eu/en/jantzen-audio-000-5048.html,7.81
Jantzen Audio 000-1611,"Jantzen Audio 000-1611 | 5,6 mH | 4,74 Ω | 3% | 24 AWG",5.6,4.74,24.0,Air Core,https://www.soundimports.eu/en/jantzen-audio-000-1611.html,7.81
"Mundorf P50-5,6","Mundorf P50-5,6 | 5,6 mH | 2,29 Ω | 3% | 24 AWG",5.6,2.29,24.0,Air Core,https://www.soundimports.eu/en/mundorf-p50-56.html,9.05
Jantzen Audio 000-5047,"Jantzen Audio 000-5047 | 5,6 mH | 0,63 Ω | 3% | 20 AWG",5.6,0.63,20.0,Air Core,https://www.soundimports.eu/en/jantzen-audio-000-5047.html,9.46
Jantzen Audio 000-2034,"Jantzen Audio 000-2034 | 5,6 mH | 1 Ω | 3% | 20 AWG",5.6,1.0,20.0,Air Core,https://www.soundimports.eu/en/jantzen-audio-000-2034.html,9.88
Jantzen Audio 000-1653,"Jantzen Audio 000-1653 | 5,6 mH | 2,65 Ω | 3% | 21 AWG",5.6,2.65,21.0,Air Core,https://www.soundimports.eu/en/jantzen-audio-000-1653.html,12.36
Jantzen Audio 000-5250,"Jantzen Audio 000-5250 | 5,6 mH | 0,40 Ω | 3% | 18 AWG",5.6,0.4,18.0,Air Core,https://www.soundimports.eu/en/jantzen-audio-000-5250.html,13.6
Jantzen Audio 000-5254,"Jantzen Audio 000-5254 | 5,6 mH | 0,51 Ω | 3% | 18 AWG",5.6,0.51,18.0,Air Core,https://www.soundimports.eu/en/jantzen-audio-000-5254.html,13.6
Jantzen Audio 000-1652,"Jantzen Audio 000-1652 | 5,6 mH | 2,10 Ω | 3% | 20 AWG",5.6,2.1,20.0,Air Core,https://www.soundimports.eu/en/jantzen-audio-000-1652.html,15.25
Intertechnik HQ43/5.6/095,"Intertechnik HQ43/5.6/095 | 5,6 mH | 0,51 Ω | 5% | 19 AWG",5.6,0.51,19.0,Air Core,https://www.soundimports.eu/en/it-intertechnik-hq43-5-6-095.html,18.14
Jantzen Audio 000-5176,"Jantzen Audio 000-5176 | 5,6 mH | 0,25 Ω | 3% | 15 AWG",5.6,0.25,15.0,Air Core,https://www.soundimports.eu/en/jantzen-audio-000-5176.html,20.21
Jantzen Audio 000-1538,"Jantzen Audio 000-1538 | 5,6 mH | 1,40 Ω | 3% | 18 AWG",5.6,1.4,18.0,Air Core,https://www.soundimports.eu/en/jantzen-audio-000-1538.html,21.03
"Mundorf L100-5,60","Mundorf L100-5,60 | 5,60 mH | 1,35 Ω | 2% | 18 AWG",5.6,1.35,18.0,Air Core,https://www.soundimports.eu/en/mundorf-l100-560.html,27.23
Monacor LSI-56T,"Monacor LSI-56T | 5,6 mH | 0,15 Ω | 5% | 17 AWG",5.6,0.15,17.0,Air Core,https://www.soundimports.eu/en/monacor-lsi-56t.html,28.88
Intertechnik LU55/5.60/071,"Intertechnik LU55/5.60/071 | 5,6 mH | 2,47 Ω | 3% | 21 AWG",5.6,2.47,21.0,Air Core,https://www.soundimports.eu/en/it-intertechnik-lu55-5-60-071.html,28.88
Jantzen Audio 000-6285,"Jantzen Audio 000-6285 | 5,6 mH | 0,11 Ω | 5% | 15 AWG",5.6,0.11,15.0,Air Core,https://www.soundimports.eu/en/jantzen-audio-000-6285.html,34.67
Intertechnik DR56/5.6/118,"Intertechnik DR56/5.6/118 | 5,6 mH | 0,37 Ω | 5% | 17 AWG",5.6,0.37,17.0,Air Core,https://www.soundimports.eu/en/it-intertechnik-dr56-5-6-118.html,35.5
Intertechnik HQ58/5.6/140,"Intertechnik HQ58/5.6/140 | 5,6 mH | 0,22 Ω | 5% | 15 AWG",5.6,0.22,15.0,Air Core,https://www.soundimports.eu/en/it-intertechnik-hq58-5-6-140.html,35.91
Jantzen Audio 000-1546,"Jantzen Audio 000-1546 | 5,6 mH | 0,87 Ω | 3% | 15 AWG",5.6,0.87,15.0,Air Core,https://www.soundimports.eu/en/jantzen-audio-000-1546.html,45.0
Intertechnik DR56/5.6/140,"Intertechnik DR56/5.6/140 | 5,6 mH | 0,256 Ω | 5% | 15 AWG",5.6,0.256,15.0,Air Core,https://www.soundimports.eu/en/it-intertechnik-dr56-5-6-140.html,46.24
Jantzen Audio 000-6295,"Jantzen Audio 000-6295 | 5,6 mH | 0,09 Ω | 5% | 14 AWG",5.6,0.09,14.0,Air Core,https://www.soundimports.eu/en/jantzen-audio-000-6295.html,51.61
Jantzen Audio 000-L-0560,"Jantzen Audio 000-L-0560 | 5,6 mH | 1,05 Ω | 3% | 15 AWG",5.6,1.05,15.0,Air Core,https://www.soundimports.eu/en/jantzen-audio-000-l-0560.html,57.81
Audyn CO92/5.6/140,"Audyn CO92/5.6/140 | 5,6 mH | 0,56 Ω | 5% | 15 AWG",5.6,0.56,15.0,Air Core,https://www.soundimports.eu/en/audyn-co92-5-6-140.html,59.88
Jantzen Audio 000-0038,"Jantzen Audio 000-0038 | 5,6 mH | 0,70 Ω | 3% | 14 AWG",5.6,0.7,14.0,Air Core,https://www.soundimports.eu/en/jantzen-audio-000-0038.html,59.88
Intertechnik LU92/5.6/140,"Intertechnik LU92/5.6/140 | 5,6 mH | 0,83 Ω | 3% | 15 AWG",5.6,0.83,15.0,Air Core,https://www.soundimports.eu/en/it-intertechnik-lu92-5-6-140.html,61.94
Jantzen Audio 000-8755,"Jantzen Audio 000-8755 | 5,6 mH | 0,98 Ω | 2% | 16 AWG",5.6,0.98,16.0,Air Core,https://www.soundimports.eu/en/jantzen-audio-000-8755.html,71.45
"Mundorf CFC16-5,60","Mundorf CFC16-5,60 | 5,60 mH | 1,05 Ω | 2% | 16,5 AWG",5.6,1.05,16.5,Air Core,https://www.soundimports.eu/en/mundorf-cfc16-560.html,82.6
Intertechnik TRI120/5.60/0.50,"Intertechnik TRI120/5.60/0.50 | 5,6 mH | 0,99 Ω | 1% | 7 x 24 AWG",5.6,0.99,7.0,Air Core,https://www.soundimports.eu/en/it-intertechnik-tri120-5-60-0-50.html,89.63
Jantzen Audio 000-8485,"Jantzen Audio 000-8485 | 5,6 mH | 0,7 Ω | 2% | 14 AWG",5.6,0.7,14.0,Air Core,https://www.soundimports.eu/en/jantzen-audio-000-8485.html,106.16
"Mundorf CFC14-5,60","Mundorf CFC14-5,60 | 5,60 mH | 0,68 Ω | 2% | 14 AWG",5.6,0.68,14.0,Air Core,https://www.soundimports.eu/en/mundorf-cfc14-560.html,123.93
Intertechnik LU120/5.6/20,"Intertechnik LU120/5.6/20 | 5,6 mH | 0,47 Ω | 3% | 12 AWG",5.6,0.47,12.0,Air Core,https://www.soundimports.eu/en/it-intertechnik-lu120-5-6-20.html,140.45
Jantzen Audio 000-8225,"Jantzen Audio 000-8225 | 5,6 mH | 0,52 Ω | 2% | 12 AWG",5.6,0.52,12.0,Air Core,https://www.soundimports.eu/en/jantzen-audio-000-8225.html,156.98
Jantzen Audio 000-7135,"Jantzen Audio 000-7135 | 5,6 mH | 0,47 Ω | 2% | 12 AWG",5.6,0.47,12.0,Air Core,https://www.soundimports.eu/en/jantzen-audio-000-7135.html,161.12
Intertechnik TRI/120/5.60/0.60,"Intertechnik TRI/120/5.60/0.60 | 5,6 mH | 0,71 Ω | 1% | 7 x 23 AWG",5.6,0.71,7.0,Air Core,https://www.soundimports.eu/en/it-intertechnik-tri-120-5-60-0-60.html,165.25
Intertechnik TRI120/5.60/0.80,"Intertechnik TRI120/5.60/0.80 | 5,6 mH | 0,49 Ω | 1% | 7 x 20 AWG",5.6,0.49,7.0,Air Core,https://www.soundimports.eu/en/it-intertechnik-tri120-5-60-0-80.html,223.1
Jantzen Audio 000-5830,"Jantzen Audio 000-5830 | 5,7 mH | 0,48 Ω | 3% | 18 AWG",5.7,0.48,18.0,Air Core,https://www.soundimports.eu/en/jantzen-audio-000-5830.html,13.18
Jantzen Audio 000-1348,"Jantzen Audio 000-1348 | 6,0 mH | 11,1 Ω | 3% | 29 AWG",6.0,11.1,29.0,Air Core,https://www.soundimports.eu/en/jantzen-audio-000-1348.html,5.33
Jantzen Audio 000-1934,"Jantzen Audio 000-1934 | 6,0 mH | 7,64 Ω | 3% | 26 AWG",6.0,7.64,26.0,Air Core,https://www.soundimports.eu/en/jantzen-audio-000-1934.html,7.81
Jantzen Audio 000-5304,"Jantzen Audio 000-5304 | 6,0 mH | 0,80 Ω | 3% | 21 AWG",6.0,0.8,21.0,Air Core,https://www.soundimports.eu/en/jantzen-audio-000-5304.html,8.64
Jantzen Audio 000-5071,"Jantzen Audio 000-5071 | 6,0 mH | 0,65 Ω | 3% | 20 AWG",6.0,0.65,20.0,Air Core,https://www.soundimports.eu/en/jantzen-audio-000-5071.html,9.46
Jantzen Audio 000-2111,"Jantzen Audio 000-2111 | 6 mH | 0,61 Ω | 3% | 18 AWG",6.0,0.61,18.0,Air Core,https://www.soundimports.eu/en/jantzen-audio-000-2111.html,11.94
Jantzen Audio 000-5029,"Jantzen Audio 000-5029 | 6,0 mH | 0,37 Ω | 3% | 17 AWG",6.0,0.37,17.0,Air Core,https://www.soundimports.eu/en/jantzen-audio-000-5029.html,16.07
Dayton Audio IC186,Dayton Audio IC186 | 6.0 mH | 0.55 Ω | 3% | 18 AWG,6.0,0.55,18.0,Air Core,https://www.soundimports.eu/en/dayton-audio-ic186.html,19.38
Jantzen Audio 000-5163,"Jantzen Audio 000-5163 | 6,0 mH | 0,27 Ω | 3% | 15 AWG",6.0,0.27,15.0,Air Core,https://www.soundimports.eu/en/jantzen-audio-000-5163.html,20.62
Jantzen Audio 000-1958,"Jantzen Audio 000-1958 | 6,0 mH | 1,45 Ω | 3% | 18 AWG",6.0,1.45,18.0,Air Core,https://www.soundimports.eu/en/jantzen-audio-000-1958.html,22.69
Dayton Audio LW186,Dayton Audio LW186 | 6.0 mH | 1.48 Ω | 3% | 18 AWG,6.0,1.48,18.0,Air Core,https://www.soundimports.eu/en/dayton-audio-lw186.html,26.82
Jantzen Audio 000-6315,"Jantzen Audio 000-6315 | 6 mH | 0,12 Ω | 5% | 15 AWG",6.0,0.12,15.0,Air Core,https://www.soundimports.eu/en/jantzen-audio-000-6315.html,35.08
Jantzen Audio 000-1329,"Jantzen Audio 000-1329 | 6,2 mH | 2,74 Ω | 3% | 21 AWG",6.2,2.74,21.0,Air Core,https://www.soundimports.eu/en/jantzen-audio-000-1329.html,12.77
Jantzen Audio 000-5378,"Jantzen Audio 000-5378 | 6,2 mH | 0,49 Ω | 3% | 18 AWG",6.2,0.49,18.0,Air Core,https://www.soundimports.eu/en/jantzen-audio-000-5378.html,13.6
Jantzen Audio 000-6320,"Jantzen Audio 000-6320 | 6,2 mH | 0,09 Ω | 5% | 14 AWG",6.2,0.09,14.0,Air Core,https://www.soundimports.eu/en/jantzen-audio-000-6320.html,51.2
Jantzen Audio 000-0039,"Jantzen Audio 000-0039 | 6,2 mH | 0,75 Ω | 3% | 14 AWG",6.2,0.75,14.0,Air Core,https://www.soundimports.eu/en/jantzen-audio-000-0039.html,63.18
Jantzen Audio 000-8765,"Jantzen Audio 000-8765 | 6,2 mH | 1,16 Ω | 2% | 16 AWG",6.2,1.16,16.0,Air Core,https://www.soundimports.eu/en/jantzen-audio-000-8765.html,74.34
Jantzen Audio 000-1347,"Jantzen Audio 000-1347 | 6,4 mH | 11,6 Ω | 3% | 29 AWG",6.4,11.6,29.0,Air Core,https://www.soundimports.eu/en/jantzen-audio-000-1347.html,6.16
Jantzen Audio 000-1768,"Jantzen Audio 000-1768 | 6,4 mH | 1,54 Ω | 3% | 18 AWG",6.4,1.54,18.0,Air Core,https://www.soundimports.eu/en/jantzen-audio-000-1768.html,22.69
Jantzen Audio 000-5195,"Jantzen Audio 000-5195 | 6,5 mH | 0,85 Ω | 3% | 20 AWG",6.5,0.85,20.0,Air Core,https://www.soundimports.eu/en/jantzen-audio-000-5195.html,11.12
Jantzen Audio 000-5505,"Jantzen Audio 000-5505 | 6,5 mH | 0,29 Ω | 3% | 15 AWG",6.5,0.29,15.0,Air Core,https://www.soundimports.eu/en/jantzen-audio-000-5505.html,21.45
Jantzen Audio 000-5413,"Jantzen Audio 000-5413 | 6,6 mH | 0,29 Ω | 3% | 15 AWG",6.6,0.29,15.0,Air Core,https://www.soundimports.eu/en/jantzen-audio-000-5413.html,21.03
Jantzen Audio 000-6350,"Jantzen Audio 000-6350 | 6,6 mH | 0,10 Ω | 5% | 14 AWG",6.6,0.1,14.0,Air Core,https://www.soundimports.eu/en/jantzen-audio-000-6350.html,52.02
Jantzen Audio 000-7203,"Jantzen Audio 000-7203 | 6,6 mH | 0,56 Ω | 2% | 12 AWG",6.6,0.56,12.0,Air Core,https://www.soundimports.eu/en/jantzen-audio-000-7203.html,165.25
Jantzen Audio 000-2254,"Jantzen Audio 000-2254 | 6,8 mH | 2,1 Ω | 3% | 24 AWG",6.8,2.1,24.0,Air Core,https://www.soundimports.eu/en/jantzen-audio-000-2254.html,6.16
Jantzen Audio 000-5307,"Jantzen Audio 000-5307 | 6,8 mH | 1,66 Ω | 3% | 24 AWG",6.8,1.66,24.0,Air Core,https://www.soundimports.eu/en/jantzen-audio-000-5307.html,6.57
Jantzen Audio 000-5533,"Jantzen Audio 000-5533 | 6,8 mH | 0,90 Ω | 3% | 21 AWG",6.8,0.9,21.0,Air Core,https://www.soundimports.eu/en/jantzen-audio-000-5533.html,8.64
Jantzen Audio 000-1609,"Jantzen Audio 000-1609 | 6,8 mH | 5,28 Ω | 3% | 24 AWG",6.8,5.28,24.0,Air Core,https://www.soundimports.eu/en/jantzen-audio-000-1609.html,8.64
Jantzen Audio 000-5308,"Jantzen Audio 000-5308 | 6,8 mH | 0,87 Ω | 3% | 21 AWG",6.8,0.87,21.0,Air Core,https://www.soundimports.eu/en/jantzen-audio-000-5308.html,8.64
Jantzen Audio 000-2480,"Jantzen Audio 000-2480 | 6,8 mH | 1,35 Ω | 3% | 21 AWG",6.8,1.35,21.0,Air Core,https://www.soundimports.eu/en/jantzen-audio-000-2480.html,9.05
Jantzen Audio 000-5098,"Jantzen Audio 000-5098 | 6,8 mH | 0,70 Ω | 3% | 20 AWG",6.8,0.7,20.0,Air Core,https://www.soundimports.eu/en/jantzen-audio-000-5098.html,9.46
"Mundorf P50-6,8","Mundorf P50-6,8 | 6,8 mH | 2,63 Ω | 3% | 24 AWG",6.8,2.63,24.0,Air Core,https://www.soundimports.eu/en/mundorf-p50-68.html,9.46
Jantzen Audio 000-5040,"Jantzen Audio 000-5040 | 6,8 mH | 0,85 Ω | 3% | 20 AWG",6.8,0.85,20.0,Air Core,https://www.soundimports.eu/en/jantzen-audio-000-5040.html,11.12
Jantzen Audio 000-2398,"Jantzen Audio 000-2398 | 6,8 mH | 1,16 Ω | 3% | 20 AWG",6.8,1.16,20.0,Air Core,https://www.soundimports.eu/en/jantzen-audio-000-2398.html,11.12
Jantzen Audio 000-2040,"Jantzen Audio 000-2040 | 6,8 mH | 0,85 Ω | 3% | 18 AWG",6.8,0.85,18.0,Air Core,https://www.soundimports.eu/en/jantzen-audio-000-2040.html,15.25
Jantzen Audio 000-1706,"Jantzen Audio 000-1706 | 6,8 mH | 2,33 Ω | 3% | 20 AWG",6.8,2.33,20.0,Air Core,https://www.soundimports.eu/en/jantzen-audio-000-1706.html,16.07
Intertechnik CO44/6.8/060,"Intertechnik CO44/6.8/060 | 6,8 mH | 2,02 Ω | 5% | 23 AWG",6.8,2.02,23.0,Air Core,https://www.soundimports.eu/en/it-intertechnik-co44-6-8-060.html,16.9
Jantzen Audio 000-5210,"Jantzen Audio 000-5210 | 6,8 mH | 0,35 Ω | 3% | 17 AWG",6.8,0.35,17.0,Air Core,https://www.soundimports.eu/en/jantzen-audio-000-5210.html,17.73
Jantzen Audio 000-5305,"Jantzen Audio 000-5305 | 6,8 mH | 0,40 Ω | 3% | 17 AWG",6.8,0.4,17.0,Air Core,https://www.soundimports.eu/en/jantzen-audio-000-5305.html,17.73
Intertechnik HQ43/6.8/095,"Intertechnik HQ43/6.8/095 | 6,8 mH | 0,59 Ω | 5% | 19 AWG",6.8,0.59,19.0,Air Core,https://www.soundimports.eu/en/it-intertechnik-hq43-6-8-095.html,19.38
Jantzen Audio 000-5173,"Jantzen Audio 000-5173 | 6,8 mH | 0,29 Ω | 3% | 15 AWG",6.8,0.29,15.0,Air Core,https://www.soundimports.eu/en/jantzen-audio-000-5173.html,22.27
Jantzen Audio 000-1707,"Jantzen Audio 000-1707 | 6,8 mH | 1,59 Ω | 3% | 18 AWG",6.8,1.59,18.0,Air Core,https://www.soundimports.eu/en/jantzen-audio-000-1707.html,23.1
Monacor LSI-68T,"Monacor LSI-68T | 6,8 mH | 0,16 Ω | 5% | 17 AWG",6.8,0.16,17.0,Air Core,https://www.soundimports.eu/en/monacor-lsi-68t.html,27.23
Jantzen Audio 000-5601,"Jantzen Audio 000-5601 | 6,8 mH | 0,23 Ω | 3% | 14 AWG",6.8,0.23,14.0,Air Core,https://www.soundimports.eu/en/jantzen-audio-000-5601.html,27.64
"Mundorf L100-6,80","Mundorf L100-6,80 | 6,80 mH | 1,56 Ω | 2% | 18 AWG",6.8,1.56,18.0,Air Core,https://www.soundimports.eu/en/mundorf-l100-680.html,29.71
Intertechnik LU55/6.80/071,"Intertechnik LU55/6.80/071 | 6,8 mH | 2,73 Ω | 3% | 21 AWG",6.8,2.73,21.0,Air Core,https://www.soundimports.eu/en/it-intertechnik-lu55-6-80-071.html,32.6
Jantzen Audio 000-6355,"Jantzen Audio 000-6355 | 6,8 mH | 0,17 Ω | 5% | 17 AWG",6.8,0.17,17.0,Air Core,https://www.soundimports.eu/en/jantzen-audio-000-6355.html,35.08
Jantzen Audio 000-6360,"Jantzen Audio 000-6360 | 6,8 mH | 0,12 Ω | 5% | 15 AWG",6.8,0.12,15.0,Air Core,https://www.soundimports.eu/en/jantzen-audio-000-6360.html,35.91
Intertechnik HQ58/6.8/132,"Intertechnik HQ58/6.8/132 | 6,8 mH | 0,26 Ω | 5% | 16 AWG",6.8,0.26,16.0,Air Core,https://www.soundimports.eu/en/it-intertechnik-hq58-6-8-132.html,37.15
Intertechnik DR56/6.8/118,"Intertechnik DR56/6.8/118 | 6,8 mH | 0,42 Ω | 5% | 17 AWG",6.8,0.42,17.0,Air Core,https://www.soundimports.eu/en/it-intertechnik-dr56-6-8-118.html,37.4
Intertechnik DR56/6.8/140,"Intertechnik DR56/6.8/140 | 6,8 mH | 0,285 Ω | 5% | 15 AWG",6.8,0.285,15.0,Air Core,https://www.soundimports.eu/en/it-intertechnik-dr56-6-8-140.html,48.14
Jantzen Audio 000-1547,"Jantzen Audio 000-1547 | 6,8 mH | 0,94 Ω | 3% | 15 AWG",6.8,0.94,15.0,Air Core,https://www.soundimports.eu/en/jantzen-audio-000-1547.html,49.96
Jantzen Audio 000-6370,"Jantzen Audio 000-6370 | 6,8 mH | 0,10 Ω | 5% | 14 AWG",6.8,0.1,14.0,Air Core,https://www.soundimports.eu/en/jantzen-audio-000-6370.html,52.07
Audyn CO92/6.8/140,"Audyn CO92/6.8/140 | 6,8 mH | 0,66 Ω | 5% | 15 AWG",6.8,0.66,15.0,Air Core,https://www.soundimports.eu/en/audyn-co92-6-8-140.html,64.83
Jantzen Audio 000-0040,"Jantzen Audio 000-0040 | 6,8 mH | 0,78 Ω | 3% | 14 AWG",6.8,0.78,14.0,Air Core,https://www.soundimports.eu/en/jantzen-audio-000-0040.html,66.49
Intertechnik LU92/6.8/140,"Intertechnik LU92/6.8/140 | 6,8 mH | 0,93 Ω | 3% | 15 AWG",6.8,0.93,15.0,Air Core,https://www.soundimports.eu/en/it-intertechnik-lu92-6-8-140.html,67.73
Jantzen Audio 000-6390,"Jantzen Audio 000-6390 | 6,8 mH | 0,07 Ω | 5% | 12 AWG",6.8,0.07,12.0,Air Core,https://www.soundimports.eu/en/jantzen-audio-000-6390.html,74.75
"Mundorf CFC16-6,80","Mundorf CFC16-6,80 | 6,80 mH | 1,18 Ω | 2% | 16,5 AWG",6.8,1.18,16.5,Air Core,https://www.soundimports.eu/en/mundorf-cfc16-680.html,90.87
Intertechnik TRI120/6.80/0.50,"Intertechnik TRI120/6.80/0.50 | 6,8 mH | 1,11 Ω | 1% | 7 x 24 AWG",6.8,1.11,7.0,Air Core,https://www.soundimports.eu/en/it-intertechnik-tri120-6-80-0-50.html,90.87
Jantzen Audio 000-7554,"Jantzen Audio 000-7554 | 6,8 mH | 0,77 Ω | 2% | 14 AWG",6.8,0.77,14.0,Air Core,https://www.soundimports.eu/en/jantzen-audio-000-7554.html,102.85
"Mundorf CFC14-6,80","Mundorf CFC14-6,80 | 6,80 mH | 0,78 Ω | 2% | 14 AWG",6.8,0.78,14.0,Air Core,https://www.soundimports.eu/en/mundorf-cfc14-680.html,140.45
Intertechnik LU120/6.8/20,"Intertechnik LU120/6.8/20 | 6,8 mH | 0,53 Ω | 3% | 12 AWG",6.8,0.53,12.0,Air Core,https://www.soundimports.eu/en/it-intertechnik-lu120-6-8-20.html,154.5
Jantzen Audio 000-8245,"Jantzen Audio 000-8245 | 6,8 mH | 0,58 Ω | 2% | 12 AWG",6.8,0.58,12.0,Air Core,https://www.soundimports.eu/en/jantzen-audio-000-8245.html,173.51
Intertechnik TRI/120/6.80/0.60,"Intertechnik TRI/120/6.80/0.60 | 6,8 mH | 0,79 Ω | 1% | 7 x 23 AWG",6.8,0.79,7.0,Air Core,https://www.soundimports.eu/en/it-intertechnik-tri-120-6-80-0-60.html,190.04
Jantzen Audio 000-9680,"Jantzen Audio 000-9680 | 6,8 mH | 0,24 Ω | 2% | 8 AWG",6.8,0.24,8.0,Air Core,https://www.soundimports.eu/en/jantzen-audio-000-9680.html,520.62
Jantzen Audio 000-2030,"Jantzen Audio 000-2030 | 7,0 mH | 1,15 Ω | 3% | 20 AWG",7.0,1.15,20.0,Air Core,https://www.soundimports.eu/en/jantzen-audio-000-2030.html,10.7
Dayton Audio IC187,Dayton Audio IC187 | 7.0 mH | 0.61 Ω | 3% | 18 AWG,7.0,0.61,18.0,Air Core,https://www.soundimports.eu/en/dayton-audio-ic187.html,20.21
Jantzen Audio 000-5379,"Jantzen Audio 000-5379 | 7,0 mH | 0,30 Ω | 3% | 15 AWG",7.0,0.3,15.0,Air Core,https://www.soundimports.eu/en/jantzen-audio-000-5379.html,21.86
Jantzen Audio 000-1959,"Jantzen Audio 000-1959 | 7,0 mH | 1,60 Ω | 3% | 18 AWG",7.0,1.6,18.0,Air Core,https://www.soundimports.eu/en/jantzen-audio-000-1959.html,24.34
Dayton Audio LW187,Dayton Audio LW187 | 7.0 mH | 1.62 Ω | 3% | 18 AWG,7.0,1.62,18.0,Air Core,https://www.soundimports.eu/en/dayton-audio-lw187.html,29.3
Jantzen Audio 000-1506,"Jantzen Audio 000-1506 | 7 mH | 1,04 Ω | 3% | 15 AWG",7.0,1.04,15.0,Air Core,https://www.soundimports.eu/en/jantzen-audio-000-1506.html,49.13
Jantzen Audio 000-5028,"Jantzen Audio 000-5028 | 7,4 mH | 0,79 Ω | 3% | 20 AWG",7.4,0.79,20.0,Air Core,https://www.soundimports.eu/en/jantzen-audio-000-5028.html,9.88
Jantzen Audio 000-5472,"Jantzen Audio 000-5472 | 7,4 mH | 0,31 Ω | 3% | 15 AWG",7.4,0.31,15.0,Air Core,https://www.soundimports.eu/en/jantzen-audio-000-5472.html,21.86
Jantzen Audio 000-2037,"Jantzen Audio 000-2037 | 7,5 mH | 0,90 Ω | 3% | 18 AWG",7.5,0.9,18.0,Air Core,https://www.soundimports.eu/en/jantzen-audio-000-2037.html,16.07
Jantzen Audio 000-2103,"Jantzen Audio 000-2103 | 7,7 mH | 0,94 Ω | 3% | 18 AWG",7.7,0.94,18.0,Air Core,https://www.soundimports.eu/en/jantzen-audio-000-2103.html,16.9
Jantzen Audio 000-5823,"Jantzen Audio 000-5823 | 8,0 mH | 1,70 Ω | 3% | 24 AWG",8.0,1.7,24.0,Air Core,https://www.soundimports.eu/en/jantzen-audio-000-5823.html,6.57
Jantzen Audio 000-5353,"Jantzen Audio 000-5353 | 8,0 mH | 0,99 Ω | 3% | 21 AWG",8.0,0.99,21.0,Air Core,https://www.soundimports.eu/en/jantzen-audio-000-5353.html,9.05
Jantzen Audio 000-5363,"Jantzen Audio 000-5363 | 8,0 mH | 0,56 Ω | 3% | 18 AWG",8.0,0.56,18.0,Air Core,https://www.soundimports.eu/en/jantzen-audio-000-5363.html,14.42
Dayton Audio IC188,Dayton Audio IC188 | 8.0 mH | 0.66 Ω | 3% | 18 AWG,8.0,0.66,18.0,Air Core,https://www.soundimports.eu/en/dayton-audio-ic188.html,22.27
Jantzen Audio 000-5325,"Jantzen Audio 000-5325 | 8,0 mH | 0,34 Ω | 3% | 15 AWG",8.0,0.34,15.0,Air Core,https://www.soundimports.eu/en/jantzen-audio-000-5325.html,23.51
Jantzen Audio 000-1960,"Jantzen Audio 000-1960 | 8,0 mH | 1,75 Ω | 3% | 18 AWG",8.0,1.75,18.0,Air Core,https://www.soundimports.eu/en/jantzen-audio-000-1960.html,25.58
Dayton Audio LW188,Dayton Audio LW188 | 8.0 mH | 1.80 Ω | 3% | 18 AWG,8.0,1.8,18.0,Air Core,https://www.soundimports.eu/en/dayton-audio-lw188.html,30.95
Jantzen Audio 000-1502,"Jantzen Audio 000-1502 | 8,0 mH | 1,42 Ω | 3% | 17 AWG",8.0,1.42,17.0,Air Core,https://www.soundimports.eu/en/jantzen-audio-000-1502.html,39.21
Jantzen Audio 000-1427,"Jantzen Audio 000-1427 | 8,0 mH | 1,24 Ω | 3% | 15 AWG",8.0,1.24,15.0,Air Core,https://www.soundimports.eu/en/jantzen-audio-000-1427.html,57.81
Jantzen Audio 000-7978,"Jantzen Audio 000-7978 | 8,0 mH | 1,27 Ω | 2% | 16 AWG",8.0,1.27,16.0,Air Core,https://www.soundimports.eu/en/jantzen-audio-000-7978.html,77.64
Jantzen Audio 000-2253,"Jantzen Audio 000-2253 | 8,2 mH | 2,49 Ω | 3% | 24 AWG",8.2,2.49,24.0,Air Core,https://www.soundimports.eu/en/jantzen-audio-000-2253.html,6.57
Jantzen Audio 000-5309,"Jantzen Audio 000-5309 | 8,2 mH | 1 Ω | 3% | 21 AWG",8.2,1.0,21.0,Air Core,https://www.soundimports.eu/en/jantzen-audio-000-5309.html,9.05
Jantzen Audio 000-1608,"Jantzen Audio 000-1608 | 8,2 mH | 5,83 Ω | 3% | 24 AWG",8.2,5.83,24.0,Air Core,https://www.soundimports.eu/en/jantzen-audio-000-1608.html,9.46
Jantzen Audio 000-5033,"Jantzen Audio 000-5033 | 8,2 mH | 0,80 Ω | 3% | 20 AWG",8.2,0.8,20.0,Air Core,https://www.soundimports.eu/en/jantzen-audio-000-5033.html,9.88
"Mundorf P50-8,2","Mundorf P50-8,2 | 8,2 mH | 3,01 Ω | 3% | 24 AWG",8.2,3.01,24.0,Air Core,https://www.soundimports.eu/en/mundorf-p50-82.html,9.91
Jantzen Audio 000-1023,"Jantzen Audio 000-1023 | 8,2 mH | 3,35 Ω | 3% | 21 AWG",8.2,3.35,21.0,Air Core,https://www.soundimports.eu/en/jantzen-audio-000-1023.html,14.42
Jantzen Audio 000-5249,"Jantzen Audio 000-5249 | 8,2 mH | 0,50 Ω | 3% | 18 AWG",8.2,0.5,18.0,Air Core,https://www.soundimports.eu/en/jantzen-audio-000-5249.html,14.83
Jantzen Audio 000-5149,"Jantzen Audio 000-5149 | 8,2 mH | 0,58 Ω | 3% | 18 AWG",8.2,0.58,18.0,Air Core,https://www.soundimports.eu/en/jantzen-audio-000-5149.html,14.83
Intertechnik CO44/8.2/060,"Intertechnik CO44/8.2/060 | 8,2 mH | 2,27 Ω | 5% | 23 AWG",8.2,2.27,23.0,Air Core,https://www.soundimports.eu/en/it-intertechnik-co44-8-2-060.html,17.73
Jantzen Audio 000-5155,"Jantzen Audio 000-5155 | 8,2 mH | 0,39 Ω | 3% | 17 AWG",8.2,0.39,17.0,Air Core,https://www.soundimports.eu/en/jantzen-audio-000-5155.html,18.55
Intertechnik HQ43/8.2/095,"Intertechnik HQ43/8.2/095 | 8,2 mH | 0,65 Ω | 5% | 19 AWG",8.2,0.65,19.0,Air Core,https://www.soundimports.eu/en/it-intertechnik-hq43-8-2-095.html,20.21
Jantzen Audio 000-5329,"Jantzen Audio 000-5329 | 8,2 mH | 0,33 Ω | 3% | 15 AWG",8.2,0.33,15.0,Air Core,https://www.soundimports.eu/en/jantzen-audio-000-5329.html,23.1
Intertechnik DR56/8.2/140,"Intertechnik DR56/8.2/140 | 8,2 mH | 0,33 Ω | 5% | 15 AWG",8.2,0.33,15.0,Air Core,https://www.soundimports.eu/en/it-intertechnik-dr56-8-2-140.html,23.1
Jantzen Audio 000-1238,"Jantzen Audio 000-1238 | 8,2 mH | 1,78 Ω | 3% | 18 AWG",8.2,1.78,18.0,Air Core,https://www.soundimports.eu/en/jantzen-audio-000-1238.html,25.58
Intertechnik DR56/8.2/095,"Intertechnik DR56/8.2/095 | 8,2 mH | 0,60 Ω | 5% | 19 AWG",8.2,0.6,19.0,Air Core,https://www.soundimports.eu/en/it-intertechnik-dr56-8-2-095.html,30.54
Jantzen Audio 000-5602,"Jantzen Audio 000-5602 | 8,2 mH | 0,25 Ω | 3% | 14 AWG",8.2,0.25,14.0,Air Core,https://www.soundimports.eu/en/jantzen-audio-000-5602.html,30.54
Monacor LSI-82T,"Monacor LSI-82T | 8,2 mH | 0,17 Ω | 5% | 17 AWG",8.2,0.17,17.0,Air Core,https://www.soundimports.eu/en/monacor-lsi-82t.html,31.36
"Mundorf L100-8,20","Mundorf L100-8,20 | 8,20 mH | 1,69 Ω | 2% | 18 AWG",8.2,1.69,18.0,Air Core,https://www.soundimports.eu/en/mundorf-l100-820.html,33.02
Intertechnik LU55/8.20/071,"Intertechnik LU55/8.20/071 | 8,2 mH | 3,05 Ω | 3% | 21 AWG",8.2,3.05,21.0,Air Core,https://www.soundimports.eu/en/it-intertechnik-lu55-8-20-071.html,35.5
Jantzen Audio 000-6415,"Jantzen Audio 000-6415 | 8,2 mH | 0,19 Ω | 5% | 17 AWG",8.2,0.19,17.0,Air Core,https://www.soundimports.eu/en/jantzen-audio-000-6415.html,36.32
Intertechnik HQ58/8.2/132,"Intertechnik HQ58/8.2/132 | 8,2 mH | 0,30 Ω | 5% | 16 AWG",8.2,0.3,16.0,Air Core,https://www.soundimports.eu/en/it-intertechnik-hq58-8-2-132.html,38.8
Jantzen Audio 000-6430,"Jantzen Audio 000-6430 | 8,2 mH | 0,11 Ω | 5% | 14 AWG",8.2,0.11,14.0,Air Core,https://www.soundimports.eu/en/jantzen-audio-000-6430.html,52.85
Jantzen Audio 000-1602,"Jantzen Audio 000-1602 | 8,2 mH | 1,10 Ω | 3% | 15 AWG",8.2,1.1,15.0,Air Core,https://www.soundimports.eu/en/jantzen-audio-000-1602.html,55.74
Jantzen Audio 000-6440,"Jantzen Audio 000-6440 | 8,2 mH | 0,10 Ω | 5% | 13 AWG",8.2,0.1,13.0,Air Core,https://www.soundimports.eu/en/jantzen-audio-000-6440.html,58.64
Jantzen Audio 000-0042,"Jantzen Audio 000-0042 | 8,2 mH | 0,87 Ω | 3% | 14 AWG",8.2,0.87,14.0,Air Core,https://www.soundimports.eu/en/jantzen-audio-000-0042.html,73.1
Audyn CO92/8.2/140,"Audyn CO92/8.2/140 | 8,2 mH | 0,75 Ω | 5% | 15 AWG",8.2,0.75,15.0,Air Core,https://www.soundimports.eu/en/audyn-co92-8-2-140.html,77.23
Intertechnik TRI120/8.2/0.50,"Intertechnik TRI120/8.2/0.50 | 8,2 mH | 1,23 Ω | 1% | 7 x 24 AWG",8.2,1.23,7.0,Air Core,https://www.soundimports.eu/en/it-intertechnik-tri120-8-2-0-50.html,95.0
"Mundorf CFC16-8,20","Mundorf CFC16-8,20 | 8,20 mH | 1,31 Ω | 2% | 16,5 AWG",8.2,1.31,16.5,Air Core,https://www.soundimports.eu/en/mundorf-cfc16-820.html,99.13
"Mundorf CFC14-8,20","Mundorf CFC14-8,20 | 8,20 mH | 0,86 Ω | 2% | 14 AWG",8.2,0.86,14.0,Air Core,https://www.soundimports.eu/en/mundorf-cfc14-820.html,161.12
Intertechnik LU120/8.2/20,"Intertechnik LU120/8.2/20 | 8,2 mH | 0,62 Ω | 3% | 12 AWG",8.2,0.62,12.0,Air Core,https://www.soundimports.eu/en/it-intertechnik-lu120-8-2-20.html,168.97
Intertechnik TRI/120/8.20/0.60,"Intertechnik TRI/120/8.20/0.60 | 8,2 mH | 0,89 Ω | 1% | 7 x 23 AWG",8.2,0.89,7.0,Air Core,https://www.soundimports.eu/en/it-intertechnik-tri-120-8-20-0-60.html,206.57
Jantzen Audio 000-8255,"Jantzen Audio 000-8255 | 8,2 mH | 0,65 Ω | 2% | 12 AWG",8.2,0.65,12.0,Air Core,https://www.soundimports.eu/en/jantzen-audio-000-8255.html,215.66
Jantzen Audio 000-2466,"Jantzen Audio 000-2466 | 8,5 mH | 0,73 Ω | 3% | 18 AWG",8.5,0.73,18.0,Air Core,https://www.soundimports.eu/en/jantzen-audio-000-2466.html,15.25
Jantzen Audio 000-5124,"Jantzen Audio 000-5124 | 8,5 mH | 0,61 Ω | 3% | 18 AWG",8.5,0.61,18.0,Air Core,https://www.soundimports.eu/en/jantzen-audio-000-5124.html,15.25
Jantzen Audio 000-5347,"Jantzen Audio 000-5347 | 8,6 mH | 0,59 Ω | 3% | 18 AWG",8.6,0.59,18.0,Air Core,https://www.soundimports.eu/en/jantzen-audio-000-5347.html,14.42
Dayton Audio IC189,Dayton Audio IC189 | 9.0 mH | 0.72 Ω | 3% | 18 AWG,9.0,0.72,18.0,Air Core,https://www.soundimports.eu/en/dayton-audio-ic189.html,24.75
Jantzen Audio 000-5327,"Jantzen Audio 000-5327 | 9,0 mH | 0,36 Ω | 3% | 15 AWG",9.0,0.36,15.0,Air Core,https://www.soundimports.eu/en/jantzen-audio-000-5327.html,25.58
Jantzen Audio 000-8258,"Jantzen Audio 000-8258 | 9,2 mH | 0,68 Ω | 2% | 12 AWG",9.2,0.68,12.0,Air Core,https://www.soundimports.eu/en/jantzen-audio-000-8258.html,208.64
Jantzen Audio 000-5319,"Jantzen Audio 000-5319 | 10 mH | 4,7 Ω | 3% | 29 AWG",10.0,4.7,29.0,Air Core,https://www.soundimports.eu/en/jantzen-audio-000-5319.html,6.57
Jantzen Audio 000-5135,"Jantzen Audio 000-5135 | 10 mH | 1,94 Ω | 3% | 24 AWG",10.0,1.94,24.0,Air Core,https://www.soundimports.eu/en/jantzen-audio-000-5135.html,6.98
Jantzen Audio 000-2252,"Jantzen Audio 000-2252 | 10 mH | 2,82 Ω | 3% | 24 AWG",10.0,2.82,24.0,Air Core,https://www.soundimports.eu/en/jantzen-audio-000-2252.html,6.98
Jantzen Audio 000-5310,"Jantzen Audio 000-5310 | 10 mH | 1,29 Ω | 3% | 21 AWG",10.0,1.29,21.0,Air Core,https://www.soundimports.eu/en/jantzen-audio-000-5310.html,9.46
Mundorf P50-10,"Mundorf P50-10 | 10 mH | 3,50 Ω | 3% | 24 AWG",10.0,3.5,24.0,Air Core,https://www.soundimports.eu/en/mundorf-p50-10.html,10.29
Jantzen Audio 000-5061,"Jantzen Audio 000-5061 | 10 mH | 0,91 Ω | 3% | 20 AWG",10.0,0.91,20.0,Air Core,https://www.soundimports.eu/en/jantzen-audio-000-5061.html,11.12
Jantzen Audio 000-5063,"Jantzen Audio 000-5063 | 10 mH | 0,564 Ω | 3% | 18 AWG",10.0,0.564,18.0,Air Core,https://www.soundimports.eu/en/jantzen-audio-000-5063.html,15.66
Jantzen Audio 000-1248,"Jantzen Audio 000-1248 | 10 mH | 3,7 Ω | 3% | 21 AWG",10.0,3.7,21.0,Air Core,https://www.soundimports.eu/en/jantzen-audio-000-1248.html,16.07
Intertechnik CO44/100/050,"Intertechnik CO44/100/050 | 10 mH | 3,48 Ω | 5% | 24 AWG",10.0,3.48,24.0,Air Core,https://www.soundimports.eu/en/it-intertechnik-co44-100-050.html,16.49
Jantzen Audio 000-1549,"Jantzen Audio 000-1549 | 10 mH | 2,83 Ω | 3% | 20 AWG",10.0,2.83,20.0,Air Core,https://www.soundimports.eu/en/jantzen-audio-000-1549.html,18.55
Intertechnik HQ43/10/085,"Intertechnik HQ43/10/085 | 10 mH | 0,93 Ω | 5% | 20 AWG",10.0,0.93,20.0,Air Core,https://www.soundimports.eu/en/it-intertechnik-hq43-10-085.html,18.97
Jantzen Audio 000-5080,"Jantzen Audio 000-5080 | 10 mH | 0,47 Ω | 3% | 17 AWG",10.0,0.47,17.0,Air Core,https://www.soundimports.eu/en/jantzen-audio-000-5080.html,19.38
Dayton Audio IC1810,Dayton Audio IC1810 | 10.0 mH | 0.78 Ω | 3% | 18 AWG,10.0,0.78,18.0,Air Core,https://www.soundimports.eu/en/dayton-audio-ic1810.html,26.41
Jantzen Audio 000-5387,"Jantzen Audio 000-5387 | 10 mH | 0,4 Ω | 3% | 15 AWG",10.0,0.4,15.0,Air Core,https://www.soundimports.eu/en/jantzen-audio-000-5387.html,27.23
Jantzen Audio 000-1962,"Jantzen Audio 000-1962 | 10 mH | 2,08 Ω | 3% | 18 AWG",10.0,2.08,18.0,Air Core,https://www.soundimports.eu/en/jantzen-audio-000-1962.html,27.64
Jantzen Audio 000-2449,"Jantzen Audio 000-2449 | 10 mH | 0,53 Ω | 3% | 15 AWG",10.0,0.53,15.0,Air Core,https://www.soundimports.eu/en/jantzen-audio-000-2449.html,29.3
Monacor LSI-100T,"Monacor LSI-100T | 10 mH | 0,19 Ω | 5% | 15 AWG",10.0,0.19,15.0,Air Core,https://www.soundimports.eu/en/monacor-lsi-100t.html,30.95
Intertechnik DR56/100/095,"Intertechnik DR56/100/095 | 10 mH | 0,68 Ω | 5% | 19 AWG",10.0,0.68,19.0,Air Core,https://www.soundimports.eu/en/it-intertechnik-dr56-100-095.html,31.61
Intertechnik HQ58/10/118,"Intertechnik HQ58/10/118 | 10 mH | 0,40 Ω | 5% | 17 AWG",10.0,0.4,17.0,Air Core,https://www.soundimports.eu/en/it-intertechnik-hq58-10-118.html,35.91
Dayton Audio LW1810,Dayton Audio LW1810 | 10 mH | 2.03 Ω | 3% | 18 AWG,10.0,2.03,18.0,Air Core,https://www.soundimports.eu/en/dayton-audio-lw1810.html,36.32
Mundorf L100-10,"Mundorf L100-10 | 10 mH | 1,91 Ω | 2% | 18 AWG",10.0,1.91,18.0,Air Core,https://www.soundimports.eu/en/mundorf-l100-10.html,37.15
Jantzen Audio 000-6470,"Jantzen Audio 000-6470 | 10 mH | 0,19 Ω | 5% | 17 AWG",10.0,0.19,17.0,Air Core,https://www.soundimports.eu/en/jantzen-audio-000-6470.html,38.39
Intertechnik LU62/10.0/071,"Intertechnik LU62/10.0/071 | 10 mH | 3,99 Ω | 3% | 21 AWG",10.0,3.99,21.0,Air Core,https://www.soundimports.eu/en/it-intertechnik-lu62-10-0-071.html,42.93
Jantzen Audio 000-1681,"Jantzen Audio 000-1681 | 10 mH | 1,63 Ω | 3% | 17 AWG",10.0,1.63,17.0,Air Core,https://www.soundimports.eu/en/jantzen-audio-000-1681.html,44.17
Jantzen Audio 000-6480,"Jantzen Audio 000-6480 | 10 mH | 0,16 Ω | 5% | 15 AWG",10.0,0.16,15.0,Air Core,https://www.soundimports.eu/en/jantzen-audio-000-6480.html,47.07
Jantzen Audio 000-6485,"Jantzen Audio 000-6485 | 10 mH | 0,11 Ω | 5% | 14 AWG",10.0,0.11,14.0,Air Core,https://www.soundimports.eu/en/jantzen-audio-000-6485.html,53.26
Intertechnik DR56/10/140,"Intertechnik DR56/10/140 | 10 mH | 0,371 Ω | 5% | 15 AWG",10.0,0.371,15.0,Air Core,https://www.soundimports.eu/en/it-intertechnik-dr56-10-140.html,54.09
Jantzen Audio 000-1601,"Jantzen Audio 000-1601 | 10 mH | 1,20 Ω | 3% | 15 AWG",10.0,1.2,15.0,Air Core,https://www.soundimports.eu/en/jantzen-audio-000-1601.html,62.36
Jantzen Audio 000-6500,"Jantzen Audio 000-6500 | 10 mH | 0,09 Ω | 5% | 12 AWG",10.0,0.09,12.0,Air Core,https://www.soundimports.eu/en/jantzen-audio-000-6500.html,78.88
Audyn CO92/10.0/140,"Audyn CO92/10.0/140 | 10 mH | 0,87 Ω | 5% | 15 AWG",10.0,0.87,15.0,Air Core,https://www.soundimports.eu/en/audyn-co92-10-0-140.html,82.6
Jantzen Audio 000-7990,"Jantzen Audio 000-7990 | 10 mH | 1,54 Ω | 2% | 16 AWG",10.0,1.54,16.0,Air Core,https://www.soundimports.eu/en/jantzen-audio-000-7990.html,85.5
Intertechnik TRI120/10.0/0.50,"Intertechnik TRI120/10.0/0.50 | 10 mH | 1,39 Ω | 1% | 7 x 24 AWG",10.0,1.39,7.0,Air Core,https://www.soundimports.eu/en/it-intertechnik-tri120-10-0-0-50.html,99.13
Intertechnik LU120/100/20,"Intertechnik LU120/100/20 | 10 mH | 0,69 Ω | 3% | 12 AWG",10.0,0.69,12.0,Air Core,https://www.soundimports.eu/en/it-intertechnik-lu120-100-20.html,188.39
Jantzen Audio 000-8260,"Jantzen Audio 000-8260 | 10 mH | 0,72 Ω | 2% | 12 AWG",10.0,0.72,12.0,Air Core,https://www.soundimports.eu/en/jantzen-audio-000-8260.html,216.9
Intertechnik TRI120/10.0/0.60,"Intertechnik TRI120/10.0/0.60 | 10 mH | 1,09 Ω | 1% | 7 x 23 AWG",10.0,1.09,7.0,Air Core,https://www.soundimports.eu/en/it-intertechnik-tri120-10-0-0-60.html,247.89
Jantzen Audio 000-5208,"Jantzen Audio 000-5208 | 10,5 mH | 0,65 Ω | 3% | 18 AWG",10.5,0.65,18.0,Air Core,https://www.soundimports.eu/en/jantzen-audio-000-5208.html,16.07
Jantzen Audio 000-2470,"Jantzen Audio 000-2470 | 11 mH | 3,01 Ω | 3% | 24 AWG",11.0,3.01,24.0,Air Core,https://www.soundimports.eu/en/jantzen-audio-000-2470.html,6.98
Jantzen Audio 000-2251,"Jantzen Audio 000-2251 | 12 mH | 3,2 Ω | 3% | 24 AWG",12.0,3.2,24.0,Air Core,https://www.soundimports.eu/en/jantzen-audio-000-2251.html,7.4
Mundorf P50-12,"Mundorf P50-12 | 12 mH | 4,08 Ω | 3% | 24 AWG",12.0,4.08,24.0,Air Core,https://www.soundimports.eu/en/mundorf-p50-12.html,10.7
Jantzen Audio 000-5311,Jantzen Audio 000-5311 | 12 mH | 1 Ω | 3% | 20 AWG,12.0,1.0,20.0,Air Core,https://www.soundimports.eu/en/jantzen-audio-000-5311.html,12.77
Jantzen Audio 000-5057,"Jantzen Audio 000-5057 | 12 mH | 1,18 Ω | 3% | 20 AWG",12.0,1.18,20.0,Air Core,https://www.soundimports.eu/en/jantzen-audio-000-5057.html,13.18
Jantzen Audio 000-5019,"Jantzen Audio 000-5019 | 12 mH | 0,79 Ω | 3% | 18 AWG",12.0,0.79,18.0,Air Core,https://www.soundimports.eu/en/jantzen-audio-000-5019.html,16.07
Jantzen Audio 000-5454,"Jantzen Audio 000-5454 | 12 mH | 0,67 Ω | 3% | 18 AWG",12.0,0.67,18.0,Air Core,https://www.soundimports.eu/en/jantzen-audio-000-5454.html,16.07
Intertechnik CO44/120/050,"Intertechnik CO44/120/050 | 12 mH | 3,87 Ω | 5% | 24 AWG",12.0,3.87,24.0,Air Core,https://www.soundimports.eu/en/it-intertechnik-co44-120-050.html,17.73
Jantzen Audio 000-0856,"Jantzen Audio 000-0856 | 12 mH | 3,29 Ω | 3% | 20 AWG",12.0,3.29,20.0,Air Core,https://www.soundimports.eu/en/jantzen-audio-000-0856.html,21.03
Jantzen Audio 000-5150,"Jantzen Audio 000-5150 | 12 mH | 0,54 Ω | 3% | 17 AWG",12.0,0.54,17.0,Air Core,https://www.soundimports.eu/en/jantzen-audio-000-5150.html,21.86
Jantzen Audio 000-2527,"Jantzen Audio 000-2527 | 12 mH | 0,70 Ω | 3% | 17 AWG",12.0,0.7,17.0,Air Core,https://www.soundimports.eu/en/jantzen-audio-000-2527.html,24.34
Intertechnik DR56/120/085,"Intertechnik DR56/120/085 | 12 mH | 0,77 Ω | 5% | 20 AWG",12.0,0.77,20.0,Air Core,https://www.soundimports.eu/en/it-intertechnik-dr56-120-085.html,28.88
Jantzen Audio 000-5356,"Jantzen Audio 000-5356 | 12 mH | 0,47 Ω | 3% | 15 AWG",12.0,0.47,15.0,Air Core,https://www.soundimports.eu/en/jantzen-audio-000-5356.html,30.12
Jantzen Audio 000-1971,"Jantzen Audio 000-1971 | 12 mH | 2,25 Ω | 3% | 18 AWG",12.0,2.25,18.0,Air Core,https://www.soundimports.eu/en/jantzen-audio-000-1971.html,30.95
Intertechnik HQ58/12/118,"Intertechnik HQ58/12/118 | 12 mH | 0,45 Ω | 5% | 17 AWG",12.0,0.45,17.0,Air Core,https://www.soundimports.eu/en/it-intertechnik-hq58-12-118.html,37.98
Mundorf L100-12,"Mundorf L100-12 | 12 mH | 2,14 Ω | 2% | 18 AWG",12.0,2.14,18.0,Air Core,https://www.soundimports.eu/en/mundorf-l100-12.html,41.28
Intertechnik LU62/12.0/071,"Intertechnik LU62/12.0/071 | 12 mH | 4,39 Ω | 3% | 21 AWG",12.0,4.39,21.0,Air Core,https://www.soundimports.eu/en/it-intertechnik-lu62-12-0-071.html,44.17
Jantzen Audio 000-1715,"Jantzen Audio 000-1715 | 12 mH | 1,85 Ω | 3% | 17 AWG",12.0,1.85,17.0,Air Core,https://www.soundimports.eu/en/jantzen-audio-000-1715.html,47.48
Jantzen Audio 000-6515,"Jantzen Audio 000-6515 | 12 mH | 0,11 Ω | 5% | 14 AWG",12.0,0.11,14.0,Air Core,https://www.soundimports.eu/en/jantzen-audio-000-6515.html,54.92
Intertechnik DR56/12/140,"Intertechnik DR56/12/140 | 12 mH | 0,411 Ω | 5% | 15 AWG",12.0,0.411,15.0,Air Core,https://www.soundimports.eu/en/it-intertechnik-dr56-12-140.html,56.57
Monacor LSI-12T,"Monacor LSI-12T | 12 mH | 0,14 Ω | 5% | 16 AWG",12.0,0.14,16.0,Air Core,https://www.soundimports.eu/en/monacor-lsi-12t.html,66.07
Jantzen Audio 000-6530,"Jantzen Audio 000-6530 | 12 mH | 0,14 Ω | 5% | 13 AWG",12.0,0.14,13.0,Air Core,https://www.soundimports.eu/en/jantzen-audio-000-6530.html,72.69
Audyn CO92/12.0/140,"Audyn CO92/12.0/140 | 12 mH | 0,99 Ω | 5% | 15 AWG",12.0,0.99,15.0,Air Core,https://www.soundimports.eu/en/audyn-co92-12-0-140.html,88.8
Intertechnik TRI120/12.0/0.50,"Intertechnik TRI120/12.0/0.50 | 12 mH | 1,54 Ω | 1% | 7 x 24 AWG",12.0,1.54,7.0,Air Core,https://www.soundimports.eu/en/it-intertechnik-tri120-12-0-0-50.html,103.26
Jantzen Audio 000-8517,"Jantzen Audio 000-8517 | 12 mH | 1,16 Ω | 2% | 14 AWG",12.0,1.16,14.0,Air Core,https://www.soundimports.eu/en/jantzen-audio-000-8517.html,156.16
Intertechnik TRI120/12.0/0.60,"Intertechnik TRI120/12.0/0.60 | 12 mH | 1,21 Ω | 1% | 7 x 23 AWG",12.0,1.21,7.0,Air Core,https://www.soundimports.eu/en/it-intertechnik-tri120-12-0-0-60.html,264.42
Jantzen Audio 000-5113,"Jantzen Audio 000-5113 | 13 mH | 1,52 Ω | 3% | 21 AWG",13.0,1.52,21.0,Air Core,https://www.soundimports.eu/en/jantzen-audio-000-5113.html,11.12
Jantzen Audio 000-1037,"Jantzen Audio 000-1037 | 13 mH | 9,26 Ω | 3% | 24 AWG",13.0,9.26,24.0,Air Core,https://www.soundimports.eu/en/jantzen-audio-000-1037.html,12.77
Jantzen Audio 000-1687,"Jantzen Audio 000-1687 | 13 mH | 4,97 Ω | 3% | 21 AWG",13.0,4.97,21.0,Air Core,https://www.soundimports.eu/en/jantzen-audio-000-1687.html,18.97
Jantzen Audio 000-5259,"Jantzen Audio 000-5259 | 14 mH | 0,52 Ω | 3% | 15 AWG",14.0,0.52,15.0,Air Core,https://www.soundimports.eu/en/jantzen-audio-000-5259.html,31.36
Jantzen Audio 000-5226,"Jantzen Audio 000-5226 | 15 mH | 6,6 Ω | 3% | 29 AWG",15.0,6.6,29.0,Air Core,https://www.soundimports.eu/en/jantzen-audio-000-5226.html,5.74
Jantzen Audio 000-5166,"Jantzen Audio 000-5166 | 15 mH | 3,67 Ω | 3% | 26 AWG",15.0,3.67,26.0,Air Core,https://www.soundimports.eu/en/jantzen-audio-000-5166.html,6.16
Jantzen Audio 000-5016,"Jantzen Audio 000-5016 | 15 mH | 6,3 Ω | 3% | 29 AWG",15.0,6.3,29.0,Air Core,https://www.soundimports.eu/en/jantzen-audio-000-5016.html,6.16
Jantzen Audio 000-5392,"Jantzen Audio 000-5392 | 15 mH | 2,60 Ω | 3% | 24 AWG",15.0,2.6,24.0,Air Core,https://www.soundimports.eu/en/jantzen-audio-000-5392.html,7.4
Jantzen Audio 000-1476,"Jantzen Audio 000-1476 | 15 mH | 15,72 Ω | 3% | 26 AWG",15.0,15.72,26.0,Air Core,https://www.soundimports.eu/en/jantzen-audio-000-1476.html,10.7
Mundorf P50-15,"Mundorf P50-15 | 15 mH | 4,79 Ω | 3% | 24 AWG",15.0,4.79,24.0,Air Core,https://www.soundimports.eu/en/mundorf-p50-15.html,11.53
Jantzen Audio 000-5198,"Jantzen Audio 000-5198 | 15 mH | 1,399 Ω | 3% | 21 AWG",15.0,1.399,21.0,Air Core,https://www.soundimports.eu/en/jantzen-audio-000-5198.html,11.94
Jantzen Audio 000-5058,"Jantzen Audio 000-5058 | 15 mH | 1,14 Ω | 3% | 20 AWG",15.0,1.14,20.0,Air Core,https://www.soundimports.eu/en/jantzen-audio-000-5058.html,13.6
Jantzen Audio 000-5222,"Jantzen Audio 000-5222 | 15 mH | 0,89 Ω | 3% | 18 AWG",15.0,0.89,18.0,Air Core,https://www.soundimports.eu/en/jantzen-audio-000-5222.html,17.73
Intertechnik CO44/150/050,"Intertechnik CO44/150/050 | 15 mH | 4,4 Ω | 5% | 24 AWG",15.0,4.4,24.0,Air Core,https://www.soundimports.eu/en/it-intertechnik-co44-150-050.html,18.14
Jantzen Audio 000-2333,"Jantzen Audio 000-2333 | 15 mH | 1,03 Ω | 3% | 18 AWG",15.0,1.03,18.0,Air Core,https://www.soundimports.eu/en/jantzen-audio-000-2333.html,19.38
Jantzen Audio 000-1561,"Jantzen Audio 000-1561 | 15 mH | 5,27 Ω | 3% | 21 AWG",15.0,5.27,21.0,Air Core,https://www.soundimports.eu/en/jantzen-audio-000-1561.html,21.45
Jantzen Audio 000-5157,"Jantzen Audio 000-5157 | 15 mH | 0,63 Ω | 3% | 17 AWG",15.0,0.63,17.0,Air Core,https://www.soundimports.eu/en/jantzen-audio-000-5157.html,24.34
Intertechnik DR56/150/085,"Intertechnik DR56/150/085 | 15 mH | 0,95 Ω | 5% | 20 AWG",15.0,0.95,20.0,Air Core,https://www.soundimports.eu/en/it-intertechnik-dr56-150-085.html,32.44
Jantzen Audio 000-5241,"Jantzen Audio 000-5241 | 15 mH | 0,55 Ω | 3% | 15 AWG",15.0,0.55,15.0,Air Core,https://www.soundimports.eu/en/jantzen-audio-000-5241.html,33.43
Intertechnik HQ58/15/112,"Intertechnik HQ58/15/112 | 15 mH | 0,57 Ω | 5% | 17 AWG",15.0,0.57,17.0,Air Core,https://www.soundimports.eu/en/it-intertechnik-hq58-15-112.html,37.98
Jantzen Audio 000-5609,"Jantzen Audio 000-5609 | 15 mH | 0,39 Ω | 3% | 14 AWG",15.0,0.39,14.0,Air Core,https://www.soundimports.eu/en/jantzen-audio-000-5609.html,38.39
Mundorf L100-15,"Mundorf L100-15 | 15 mH | 2,41 Ω | 2% | 18 AWG",15.0,2.41,18.0,Air Core,https://www.soundimports.eu/en/mundorf-l100-15.html,47.07
Intertechnik LU62/15.0/071,"Intertechnik LU62/15.0/071 | 15 mH | 4,65 Ω | 3% | 21 AWG",15.0,4.65,21.0,Air Core,https://www.soundimports.eu/en/it-intertechnik-lu62-15-0-071.html,48.72
Jantzen Audio 000-1716,"Jantzen Audio 000-1716 | 15 mH | 2,18 Ω | 3% | 17 AWG",15.0,2.18,17.0,Air Core,https://www.soundimports.eu/en/jantzen-audio-000-1716.html,51.2
Intertechnik DR56/15/132,"Intertechnik DR56/15/132 | 15 mH | 0,531 Ω | 5% | 16 AWG",15.0,0.531,16.0,Air Core,https://www.soundimports.eu/en/it-intertechnik-dr56-15-132.html,52.02
Jantzen Audio 000-6555,"Jantzen Audio 000-6555 | 15 mH | 0,31 Ω | 5% | 17 AWG",15.0,0.31,17.0,Air Core,https://www.soundimports.eu/en/jantzen-audio-000-6555.html,53.68
Jantzen Audio 000-6565,"Jantzen Audio 000-6565 | 15 mH | 0,16 Ω | 5% | 14 AWG",15.0,0.16,14.0,Air Core,https://www.soundimports.eu/en/jantzen-audio-000-6565.html,70.21
Intertechnik TRI120/15.0/0.50,"Intertechnik TRI120/15.0/0.50 | 15 mH | 1,75 Ω | 1% | 7 x 24 AWG",15.0,1.75,7.0,Air Core,https://www.soundimports.eu/en/it-intertechnik-tri120-15-0-0-50.html,103.26
Jantzen Audio 000-7590,"Jantzen Audio 000-7590 | 15 mH | 1,23 Ω | 2% | 14 AWG",15.0,1.23,14.0,Air Core,https://www.soundimports.eu/en/jantzen-audio-000-7590.html,169.79
Intertechnik TRI120/15.0/0.60,"Intertechnik TRI120/15.0/0.60 | 15 mH | 1,35 Ω | 1% | 7 x 23 AWG",15.0,1.35,7.0,Air Core,https://www.soundimports.eu/en/it-intertechnik-tri120-15-0-0-60.html,305.74
Jantzen Audio 000-5468,"Jantzen Audio 000-5468 | 15,5 mH | 0,65 Ω | 3% | 17 AWG",15.5,0.65,17.0,Air Core,https://www.soundimports.eu/en/jantzen-audio-000-5468.html,24.75
Jantzen Audio 000-5410,"Jantzen Audio 000-5410 | 16 mH | 1,48 Ω | 3% | 21 AWG",16.0,1.48,21.0,Air Core,https://www.soundimports.eu/en/jantzen-audio-000-5410.html,11.94
Jantzen Audio 000-5235,"Jantzen Audio 000-5235 | 16 mH | 1,18 Ω | 3% | 20 AWG",16.0,1.18,20.0,Air Core,https://www.soundimports.eu/en/jantzen-audio-000-5235.html,13.6
Jantzen Audio 000-5328,"Jantzen Audio 000-5328 | 16 mH | 0,82 Ω | 3% | 18 AWG",16.0,0.82,18.0,Air Core,https://www.soundimports.eu/en/jantzen-audio-000-5328.html,17.73
Jantzen Audio 000-0873,"Jantzen Audio 000-0873 | 16 mH | 2,66 Ω | 3% | 18 AWG",16.0,2.66,18.0,Air Core,https://www.soundimports.eu/en/jantzen-audio-000-0873.html,37.15
Jantzen Audio 000-6577,"Jantzen Audio 000-6577 | 16 mH | 0,16 Ω | 5% | 14 AWG",16.0,0.16,14.0,Air Core,https://www.soundimports.eu/en/jantzen-audio-000-6577.html,72.69
Jantzen Audio 000-7998,"Jantzen Audio 000-7998 | 16 mH | 1,95 Ω | 2% | 16 AWG",16.0,1.95,16.0,Air Core,https://www.soundimports.eu/en/jantzen-audio-000-7998.html,120.21
Jantzen Audio 000-5240,"Jantzen Audio 000-5240 | 18 mH | 4,07 Ω | 3% | 26 AWG",18.0,4.07,26.0,Air Core,https://www.soundimports.eu/en/jantzen-audio-000-5240.html,6.98
Jantzen Audio 000-5391,"Jantzen Audio 000-5391 | 18 mH | 3,22 Ω | 3% | 24 AWG",18.0,3.22,24.0,Air Core,https://www.soundimports.eu/en/jantzen-audio-000-5391.html,9.46
Mundorf P50-18,"Mundorf P50-18 | 18 mH | 5,77 Ω | 3% | 24 AWG",18.0,5.77,24.0,Air Core,https://www.soundimports.eu/en/mundorf-p50-18.html,12.36
Jantzen Audio 000-5385,"Jantzen Audio 000-5385 | 18 mH | 1,58 Ω | 3% | 21 AWG",18.0,1.58,21.0,Air Core,https://www.soundimports.eu/en/jantzen-audio-000-5385.html,12.77
Jantzen Audio 000-5160,"Jantzen Audio 000-5160 | 18 mH | 0,87 Ω | 3% | 18 AWG",18.0,0.87,18.0,Air Core,https://www.soundimports.eu/en/jantzen-audio-000-5160.html,18.55
Intertechnik CO55/180/060,"Intertechnik CO55/180/060 | 18 mH | 3,74 Ω | 5% | 23 AWG",18.0,3.74,23.0,Air Core,https://www.soundimports.eu/en/it-intertechnik-co55-180-060.html,21.86
Intertechnik DR56/18/112,"Intertechnik DR56/18/112 | 18 mH | 0,748 Ω | 5% | 17 AWG",18.0,0.748,17.0,Air Core,https://www.soundimports.eu/en/it-intertechnik-dr56-18-112.html,42.11
Intertechnik LU62/18.0/071,"Intertechnik LU62/18.0/071 | 18 mH | 5,14 Ω | 3% | 21 AWG",18.0,5.14,21.0,Air Core,https://www.soundimports.eu/en/it-intertechnik-lu62-18-0-071.html,52.44
Jantzen Audio 000-6588,"Jantzen Audio 000-6588 | 18 mH | 0,30 Ω | 5% | 17 AWG",18.0,0.3,17.0,Air Core,https://www.soundimports.eu/en/jantzen-audio-000-6588.html,59.05
Jantzen Audio 000-1717,"Jantzen Audio 000-1717 | 18 mH | 2,3 Ω | 3% | 17 AWG",18.0,2.3,17.0,Air Core,https://www.soundimports.eu/en/jantzen-audio-000-1717.html,60.7
Jantzen Audio 000-6595,"Jantzen Audio 000-6595 | 18 mH | 0,17 Ω | 5% | 14 AWG",18.0,0.17,14.0,Air Core,https://www.soundimports.eu/en/jantzen-audio-000-6595.html,74.34
Jantzen Audio 000-5466,"Jantzen Audio 000-5466 | 18,5 mH | 0,60 Ω | 3% | 17 AWG",18.5,0.6,17.0,Air Core,https://www.soundimports.eu/en/jantzen-audio-000-5466.html,25.99
Jantzen Audio 000-5022,"Jantzen Audio 000-5022 | 20 mH | 3,46 Ω | 3% | 24 AWG",20.0,3.46,24.0,Air Core,https://www.soundimports.eu/en/jantzen-audio-000-5022.html,9.46
Jantzen Audio 000-5232,"Jantzen Audio 000-5232 | 20 mH | 1,69 Ω | 3% | 21 AWG",20.0,1.69,21.0,Air Core,https://www.soundimports.eu/en/jantzen-audio-000-5232.html,12.77
Jantzen Audio 000-1748,"Jantzen Audio 000-1748 | 20 mH | 5,1 Ω | 3% | 20 AWG",20.0,5.1,20.0,Air Core,https://www.soundimports.eu/en/jantzen-audio-000-1748.html,30.54
Jantzen Audio 000-6603,"Jantzen Audio 000-6603 | 20 mH | 0,23 Ω | 5% | 15 AWG",20.0,0.23,15.0,Air Core,https://www.soundimports.eu/en/jantzen-audio-000-6603.html,77.23
Jantzen Audio 000-5318,"Jantzen Audio 000-5318 | 22 mH | 3,6 Ω | 3% | 24 AWG",22.0,3.6,24.0,Air Core,https://www.soundimports.eu/en/jantzen-audio-000-5318.html,9.46
Mundorf P50-22,"Mundorf P50-22 | 22 mH | 6,58 Ω | 3% | 24 AWG",22.0,6.58,24.0,Air Core,https://www.soundimports.eu/en/mundorf-p50-22.html,13.18
Jantzen Audio 000-5450,"Jantzen Audio 000-5450 | 22 mH | 1,80 Ω | 3% | 21 AWG",22.0,1.8,21.0,Air Core,https://www.soundimports.eu/en/jantzen-audio-000-5450.html,13.6
Jantzen Audio 000-5336,"Jantzen Audio 000-5336 | 22 mH | 1,53 Ω | 3% | 20 AWG",22.0,1.53,20.0,Air Core,https://www.soundimports.eu/en/jantzen-audio-000-5336.html,15.66
Jantzen Audio 000-5079,"Jantzen Audio 000-5079 | 22 mH | 1,0 Ω | 3% | 18 AWG",22.0,1.0,18.0,Air Core,https://www.soundimports.eu/en/jantzen-audio-000-5079.html,20.21
Intertechnik CO55/220/060,"Intertechnik CO55/220/060 | 22 mH | 4,26 Ω | 5% | 23 AWG",22.0,4.26,23.0,Air Core,https://www.soundimports.eu/en/it-intertechnik-co55-220-060.html,23.1
Jantzen Audio 000-0915,"Jantzen Audio 000-0915 | 22 mH | 8,1 Ω | 3% | 22 AWG",22.0,8.1,22.0,Air Core,https://www.soundimports.eu/en/jantzen-audio-000-0915.html,24.75
Jantzen Audio 000-0871,"Jantzen Audio 000-0871 | 22 mH | 6,63 Ω | 3% | 21 AWG",22.0,6.63,21.0,Air Core,https://www.soundimports.eu/en/jantzen-audio-000-0871.html,25.58
Jantzen Audio 000-5542,"Jantzen Audio 000-5542 | 22 mH | 0,70 Ω | 3% | 17 AWG",22.0,0.7,17.0,Air Core,https://www.soundimports.eu/en/jantzen-audio-000-5542.html,28.06
Jantzen Audio 000-5534,"Jantzen Audio 000-5534 | 22 mH | 0,572 Ω | 3% | 15 AWG",22.0,0.572,15.0,Air Core,https://www.soundimports.eu/en/jantzen-audio-000-5534.html,37.19
Intertechnik DR56/22/112,"Intertechnik DR56/22/112 | 22 mH | 0,845 Ω | 5% | 17 AWG",22.0,0.845,17.0,Air Core,https://www.soundimports.eu/en/it-intertechnik-dr56-22-112.html,42.11
Intertechnik LU62/22.0/071,"Intertechnik LU62/22.0/071 | 22 mH | 5,78 Ω | 3% | 21 AWG",22.0,5.78,21.0,Air Core,https://www.soundimports.eu/en/it-intertechnik-lu62-22-0-071.html,56.16
Jantzen Audio 000-1725,"Jantzen Audio 000-1725 | 22 mH | 2,7 Ω | 3% | 17 AWG",22.0,2.7,17.0,Air Core,https://www.soundimports.eu/en/jantzen-audio-000-1725.html,68.14
Mundorf BS140-22,"Mundorf BS140-22 | 22 mH | 0,57 Ω | 3% | 15 AWG",22.0,0.57,15.0,Air Core,https://www.soundimports.eu/en/mundorf-bs140-22.html,77.64
Jantzen Audio 000-5002,"Jantzen Audio 000-5002 | 24 mH | 8,1 Ω | 3% | 29 AWG",24.0,8.1,29.0,Air Core,https://www.soundimports.eu/en/jantzen-audio-000-5002.html,6.57
Jantzen Audio 000-5824,"Jantzen Audio 000-5824 | 25 mH | 2,43 Ω | 3% | 22 AWG",25.0,2.43,22.0,Air Core,https://www.soundimports.eu/en/jantzen-audio-000-5824.html,11.12
Jantzen Audio 000-5223,"Jantzen Audio 000-5223 | 25 mH | 1,92 Ω | 3% | 21 AWG",25.0,1.92,21.0,Air Core,https://www.soundimports.eu/en/jantzen-audio-000-5223.html,13.6
Jantzen Audio 000-5589,"Jantzen Audio 000-5589 | 25 mH | 0,65 Ω | 3% | 15 AWG",25.0,0.65,15.0,Air Core,https://www.soundimports.eu/en/jantzen-audio-000-5589.html,37.56
Jantzen Audio 000-5258,"Jantzen Audio 000-5258 | 27 mH | 4,12 Ω | 3% | 24 AWG",27.0,4.12,24.0,Air Core,https://www.soundimports.eu/en/jantzen-audio-000-5258.html,10.29
Jantzen Audio 000-5190,"Jantzen Audio 000-5190 | 27 mH | 2,45 Ω | 3% | 22 AWG",27.0,2.45,22.0,Air Core,https://www.soundimports.eu/en/jantzen-audio-000-5190.html,11.12
Jantzen Audio 000-5463,"Jantzen Audio 000-5463 | 27 mH | 1,76 Ω | 3% | 20 AWG",27.0,1.76,20.0,Air Core,https://www.soundimports.eu/en/jantzen-audio-000-5463.html,16.07
Jantzen Audio 000-0876,"Jantzen Audio 000-0876 | 27 mH | 13,83 Ω | 3% | 24 AWG",27.0,13.83,24.0,Air Core,https://www.soundimports.eu/en/jantzen-audio-000-0876.html,20.21
Jantzen Audio 000-5126,"Jantzen Audio 000-5126 | 27 mH | 1,11 Ω | 3% | 18 AWG",27.0,1.11,18.0,Air Core,https://www.soundimports.eu/en/jantzen-audio-000-5126.html,22.69
Intertechnik CO55/270/060,"Intertechnik CO55/270/060 | 27 mH | 4,89 Ω | 5% | 23 AWG",27.0,4.89,23.0,Air Core,https://www.soundimports.eu/en/it-intertechnik-co55-270-060.html,24.75
Intertechnik DR56/27/112,"Intertechnik DR56/27/112 | 27 mH | 0,96 Ω | 5% | 17 AWG",27.0,0.96,17.0,Air Core,https://www.soundimports.eu/en/it-intertechnik-dr56-27-112.html,42.11
Jantzen Audio 000-5519,"Jantzen Audio 000-5519 | 30 mH | 2,59 Ω | 3% | 22 AWG",30.0,2.59,22.0,Air Core,https://www.soundimports.eu/en/jantzen-audio-000-5519.html,11.94
Jantzen Audio 000-5398,"Jantzen Audio 000-5398 | 31 mH | 2,30 Ω | 3% | 21 AWG",31.0,2.3,21.0,Air Core,https://www.soundimports.eu/en/jantzen-audio-000-5398.html,14.42
Jantzen Audio 000-5508,"Jantzen Audio 000-5508 | 33 mH | 2,77 Ω | 3% | 22 AWG",33.0,2.77,22.0,Air Core,https://www.soundimports.eu/en/jantzen-audio-000-5508.html,11.94
Jantzen Audio 000-5128,"Jantzen Audio 000-5128 | 33 mH | 1,28 Ω | 3% | 18 AWG",33.0,1.28,18.0,Air Core,https://www.soundimports.eu/en/jantzen-audio-000-5128.html,24.34
Jantzen Audio 000-0874,"Jantzen Audio 000-0874 | 34 mH | 4,18 Ω | 3% | 18 AWG",34.0,4.18,18.0,Air Core,https://www.soundimports.eu/en/jantzen-audio-000-0874.html,52.44
Jantzen Audio 000-5333,"Jantzen Audio 000-5333 | 47 mH | 2,68 Ω | 3% | 21 AWG",47.0,2.68,21.0,Air Core,https://www.soundimports.eu/en/jantzen-audio-000-5333.html,16.07
Jantzen Audio 000-5456,"Jantzen Audio 000-5456 | 48,1 mH | 2,60 Ω | 3% | 21 AWG",48.1,2.6,21.0,Air Core,https://www.soundimports.eu/en/jantzen-audio-000-5456.html,16.07
Jantzen Audio 000-5350,"Jantzen Audio 000-5350 | 56 mH | 2,50 Ω | 3% | 20 AWG",56.0,2.5,20.0,Air Core,https://www.soundimports.eu/en/jantzen-audio-000-5350.html,21.86
255-002,Jantzen 1557 0.010mH 20 AWG Air Core Inductor,0.01,0.07,20.0,Air Core,https://www.parts-express.com/Jantzen-1557-0.010mH-20-AWG-Air-Core-Inductor-255-002,
255-198,Jantzen 1804 0.025mH 18 AWG Air Core Inductor,0.025,0.07,18.0,Air Core,https://www.parts-express.com/Jantzen-1804-0.025mH-18-AWG-Air-Core-Inductor-255-198,
257-600,Dayton Audio CF16-05 0.05mH 16 AWG Copper Foil,0.05,0.08,16.0,Copper Foil,https://www.parts-express.com/Dayton-Audio-CF16-05-0.05mH-16-AWG-Copper-Foil-Inductor-257-600,24.98
255-200,Jantzen 1947 0.05mH 18 AWG Air Core Inductor,0.05,0.09,18.0,Air Core,https://www.parts-express.com/Jantzen-1947-0.05mH-18-AWG-Air-Core-Inductor-255-200,
257-798,Dayton Audio LW18-05 0.05mH 18 AWG Perfect Layer,0.05,0.1,18.0,Air Core,https://www.parts-express.com/Dayton-Audio-LW18-05-0.05mH-18-AWG-Perfect-Layer-Inductor-257-798,3.29
255-900,Jantzen L-0010 0.10mH 15 AWG Litz Wire Air Core,0.1,0.09,15.0,Air Core,https://www.parts-express.com/Jantzen-L-0010-0.10mH-15-AWG-Litz-Wire-Air-Core-Inductor-255-900,12.12
255-202,Jantzen 1948 0.10mH 18 AWG Air Core Inductor,0.1,0.13,18.0,Air Core,https://www.parts-express.com/Jantzen-1948-0.10mH-18-AWG-Air-Core-Inductor-255-202,6.56
257-800,Dayton Audio LW18-10 0.10mH 18 AWG Perfect Layer,0.1,0.14,18.0,Air Core,https://www.parts-express.com/Dayton-Audio-LW18-10-0.10mH-18-AWG-Perfect-Layer-Inductor-257-800,
255-020,Jantzen 1002 0.10mH 20 AWG Air Core Inductor,0.1,0.19,20.0,Air Core,https://www.parts-express.com/Jantzen-1002-0.10mH-20-AWG-Air-Core-Inductor-255-020,5.62
257-020,Dayton Audio AC20-10 0.10mH 20 AWG Air Core Induc,0.1,0.21,20.0,Air Core,https://www.parts-express.com/Dayton-Audio-AC20-10-0.10mH-20-AWG-Air-Core-Inductor-Coil-257-020,5.62
255-654,Jantzen 7283 0.11mH 14 AWG Copper Foil Inductor,0.11,0.08,14.0,Copper Foil,https://www.parts-express.com/Jantzen-7283-0.11mH-14-AWG-Copper-Foil-Inductor-255-654,
255-604,Jantzen 7622 0.11mH 16 AWG Copper Foil Inductor,0.11,0.11,16.0,Copper Foil,https://www.parts-express.com/Jantzen-7622-0.11mH-16-AWG-Copper-Foil-Inductor-255-604,
257-604,Dayton Audio CF16-11 0.11mH 16 AWG Copper Foil,0.11,0.11,16.0,Copper Foil,https://www.parts-express.com/Dayton-Audio-CF16-11-0.11mH-16-AWG-Copper-Foil-Inductor-257-604,24.98
255-204,Jantzen 1949 0.13mH 18 AWG Air Core Inductor,0.13,0.16,18.0,Air Core,https://www.parts-express.com/Jantzen-1949-0.13mH-18-AWG-Air-Core-Inductor-255-204,6.9
257-802,Dayton Audio LW18-13 0.13mH 18 AWG Perfect Layer,0.13,0.16,18.0,Air Core,https://www.parts-express.com/Dayton-Audio-LW18-13-0.13mH-18-AWG-Perfect-Layer-Inductor-257-802,
257-300,Dayton Audio LW14-15 0.15mH 14 AWG Perfect Layer,0.15,0.08,14.0,Air Core,https://www.parts-express.com/Dayton-Audio-LW14-15-0.15mH-14-AWG-Perfect-Layer-Inductor-257-300,11.98
255-656,Jantzen 7295 0.15mH 14 AWG Copper Foil Inductor,0.15,0.09,14.0,Copper Foil,https://www.parts-express.com/Jantzen-7295-0.15mH-14-AWG-Copper-Foil-Inductor-255-656,10.75
255-902,Jantzen L-0015 0.15mH 15 AWG Litz Wire Air Core,0.15,0.11,15.0,Air Core,https://www.parts-express.com/Jantzen-L-0015-0.15mH-15-AWG-Litz-Wire-Air-Core-Inductor-255-902,
255-501,Jantzen 8530 0.15mH 16 AWG Copper Foil Wax Coil,0.15,0.12,16.0,Copper Foil,https://www.parts-express.com/Jantzen-8530-0.15mH-16-AWG-Copper-Foil-Wax-Coil-255-501,57.25
255-206,Jantzen 1130 0.15mH 18 AWG Air Core Inductor,0.15,0.16,18.0,Air Core,https://www.parts-express.com/Jantzen-1130-0.15mH-18-AWG-Air-Core-Inductor-255-206,8.4
257-804,Dayton Audio LW18-15 0.15mH 18 AWG Perfect Layer,0.15,0.18,18.0,Air Core,https://www.parts-express.com/Dayton-Audio-LW18-15-0.15mH-18-AWG-Perfect-Layer-Inductor-257-804,
255-022,Jantzen 1815 0.15mH 20 AWG Air Core Inductor,0.15,0.23,20.0,Air Core,https://www.parts-express.com/Jantzen-1815-0.15mH-20-AWG-Air-Core-Inductor-255-022,3.49
257-022,Dayton Audio AC20-15 0.15mH 20 AWG Air Core Induc,0.15,0.26,20.0,Air Core,https://www.parts-express.com/Dayton-Audio-AC20-15-0.15mH-20-AWG-Air-Core-Inductor-Coil-257-022,5.88
255-208,Jantzen 1289 0.18mH 18 AWG Air Core Inductor,0.18,0.18,18.0,Air Core,https://www.parts-express.com/Jantzen-1289-0.18mH-18-AWG-Air-Core-Inductor-255-208,8.77
257-302,Dayton Audio LW14-20 0.20mH 14 AWG Perfect Layer,0.2,0.1,14.0,Air Core,https://www.parts-express.com/Dayton-Audio-LW14-20-0.20mH-14-AWG-Perfect-Layer-Inductor-257-302,12.09
255-400,Jantzen 1507 0.20mH 15 AWG Air Core Inductor,0.2,0.13,15.0,Air Core,https://www.parts-express.com/Jantzen-1507-0.20mH-15-AWG-Air-Core-Inductor-255-400,13.81
255-904,Jantzen L-0020 0.20mH 15 AWG Litz Wire Air Core,0.2,0.13,15.0,Air Core,https://www.parts-express.com/Jantzen-L-0020-0.20mH-15-AWG-Litz-Wire-Air-Core-Inductor-255-904,16.02
255-210,Jantzen 1822 0.20mH 18 AWG Air Core Inductor,0.2,0.2,18.0,Air Core,https://www.parts-express.com/Jantzen-1822-0.20mH-18-AWG-Air-Core-Inductor-255-210,7.73
257-806,Dayton Audio LW18-20 0.20mH 18 AWG Perfect Layer,0.2,0.21,18.0,Air Core,https://www.parts-express.com/Dayton-Audio-LW18-20-0.20mH-18-AWG-Perfect-Layer-Inductor-257-806,7.73
255-024,Jantzen 1824 0.20mH 20 AWG Air Core Inductor,0.2,0.29,20.0,Air Core,https://www.parts-express.com/Jantzen-1824-0.20mH-20-AWG-Air-Core-Inductor-255-024,3.59
257-024,Dayton Audio AC20-20 0.20mH 20 AWG Air Core Induc,0.2,0.29,20.0,Air Core,https://www.parts-express.com/Dayton-Audio-AC20-20-0.20mH-20-AWG-Air-Core-Inductor-Coil-257-024,3.59
255-504,Jantzen 8540 0.22mH 16 AWG Copper Foil Wax Coil,0.22,0.148,16.0,Copper Foil,https://www.parts-express.com/Jantzen-8540-0.22mH-16-AWG-Copper-Foil-Wax-Coil-255-504,57.25
255-212,Jantzen 1015 0.22mH 18 AWG Air Core Inductor,0.22,0.21,18.0,Air Core,https://www.parts-express.com/Jantzen-1015-0.22mH-18-AWG-Air-Core-Inductor-255-212,7.87
257-808,Dayton Audio LW18-22 0.22mH 18 AWG Perfect Layer,0.22,0.22,18.0,Air Core,https://www.parts-express.com/Dayton-Audio-LW18-22-0.22mH-18-AWG-Perfect-Layer-Inductor-257-808,7.87
257-304,Dayton Audio LW14-24 0.24mH 14 AWG Perfect Layer,0.24,0.11,14.0,Air Core,https://www.parts-express.com/Dayton-Audio-LW14-24-0.24mH-14-AWG-Perfect-Layer-Inductor-257-304,
255-402,Jantzen 1155 0.25mH 15 AWG Air Core Inductor,0.25,0.14,15.0,Air Core,https://www.parts-express.com/Jantzen-1155-0.25mH-15-AWG-Air-Core-Inductor-255-402,14.9
255-906,Jantzen L-0025 0.25mH 15 AWG Litz Wire Air Core,0.25,0.15,15.0,Air Core,https://www.parts-express.com/Jantzen-L-0025-0.25mH-15-AWG-Litz-Wire-Air-Core-Inductor-255-906,17.6
255-214,Jantzen 1076 0.25mH 18 AWG Air Core Inductor,0.25,0.22,18.0,Air Core,https://www.parts-express.com/Jantzen-1076-0.25mH-18-AWG-Air-Core-Inductor-255-214,9.48
255-026,Jantzen 1528 0.25mH 20 AWG Air Core Inductor,0.25,0.33,20.0,Air Core,https://www.parts-express.com/Jantzen-1528-0.25mH-20-AWG-Air-Core-Inductor-255-026,6.62
257-026,Dayton Audio AC20-25 0.25mH 20 AWG Air Core Induc,0.25,0.35,20.0,Air Core,https://www.parts-express.com/Dayton-Audio-AC20-25-0.25mH-20-AWG-Air-Core-Inductor-Coil-257-026,3.89
255-662,Jantzen 7307 0.27mH 14 AWG Copper Foil Inductor,0.27,0.12,14.0,Copper Foil,https://www.parts-express.com/Jantzen-7307-0.27mH-14-AWG-Copper-Foil-Inductor-255-662,
255-216,Jantzen 1446 0.27mH 18 AWG Air Core Inductor,0.27,0.23,18.0,Air Core,https://www.parts-express.com/Jantzen-1446-0.27mH-18-AWG-Air-Core-Inductor-255-216,8.31
257-810,Dayton Audio LW18-27 0.27mH 18 AWG Perfect Layer,0.27,0.25,18.0,Air Core,https://www.parts-express.com/Dayton-Audio-LW18-27-0.27mH-18-AWG-Perfect-Layer-Inductor-257-810,5.19
257-306,Dayton Audio LW14-30 0.30mH 14 AWG Perfect Layer,0.3,0.13,14.0,Air Core,https://www.parts-express.com/Dayton-Audio-LW14-30-0.30mH-14-AWG-Perfect-Layer-Inductor-257-306,15.59
255-908,Jantzen L-0030 0.30mH 15 AWG Litz Wire Air Core,0.3,0.17,15.0,Air Core,https://www.parts-express.com/Jantzen-L-0030-0.30mH-15-AWG-Litz-Wire-Air-Core-Inductor-255-908,18.42
255-218,Jantzen 1313 0.30mH 18 AWG Air Core Inductor,0.3,0.26,18.0,Air Core,https://www.parts-express.com/Jantzen-1313-0.30mH-18-AWG-Air-Core-Inductor-255-218,9.81
255-028,Jantzen 1832 0.30mH 20 AWG Air Core Inductor,0.3,0.36,20.0,Air Core,https://www.parts-express.com/Jantzen-1832-0.30mH-20-AWG-Air-Core-Inductor-255-028,6.85
257-028,Dayton Audio AC20-3 0.30mH 20 AWG Air Core Induc,0.3,0.39,20.0,Air Core,https://www.parts-express.com/Dayton-Audio-AC20-3-0.30mH-20-AWG-Air-Core-Inductor-Coil-257-028,6.85
255-404,Jantzen 1310 0.33mH 15 AWG Air Core Inductor,0.33,0.16,15.0,Air Core,https://www.parts-express.com/Jantzen-1310-0.33mH-15-AWG-Air-Core-Inductor-255-404,
255-614,Jantzen 7676 0.33mH 16 AWG Copper Foil Inductor,0.33,0.18,16.0,Copper Foil,https://www.parts-express.com/Jantzen-7676-0.33mH-16-AWG-Copper-Foil-Inductor-255-614,
255-506,Jantzen 8555 0.33mH 16 AWG Copper Foil Wax Coil,0.33,0.187,16.0,Copper Foil,https://www.parts-express.com/Jantzen-8555-0.33mH-16-AWG-Copper-Foil-Wax-Coil-255-506,57.25
255-220,Jantzen 1022 0.33mH 18 AWG Air Core Inductor,0.33,0.26,18.0,Air Core,https://www.parts-express.com/Jantzen-1022-0.33mH-18-AWG-Air-Core-Inductor-255-220,10.04
257-812,Dayton Audio LW18-33 0.33mH 18 AWG Perfect Layer,0.33,0.28,18.0,Air Core,https://www.parts-express.com/Dayton-Audio-LW18-33-0.33mH-18-AWG-Perfect-Layer-Inductor-257-812,5.59
255-910,Jantzen L-0035 0.35mH 15 AWG Litz Wire Air Core,0.35,0.19,15.0,Air Core,https://www.parts-express.com/Jantzen-L-0035-0.35mH-15-AWG-Litz-Wire-Air-Core-Inductor-255-910,
255-030,Jantzen 1204 0.35mH 20 AWG Air Core Inductor,0.35,0.4,20.0,Air Core,https://www.parts-express.com/Jantzen-1204-0.35mH-20-AWG-Air-Core-Inductor-255-030,7.21
257-030,Dayton Audio AC20-35 0.35mH 20 AWG Air Core Induc,0.35,0.4,20.0,Air Core,https://www.parts-express.com/Dayton-Audio-AC20-35-0.35mH-20-AWG-Air-Core-Inductor-Coil-257-030,4.09
255-222,Jantzen 1117 0.37mH 18 AWG Air Core Inductor,0.37,0.28,18.0,Air Core,https://www.parts-express.com/Jantzen-1117-0.37mH-18-AWG-Air-Core-Inductor-255-222,7.21
255-406,Jantzen 1895 0.39mH 15 AWG Air Core Inductor,0.39,0.17,15.0,Air Core,https://www.parts-express.com/Jantzen-1895-0.39mH-15-AWG-Air-Core-Inductor-255-406,18.38
257-308,Dayton Audio LW14-40 0.40mH 14 AWG Perfect Layer,0.4,0.15,14.0,Air Core,https://www.parts-express.com/Dayton-Audio-LW14-40-0.40mH-14-AWG-Perfect-Layer-Inductor-257-308,18.19
255-912,Jantzen L-0040 0.40mH 15 AWG Litz Wire Air Core,0.4,0.22,15.0,Air Core,https://www.parts-express.com/Jantzen-L-0040-0.40mH-15-AWG-Litz-Wire-Air-Core-Inductor-255-912,
257-814,Dayton Audio LW18-40 0.40mH 18 AWG Perfect Layer,0.4,0.29,18.0,Air Core,https://www.parts-express.com/Dayton-Audio-LW18-40-0.40mH-18-AWG-Perfect-Layer-Inductor-257-814,9.29
255-224,Jantzen 1950 0.40mH 18 AWG Air Core Inductor,0.4,0.29,18.0,Air Core,https://www.parts-express.com/Jantzen-1950-0.40mH-18-AWG-Air-Core-Inductor-255-224,9.29
257-032,Dayton Audio AC20-40 0.40mH 20 AWG Air Core Induc,0.4,0.41,20.0,Air Core,https://www.parts-express.com/Dayton-Audio-AC20-40-0.40mH-20-AWG-Air-Core-Inductor-Coil-257-032,4.39
255-032,Jantzen 1840 0.40mH 20 AWG Air Core Inductor,0.4,0.43,20.0,Air Core,https://www.parts-express.com/Jantzen-1840-0.40mH-20-AWG-Air-Core-Inductor-255-032,7.38
255-226,Jantzen 1191 0.44mH 18 AWG Air Core Inductor,0.44,0.31,18.0,Air Core,https://www.parts-express.com/Jantzen-1191-0.44mH-18-AWG-Air-Core-Inductor-255-226,9.63
257-034,Dayton Audio AC20-45 0.45mH 20 AWG Air Core Induc,0.45,0.45,20.0,Air Core,https://www.parts-express.com/Dayton-Audio-AC20-45-0.45mH-20-AWG-Air-Core-Inductor-Coil-257-034,4.39
255-034,Jantzen 1195 0.45mH 20 AWG Air Core Inductor,0.45,0.46,20.0,Air Core,https://www.parts-express.com/Jantzen-1195-0.45mH-20-AWG-Air-Core-Inductor-255-034,4.39
255-408,Jantzen 1518 0.47mH 15 AWG Air Core Inductor,0.47,0.2,15.0,Air Core,https://www.parts-express.com/Jantzen-1518-0.47mH-15-AWG-Air-Core-Inductor-255-408,
255-914,Jantzen L-0047 0.47mH 15 AWG Litz Wire Air Core,0.47,0.23,15.0,Air Core,https://www.parts-express.com/Jantzen-L-0047-0.47mH-15-AWG-Litz-Wire-Air-Core-Inductor-255-914,22.6
255-508,Jantzen 8580 0.47mH 16 AWG Copper Foil Wax Coil,0.47,0.231,16.0,Copper Foil,https://www.parts-express.com/Jantzen-8580-0.47mH-16-AWG-Copper-Foil-Wax-Coil-255-508,34.04
255-228,Jantzen 1031 0.47mH 18 AWG Air Core Inductor,0.47,0.32,18.0,Air Core,https://www.parts-express.com/Jantzen-1031-0.47mH-18-AWG-Air-Core-Inductor-255-228,9.85
257-816,Dayton Audio LW18-50 0.50mH 18 AWG Perfect Layer,0.5,0.33,18.0,Air Core,https://www.parts-express.com/Dayton-Audio-LW18-50-0.50mH-18-AWG-Perfect-Layer-Inductor-257-816,6.59
255-230,Jantzen 1401 0.50mH 18 AWG Air Core Inductor,0.5,0.34,18.0,Air Core,https://www.parts-express.com/Jantzen-1401-0.50mH-18-AWG-Air-Core-Inductor-255-230,10.0
257-036,Dayton Audio AC20-50 0.50mH 20 AWG Air Core Induc,0.5,0.49,20.0,Air Core,https://www.parts-express.com/Dayton-Audio-AC20-50-0.50mH-20-AWG-Air-Core-Inductor-Coil-257-036,4.59
255-036,Jantzen 1034 0.50mH 20 AWG Air Core Inductor,0.5,0.49,20.0,Air Core,https://www.parts-express.com/Jantzen-1034-0.50mH-20-AWG-Air-Core-Inductor-255-036,4.59
257-310,Dayton Audio LW14-51 0.51mH 14 AWG Perfect Layer,0.51,0.17,14.0,Air Core,https://www.parts-express.com/Dayton-Audio-LW14-51-0.51mH-14-AWG-Perfect-Layer-Inductor-257-310,20.79
255-410,Jantzen 1036 0.55mH 15 AWG Air Core Inductor,0.55,0.22,15.0,Air Core,https://www.parts-express.com/Jantzen-1036-0.55mH-15-AWG-Air-Core-Inductor-255-410,19.21
255-038,Jantzen 1846 0.55mH 20 AWG Air Core Inductor,0.55,0.5,20.0,Air Core,https://www.parts-express.com/Jantzen-1846-0.55mH-20-AWG-Air-Core-Inductor-255-038,19.21
257-038,Dayton Audio AC20-55 0.55mH 20 AWG Air Core Induc,0.55,0.54,20.0,Air Core,https://www.parts-express.com/Dayton-Audio-AC20-55-0.55mH-20-AWG-Air-Core-Inductor-Coil-257-038,4.79
255-916,Jantzen L-0056 0.56mH 15 AWG Litz Wire Air Core,0.56,0.24,15.0,Air Core,https://www.parts-express.com/Jantzen-L-0056-0.56mH-15-AWG-Litz-Wire-Air-Core-Inductor-255-916,26.0
255-509,Jantzen 8590 0.56mH 16 AWG Copper Foil Wax Coil,0.56,0.256,16.0,Copper Foil,https://www.parts-express.com/Jantzen-8590-0.56mH-16-AWG-Copper-Foil-Wax-Coil-255-509,
257-620,Dayton Audio CF16-56 0.56mH 16 AWG Copper Foil,0.56,0.26,16.0,Copper Foil,https://www.parts-express.com/Dayton-Audio-CF16-56-0.56mH-16-AWG-Copper-Foil-Inductor-257-620,24.98
255-232,Jantzen 1035 0.56mH 18 AWG Air Core Inductor,0.56,0.36,18.0,Air Core,https://www.parts-express.com/Jantzen-1035-0.56mH-18-AWG-Air-Core-Inductor-255-232,11.52
257-312,Dayton Audio LW14-60 0.60mH 14 AWG Perfect Layer,0.6,0.19,14.0,Air Core,https://www.parts-express.com/Dayton-Audio-LW14-60-0.60mH-14-AWG-Perfect-Layer-Inductor-257-312,28.98
255-412,Jantzen 1444 0.60mH 15 AWG Air Core Inductor,0.6,0.23,15.0,Air Core,https://www.parts-express.com/Jantzen-1444-0.60mH-15-AWG-Air-Core-Inductor-255-412,21.08
266-818,0.60mH 18 AWG Perfect Layer Inductor,0.6,0.36,18.0,Air Core,https://www.parts-express.com/0.60mH-18-AWG-Perfect-Layer-Inductor-266-818,
255-234,Jantzen 1951 0.60mH 18 AWG Air Core Inductor,0.6,0.37,18.0,Air Core,https://www.parts-express.com/Jantzen-1951-0.60mH-18-AWG-Air-Core-Inductor-255-234,7.29
257-818,Dayton Audio LW18-60 0.60mH 18 AWG Perfect Layer,0.6,0.38,18.0,Air Core,https://www.parts-express.com/Dayton-Audio-LW18-60-0.60mH-18-AWG-Perfect-Layer-Inductor-257-818,10.56
255-040,Jantzen 1850 0.60mH 20 AWG Air Core Inductor,0.6,0.53,20.0,Air Core,https://www.parts-express.com/Jantzen-1850-0.60mH-20-AWG-Air-Core-Inductor-255-040,8.27
257-040,Dayton Audio AC20-60 0.60mH 20 AWG Air Core Induc,0.6,0.56,20.0,Air Core,https://www.parts-express.com/Dayton-Audio-AC20-60-0.60mH-20-AWG-Air-Core-Inductor-Coil-257-040,8.27
255-918,Jantzen L-0065 0.65mH 15 AWG Litz Wire Air Core,0.65,0.27,15.0,Air Core,https://www.parts-express.com/Jantzen-L-0065-0.65mH-15-AWG-Litz-Wire-Air-Core-Inductor-255-918,
255-236,Jantzen 1952 0.65mH 18 AWG Air Core Inductor,0.65,0.38,18.0,Air Core,https://www.parts-express.com/Jantzen-1952-0.65mH-18-AWG-Air-Core-Inductor-255-236,10.87
255-148,Jantzen 5817 0.68mH 13 AWG P-Core Inductor Crosso,0.68,0.05,13.0,Solid Core,https://www.parts-express.com/Jantzen-5817-0.68mH-13-AWG-P-Core-Inductor-Crossover-Coil-255-148,
255-414,Jantzen 1854 0.68mH 15 AWG Air Core Inductor,0.68,0.24,15.0,Air Core,https://www.parts-express.com/Jantzen-1854-0.68mH-15-AWG-Air-Core-Inductor-255-414,20.81
255-624,Jantzen 7766 0.68mH 16 AWG Copper Foil Inductor,0.68,0.27,16.0,Copper Foil,https://www.parts-express.com/Jantzen-7766-0.68mH-16-AWG-Copper-Foil-Inductor-255-624,
266-335,0.70mH 14 AWG Perfect Layer Inductor,0.7,0.18,14.0,Air Core,https://www.parts-express.com/0.70mH-14-AWG-Perfect-Layer-Inductor-266-335,
257-314,Dayton Audio LW14-70 0.70mH 14 AWG Perfect Layer,0.7,0.21,14.0,Air Core,https://www.parts-express.com/Dayton-Audio-LW14-70-0.70mH-14-AWG-Perfect-Layer-Inductor-257-314,23.98
255-238,Jantzen 1144 0.70mH 18 AWG Air Core Inductor,0.7,0.4,18.0,Air Core,https://www.parts-express.com/Jantzen-1144-0.70mH-18-AWG-Air-Core-Inductor-255-238,11.23
257-820,Dayton Audio LW18-70 0.70mH 18 AWG Perfect Layer,0.7,0.41,18.0,Air Core,https://www.parts-express.com/Dayton-Audio-LW18-70-0.70mH-18-AWG-Perfect-Layer-Inductor-257-820,7.69
255-042,Jantzen 1855 0.70mH 20 AWG Air Core Inductor,0.7,0.57,20.0,Air Core,https://www.parts-express.com/Jantzen-1855-0.70mH-20-AWG-Air-Core-Inductor-255-042,
257-042,Dayton Audio AC20-70 0.70mH 20 AWG Air Core Induc,0.7,0.6,20.0,Air Core,https://www.parts-express.com/Dayton-Audio-AC20-70-0.70mH-20-AWG-Air-Core-Inductor-Coil-257-042,5.19
255-416,Jantzen 1857 0.75mH 15 AWG Air Core Inductor,0.75,0.26,15.0,Air Core,https://www.parts-express.com/Jantzen-1857-0.75mH-15-AWG-Air-Core-Inductor-255-416,21.92
255-920,Jantzen L-0075 0.75mH 15 AWG Litz Wire Air Core,0.75,0.3,15.0,Air Core,https://www.parts-express.com/Jantzen-L-0075-0.75mH-15-AWG-Litz-Wire-Air-Core-Inductor-255-920,29.77
255-240,Jantzen 1075 0.75mH 18 AWG Air Core Inductor,0.75,0.42,18.0,Air Core,https://www.parts-express.com/Jantzen-1075-0.75mH-18-AWG-Air-Core-Inductor-255-240,11.46
257-316,Dayton Audio LW14-80 0.80mH 14 AWG Perfect Layer,0.8,0.22,14.0,Air Core,https://www.parts-express.com/Dayton-Audio-LW14-80-0.80mH-14-AWG-Perfect-Layer-Inductor-257-316,24.98
255-242,Jantzen 1285 0.80mH 18 AWG Air Core Inductor,0.8,0.43,18.0,Air Core,https://www.parts-express.com/Jantzen-1285-0.80mH-18-AWG-Air-Core-Inductor-255-242,12.31
257-822,Dayton Audio LW18-80 0.80mH 18 AWG Perfect Layer,0.8,0.44,18.0,Air Core,https://www.parts-express.com/Dayton-Audio-LW18-80-0.80mH-18-AWG-Perfect-Layer-Inductor-257-822,8.29
255-044,Jantzen 1394 0.80mH 20 AWG Air Core Inductor,0.8,0.62,20.0,Air Core,https://www.parts-express.com/Jantzen-1394-0.80mH-20-AWG-Air-Core-Inductor-255-044,10.13
257-044,Dayton Audio AC20-80 0.80mH 20 AWG Air Core Induc,0.8,0.64,20.0,Air Core,https://www.parts-express.com/Dayton-Audio-AC20-80-0.80mH-20-AWG-Air-Core-Inductor-Coil-257-044,5.59
255-418,Jantzen 1897 0.82mH 15 AWG Air Core Inductor,0.82,0.27,15.0,Air Core,https://www.parts-express.com/Jantzen-1897-0.82mH-15-AWG-Air-Core-Inductor-255-418,23.77
255-626,Jantzen 7792 0.82mH 16 AWG Copper Foil Inductor,0.82,0.31,16.0,Copper Foil,https://www.parts-express.com/Jantzen-7792-0.82mH-16-AWG-Copper-Foil-Inductor-255-626,12.35
257-626,Dayton Audio CF16-82 0.82mH 16 AWG Copper Foil,0.82,0.31,16.0,Copper Foil,https://www.parts-express.com/Dayton-Audio-CF16-82-0.82mH-16-AWG-Copper-Foil-Inductor-257-626,12.35
255-922,Jantzen L-0085 0.85mH 15 AWG Litz Wire Air Core,0.85,0.32,15.0,Air Core,https://www.parts-express.com/Jantzen-L-0085-0.85mH-15-AWG-Litz-Wire-Air-Core-Inductor-255-922,
255-244,Jantzen 1284 0.85mH 18 AWG Air Core Inductor,0.85,0.44,18.0,Air Core,https://www.parts-express.com/Jantzen-1284-0.85mH-18-AWG-Air-Core-Inductor-255-244,
257-318,Dayton Audio LW14-90 0.90mH 14 AWG Perfect Layer,0.9,0.23,14.0,Air Core,https://www.parts-express.com/Dayton-Audio-LW14-90-0.90mH-14-AWG-Perfect-Layer-Inductor-257-318,
255-246,Jantzen 1953 0.90mH 18 AWG Air Core Inductor,0.9,0.46,18.0,Air Core,https://www.parts-express.com/Jantzen-1953-0.90mH-18-AWG-Air-Core-Inductor-255-246,12.25
257-824,Dayton Audio LW18-90 0.90mH 18 AWG Perfect Layer,0.9,0.48,18.0,Air Core,https://www.parts-express.com/Dayton-Audio-LW18-90-0.90mH-18-AWG-Perfect-Layer-Inductor-257-824,8.29
255-046,Jantzen 1526 0.90mH 20 AWG Air Core Inductor,0.9,0.67,20.0,Air Core,https://www.parts-express.com/Jantzen-1526-0.90mH-20-AWG-Air-Core-Inductor-255-046,5.99
257-046,Dayton Audio AC20-90 0.90mH 20 AWG Air Core Induc,0.9,0.71,20.0,Air Core,https://www.parts-express.com/Dayton-Audio-AC20-90-0.90mH-20-AWG-Air-Core-Inductor-Coil-257-046,5.99
255-420,Jantzen 1862 0.91mH 15 AWG Air Core Inductor,0.91,0.29,15.0,Air Core,https://www.parts-express.com/Jantzen-1862-0.91mH-15-AWG-Air-Core-Inductor-255-420,23.9
255-248,Jantzen 1954 0.95mH 18 AWG Air Core Inductor,0.95,0.48,18.0,Air Core,https://www.parts-express.com/Jantzen-1954-0.95mH-18-AWG-Air-Core-Inductor-255-248,13.71
255-150,Jantzen 5806 1.0mH 13 AWG P-Core Inductor Crosso,1.0,0.066,13.0,Solid Core,https://www.parts-express.com/Jantzen-5806-1.0mH-13-AWG-P-Core-Inductor-Crossover-Coil-255-150,22.96
257-320,Dayton Audio LW141 1.0mH 14 AWG Perfect Layer,1.0,0.26,14.0,Air Core,https://www.parts-express.com/Dayton-Audio-LW141-1.0mH-14-AWG-Perfect-Layer-Inductor-257-320,29.98
255-100,Jantzen 5117 1.0mH 15 AWG P-Core Inductor,1.0,0.095,15.0,Solid Core,https://www.parts-express.com/Jantzen-5117-1.0mH-15-AWG-P-Core-Inductor-255-100,16.87
255-422,Jantzen 1898 1.0mH 15 AWG Air Core Inductor,1.0,0.3,15.0,Air Core,https://www.parts-express.com/Jantzen-1898-1.0mH-15-AWG-Air-Core-Inductor-255-422,26.38
255-926,Jantzen L-0100 1.00mH 15 AWG Litz Wire Air Core,1.0,0.35,15.0,Air Core,https://www.parts-express.com/Jantzen-L-0100-1.00mH-15-AWG-Litz-Wire-Air-Core-Inductor-255-926,34.4
255-628,Jantzen 7825 1.0mH 16 AWG Copper Foil Inductor,1.0,0.34,16.0,Copper Foil,https://www.parts-express.com/Jantzen-7825-1.0mH-16-AWG-Copper-Foil-Inductor-255-628,10.75
255-515,Jantzen 8630 1.0mH 16 AWG Copper Foil Wax Coil,1.0,0.368,16.0,Copper Foil,https://www.parts-express.com/Jantzen-8630-1.0mH-16-AWG-Copper-Foil-Wax-Coil-255-515,57.25
257-628,Dayton Audio CF161 1.0mH 16 AWG Copper Foil Inductor,1.0,0.37,16.0,Copper Foil,https://www.parts-express.com/Dayton-Audio-CF161-1.0mH-16-AWG-Copper-Foil-Inductor-257-628,24.98
255-250,Jantzen 1239 1.0mH 18 AWG Air Core Inductor,1.0,0.48,18.0,Air Core,https://www.parts-express.com/Jantzen-1239-1.0mH-18-AWG-Air-Core-Inductor-255-250,26.38
257-826,Dayton Audio LW181 1.0mH 18 AWG Perfect Layer,1.0,0.51,18.0,Air Core,https://www.parts-express.com/Dayton-Audio-LW181-1.0mH-18-AWG-Perfect-Layer-Inductor-257-826,8.98
255-048,Jantzen 1056 1.0mH 20 AWG Air Core Inductor,1.0,0.71,20.0,Air Core,https://www.parts-express.com/Jantzen-1056-1.0mH-20-AWG-Air-Core-Inductor-255-048,14.15
257-048,Dayton Audio AC201 1.0mH 20 AWG Air Core Induc,1.0,0.73,20.0,Air Core,https://www.parts-express.com/Dayton-Audio-AC201-1.0mH-20-AWG-Air-Core-Inductor-Coil-257-048,9.52
255-928,Jantzen L-0110 1.10mH 15 AWG Litz Wire Air Core,1.1,0.37,15.0,Air Core,https://www.parts-express.com/Jantzen-L-0110-1.10mH-15-AWG-Litz-Wire-Air-Core-Inductor-255-928,36.29
255-252,Jantzen 1078 1.1mH 18 AWG Air Core Inductor,1.1,0.57,18.0,Air Core,https://www.parts-express.com/Jantzen-1078-1.1mH-18-AWG-Air-Core-Inductor-255-252,14.15
257-322,Dayton Audio LW141-2 1.2mH 14 AWG Perfect Layer,1.2,0.29,14.0,Air Core,https://www.parts-express.com/Dayton-Audio-LW141-2-1.2mH-14-AWG-Perfect-Layer-Inductor-257-322,35.99
255-565,Jantzen 8375 1.2mH 14 AWG Copper Foil Wax Coil,1.2,0.293,14.0,Copper Foil,https://www.parts-express.com/Jantzen-8375-1.2mH-14-AWG-Copper-Foil-Wax-Coil-255-565,
255-102,Jantzen 5004 1.2mH 15 AWG P-Core Inductor,1.2,0.11,15.0,Solid Core,https://www.parts-express.com/Jantzen-5004-1.2mH-15-AWG-P-Core-Inductor-255-102,17.88
255-424,Jantzen 1899 1.2mH 15 AWG Air Core Inductor,1.2,0.33,15.0,Air Core,https://www.parts-express.com/Jantzen-1899-1.2mH-15-AWG-Air-Core-Inductor-255-424,26.81
255-254,Jantzen 1901 1.2mH 18 AWG Air Core Inductor,1.2,0.6,18.0,Air Core,https://www.parts-express.com/Jantzen-1901-1.2mH-18-AWG-Air-Core-Inductor-255-254,10.17
255-050,Jantzen 1864 1.2mH 20 AWG Air Core Inductor,1.2,0.8,20.0,Air Core,https://www.parts-express.com/Jantzen-1864-1.2mH-20-AWG-Air-Core-Inductor-255-050,10.17
257-050,Dayton Audio AC201-2 1.2mH 20 AWG Air Core Induc,1.2,0.82,20.0,Air Core,https://www.parts-express.com/Dayton-Audio-AC201-2-1.2mH-20-AWG-Air-Core-Inductor-Coil-257-050,10.17
255-932,Jantzen L-0130 1.30mH 15 AWG Litz Wire Air Core,1.3,0.4,15.0,Air Core,https://www.parts-express.com/Jantzen-L-0130-1.30mH-15-AWG-Litz-Wire-Air-Core-Inductor-255-932,41.17
255-256,Jantzen 1048 1.3mH 18 AWG Air Core Inductor,1.3,0.61,18.0,Air Core,https://www.parts-express.com/Jantzen-1048-1.3mH-18-AWG-Air-Core-Inductor-255-256,16.92
255-258,Jantzen 1955 1.4mH 18 AWG Air Core Inductor,1.4,0.65,18.0,Air Core,https://www.parts-express.com/Jantzen-1955-1.4mH-18-AWG-Air-Core-Inductor-255-258,17.04
257-051,Dayton Audio AC201-4 1.4mH 20 AWG Air Core Induc,1.4,0.89,20.0,Air Core,https://www.parts-express.com/Dayton-Audio-AC201-4-1.4mH-20-AWG-Air-Core-Inductor-Coil-257-051,
257-324,Dayton Audio LW141-5 1.5mH 14 AWG Perfect Layer,1.5,0.32,14.0,Air Core,https://www.parts-express.com/Dayton-Audio-LW141-5-1.5mH-14-AWG-Perfect-Layer-Inductor-257-324,
255-104,Jantzen 5203 1.5mH 15 AWG P-Core Inductor,1.5,0.12,15.0,Solid Core,https://www.parts-express.com/Jantzen-5203-1.5mH-15-AWG-P-Core-Inductor-255-104,
255-426,Jantzen 1469 1.5mH 15 AWG Air Core Inductor,1.5,0.38,15.0,Air Core,https://www.parts-express.com/Jantzen-1469-1.5mH-15-AWG-Air-Core-Inductor-255-426,31.31
255-936,Jantzen L-0150 1.50mH 15 AWG Litz Wire Air Core,1.5,0.45,15.0,Air Core,https://www.parts-express.com/Jantzen-L-0150-1.50mH-15-AWG-Litz-Wire-Air-Core-Inductor-255-936,44.21
257-832,Dayton Audio LW181-5 1.5mH 18 AWG Perfect Layer,1.5,0.64,18.0,Air Core,https://www.parts-express.com/Dayton-Audio-LW181-5-1.5mH-18-AWG-Perfect-Layer-Inductor-257-832,10.39
255-260,Jantzen 1087 1.5mH 18 AWG Air Core Inductor,1.5,0.67,18.0,Air Core,https://www.parts-express.com/Jantzen-1087-1.5mH-18-AWG-Air-Core-Inductor-255-260,
257-052,Dayton Audio AC201-5 1.5mH 20 AWG Air Core Induc,1.5,0.91,20.0,Air Core,https://www.parts-express.com/Dayton-Audio-AC201-5-1.5mH-20-AWG-Air-Core-Inductor-Coil-257-052,11.54
255-052,Jantzen 1060 1.5mH 20 AWG Air Core Inductor,1.5,1.0,20.0,Air Core,https://www.parts-express.com/Jantzen-1060-1.5mH-20-AWG-Air-Core-Inductor-255-052,6.89
255-262,Jantzen 1516 1.7mH 18 AWG Air Core Inductor,1.7,0.72,18.0,Air Core,https://www.parts-express.com/Jantzen-1516-1.7mH-18-AWG-Air-Core-Inductor-255-262,16.81
255-263,Jantzen 0157 1.75mH 18 AWG Air Core Inductor,1.75,0.69,18.0,Air Core,https://www.parts-express.com/Jantzen-0157-1.75mH-18-AWG-Air-Core-Inductor-255-263,17.94
255-053,Jantzen 0819 1.75mH 20 AWG Air Core Inductor,1.75,0.97,20.0,Air Core,https://www.parts-express.com/Jantzen-0819-1.75mH-20-AWG-Air-Core-Inductor-255-053,11.5
255-428,Jantzen 1484 1.8mH 15 AWG Air Core Inductor,1.8,0.42,15.0,Air Core,https://www.parts-express.com/Jantzen-1484-1.8mH-15-AWG-Air-Core-Inductor-255-428,32.79
255-530,Jantzen 0180 1.8 mH 15AWG Wax Air Coil,1.8,0.49,15.0,Air Core,https://www.parts-express.com/Jantzen-L-0180-1.8-mH-15AWG-Wax-Air-Coil-255-530,40.21
255-264,Jantzen 1131 1.8mH 18 AWG Air Core Inductor,1.8,0.74,18.0,Air Core,https://www.parts-express.com/Jantzen-1131-1.8mH-18-AWG-Air-Core-Inductor-255-264,18.67
255-157,Jantzen 5811 2.0mH 13 AWG P-Core Inductor Crosso,2.0,0.093,13.0,Solid Core,https://www.parts-express.com/Jantzen-5811-2.0mH-13-AWG-P-Core-Inductor-Crossover-Coil-255-157,
257-328,Dayton Audio LW142 2.0mH 14 AWG Perfect Layer,2.0,0.38,14.0,Air Core,https://www.parts-express.com/Dayton-Audio-LW142-2.0mH-14-AWG-Perfect-Layer-Inductor-257-328,
255-430,Jantzen 1166 2.0mH 15 AWG Air Core Inductor,2.0,0.5,15.0,Air Core,https://www.parts-express.com/Jantzen-1166-2.0mH-15-AWG-Air-Core-Inductor-255-430,
255-938,Jantzen L-0200 2.00mH 15 AWG Litz Wire Air Core,2.0,0.52,15.0,Air Core,https://www.parts-express.com/Jantzen-L-0200-2.00mH-15-AWG-Litz-Wire-Air-Core-Inductor-255-938,42.06
257-834,Dayton Audio LW182 2.0mH 18 AWG Perfect Layer,2.0,0.79,18.0,Air Core,https://www.parts-express.com/Dayton-Audio-LW182-2.0mH-18-AWG-Perfect-Layer-Inductor-257-834,12.98
255-266,Jantzen 1063 2.0mH 18 AWG Air Core Inductor,2.0,0.8,18.0,Air Core,https://www.parts-express.com/Jantzen-1063-2.0mH-18-AWG-Air-Core-Inductor-255-266,18.52
257-054,Dayton Audio AC202 2.0mH 20 AWG Air Core Induc,2.0,1.06,20.0,Air Core,https://www.parts-express.com/Dayton-Audio-AC202-2.0mH-20-AWG-Air-Core-Inductor-Coil-257-054,14.08
255-054,Jantzen 1062 2.0mH 20 AWG Air Core Inductor,2.0,1.18,20.0,Air Core,https://www.parts-express.com/Jantzen-1062-2.0mH-20-AWG-Air-Core-Inductor-255-054,7.99
255-808,Jantzen 6085 2.2mH 14 AWG C-Coil Toroidal Inductor,2.2,0.06,14.0,Solid Core,https://www.parts-express.com/Jantzen-6085-2.2mH-14-AWG-C-Coil-Toroidal-Inductor-255-808,
255-108,Jantzen 5010 2.2mH 15 AWG P-Core Inductor,2.2,0.15,15.0,Solid Core,https://www.parts-express.com/Jantzen-5010-2.2mH-15-AWG-P-Core-Inductor-255-108,41.04
255-432,Jantzen 1495 2.2mH 15 AWG Air Core Inductor,2.2,0.52,15.0,Air Core,https://www.parts-express.com/Jantzen-1495-2.2mH-15-AWG-Air-Core-Inductor-255-432,21.08
255-130,Jantzen 5280 2.2mH 20 AWG P-Core Inductor Cros,2.2,0.4,20.0,Solid Core,https://www.parts-express.com/Jantzen-5280-2.2mH-20-AWG-P-Core-Inductor-Crossover-Coil-255-130,9.08
257-332,Dayton Audio LW142-5 2.5mH 14 AWG Perfect Layer,2.5,0.43,14.0,Air Core,https://www.parts-express.com/Dayton-Audio-LW142-5-2.5mH-14-AWG-Perfect-Layer-Inductor-257-332,46.98
255-270,Jantzen 1088 2.5mH 18 AWG Air Core Inductor,2.5,0.88,18.0,Air Core,https://www.parts-express.com/Jantzen-1088-2.5mH-18-AWG-Air-Core-Inductor-255-270,
257-836,Dayton Audio LW182-5 2.5mH 18 AWG Perfect Layer,2.5,0.91,18.0,Air Core,https://www.parts-express.com/Dayton-Audio-LW182-5-2.5mH-18-AWG-Perfect-Layer-Inductor-257-836,20.31
255-110,Jantzen 5118 2.7mH 15 AWG P-Core Inductor,2.7,0.155,15.0,Solid Core,https://www.parts-express.com/Jantzen-5118-2.7mH-15-AWG-P-Core-Inductor-255-110,22.38
255-434,Jantzen 1802 2.7mH 15 AWG Air Core Inductor,2.7,0.59,15.0,Air Core,https://www.parts-express.com/Jantzen-1802-2.7mH-15-AWG-Air-Core-Inductor-255-434,44.4
255-272,Jantzen 1307 2.7mH 18 AWG Air Core Inductor,2.7,0.92,18.0,Air Core,https://www.parts-express.com/Jantzen-1307-2.7mH-18-AWG-Air-Core-Inductor-255-272,21.13
255-436,Jantzen 1894 3.0mH 15 AWG Air Core Inductor,3.0,0.64,15.0,Air Core,https://www.parts-express.com/Jantzen-1894-3.0mH-15-AWG-Air-Core-Inductor-255-436,48.21
255-274,Jantzen 1068 3.0mH 18 AWG Air Core Inductor,3.0,0.99,18.0,Air Core,https://www.parts-express.com/Jantzen-1068-3.0mH-18-AWG-Air-Core-Inductor-255-274,21.69
257-838,Dayton Audio LW183 3.0mH 18 AWG Perfect Layer,3.0,1.0,18.0,Air Core,https://www.parts-express.com/Dayton-Audio-LW183-3.0mH-18-AWG-Perfect-Layer-Inductor-257-838,
255-056,Jantzen 1913 3.0mH 20 AWG Air Core Inductor,3.0,1.38,20.0,Air Core,https://www.parts-express.com/Jantzen-1913-3.0mH-20-AWG-Air-Core-Inductor-255-056,
255-812,Jantzen 6125 3.3mH 14 AWG C-Coil Toroidal Inductor,3.3,0.07,14.0,Solid Core,https://www.parts-express.com/Jantzen-6125-3.3mH-14-AWG-C-Coil-Toroidal-Inductor-255-812,56.06
255-112,Jantzen 5229 3.3mH 15 AWG P-Core Inductor,3.3,0.17,15.0,Solid Core,https://www.parts-express.com/Jantzen-5229-3.3mH-15-AWG-P-Core-Inductor-255-112,23.6
255-438,Jantzen 1494 3.3mH 15 AWG Air Core Inductor,3.3,0.66,15.0,Air Core,https://www.parts-express.com/Jantzen-1494-3.3mH-15-AWG-Air-Core-Inductor-255-438,
255-276,Jantzen 1070 3.3mH 18 AWG Air Core Inductor,3.3,1.04,18.0,Air Core,https://www.parts-express.com/Jantzen-1070-3.3mH-18-AWG-Air-Core-Inductor-255-276,22.81
255-278,Jantzen 1975 3.5mH 18 AWG Air Core Inductor,3.5,1.1,18.0,Air Core,https://www.parts-express.com/Jantzen-1975-3.5mH-18-AWG-Air-Core-Inductor-255-278,23.37
255-163,Jantzen 5836 3.6mH 13 AWG P-Core Inductor Crosso,3.6,0.15,13.0,Solid Core,https://www.parts-express.com/Jantzen-5836-3.6mH-13-AWG-P-Core-Inductor-Crossover-Coil-255-163,37.6
255-816,Jantzen 6170 3.9mH 14 AWG C-Coil Toroidal Inductor,3.9,0.069,14.0,Solid Core,https://www.parts-express.com/Jantzen-6170-3.9mH-14-AWG-C-Coil-Toroidal-Inductor-255-816,69.75
255-114,Jantzen 5228 3.9mH 15 AWG P-Core Inductor,3.9,0.19,15.0,Solid Core,https://www.parts-express.com/Jantzen-5228-3.9mH-15-AWG-P-Core-Inductor-255-114,24.94
255-440,Jantzen 1099 4.0mH 15 AWG Air Core Inductor,4.0,0.72,15.0,Air Core,https://www.parts-express.com/Jantzen-1099-4.0mH-15-AWG-Air-Core-Inductor-255-440,54.38
255-280,Jantzen 1956 4.0mH 18 AWG Air Core Inductor,4.0,1.15,18.0,Air Core,https://www.parts-express.com/Jantzen-1956-4.0mH-18-AWG-Air-Core-Inductor-255-280,
257-842,Dayton Audio LW184 4.0mH 18 AWG Perfect Layer,4.0,1.2,18.0,Air Core,https://www.parts-express.com/Dayton-Audio-LW184-4.0mH-18-AWG-Perfect-Layer-Inductor-257-842,
255-058,Jantzen 1981 4.0mH 20 AWG Air Core Inductor,4.0,2.04,20.0,Air Core,https://www.parts-express.com/Jantzen-1981-4.0mH-20-AWG-Air-Core-Inductor-255-058,17.67
255-282,Jantzen 1957 4.5mH 18 AWG Air Core Inductor,4.5,1.25,18.0,Air Core,https://www.parts-express.com/Jantzen-1957-4.5mH-18-AWG-Air-Core-Inductor-255-282,
255-820,Jantzen 6225 4.7mH 14 AWG C-Coil Toroidal Inductor,4.7,0.072,14.0,Solid Core,https://www.parts-express.com/Jantzen-6225-4.7mH-14-AWG-C-Coil-Toroidal-Inductor-255-820,
255-116,Jantzen 5119 4.7mH 15 AWG P-Core Inductor,4.7,0.22,15.0,Solid Core,https://www.parts-express.com/Jantzen-5119-4.7mH-15-AWG-P-Core-Inductor-255-116,
255-284,Jantzen 1892 5.0mH 18 AWG Air Core Inductor,5.0,1.3,18.0,Air Core,https://www.parts-express.com/Jantzen-1892-5.0mH-18-AWG-Air-Core-Inductor-255-284,27.4
257-846,Dayton Audio LW185 5.0mH 18 AWG Perfect Layer,5.0,1.33,18.0,Air Core,https://www.parts-express.com/Dayton-Audio-LW185-5.0mH-18-AWG-Perfect-Layer-Inductor-257-846,
255-060,Jantzen 1982 5.0mH 20 AWG Air Core Inductor,5.0,2.32,20.0,Air Core,https://www.parts-express.com/Jantzen-1982-5.0mH-20-AWG-Air-Core-Inductor-255-060,20.02
255-285,Jantzen 0805 5.4mH 18 AWG Air Core Inductor Crosso,5.4,1.33,18.0,Air Core,https://www.parts-express.com/Jantzen-0805-5.4mH-18-AWG-Air-Core-Inductor-Crossover-Coil-255-285,
257-848,Dayton Audio LW185-5 5.5mH 18 AWG Perfect Layer,5.5,1.47,18.0,Air Core,https://www.parts-express.com/Dayton-Audio-LW185-5-5.5mH-18-AWG-Perfect-Layer-Inductor-257-848,22.98
255-824,Jantzen 6295 5.6mH 14 AWG C-Coil Toroidal Inductor,5.6,0.078,14.0,Solid Core,https://www.parts-express.com/Jantzen-6295-5.6mH-14-AWG-C-Coil-Toroidal-Inductor-255-824,72.48
255-118,Jantzen 5176 5.6mH 15 AWG P-Core Inductor,5.6,0.25,15.0,Solid Core,https://www.parts-express.com/Jantzen-5176-5.6mH-15-AWG-P-Core-Inductor-255-118,28.44
255-286,Jantzen 1958 6.0mH 18 AWG Air Core Inductor,6.0,1.45,18.0,Air Core,https://www.parts-express.com/Jantzen-1958-6.0mH-18-AWG-Air-Core-Inductor-255-286,
257-850,Dayton Audio LW186 6.0mH 18 AWG Perfect Layer,6.0,1.48,18.0,Air Core,https://www.parts-express.com/Dayton-Audio-LW186-6.0mH-18-AWG-Perfect-Layer-Inductor-257-850,22.98
255-120,Jantzen 5173 6.8mH 15 AWG P-Core Inductor,6.8,0.29,15.0,Solid Core,https://www.parts-express.com/Jantzen-5173-6.8mH-15-AWG-P-Core-Inductor-255-120,31.23
255-446,Jantzen 1506 7.0mH 15 AWG Air Core Inductor,7.0,0.98,15.0,Air Core,https://www.parts-express.com/Jantzen-1506-7.0mH-15-AWG-Air-Core-Inductor-255-446,70.56
255-288,Jantzen 1959 7.0mH 18 AWG Air Core Inductor,7.0,1.6,18.0,Air Core,https://www.parts-express.com/Jantzen-1959-7.0mH-18-AWG-Air-Core-Inductor-255-288,
257-852,Dayton Audio LW187 7.0mH 18 AWG Perfect Layer,7.0,1.62,18.0,Air Core,https://www.parts-express.com/Dayton-Audio-LW187-7.0mH-18-AWG-Perfect-Layer-Inductor-257-852,24.98
255-290,Jantzen 1960 8.0mH 18 AWG Air Core Inductor,8.0,1.75,18.0,Air Core,https://www.parts-express.com/Jantzen-1960-8.0mH-18-AWG-Air-Core-Inductor-255-290,35.81
257-854,Dayton Audio LW188 8.0mH 18 AWG Perfect Layer,8.0,1.8,18.0,Air Core,https://www.parts-express.com/Dayton-Audio-LW188-8.0mH-18-AWG-Perfect-Layer-Inductor-257-854,24.98
255-832,Jantzen 6430 8.2mH 14 AWG C-Coil Toroidal Inductor,8.2,0.095,14.0,Solid Core,https://www.parts-express.com/Jantzen-6430-8.2mH-14-AWG-C-Coil-Toroidal-Inductor-255-832,74.46
255-122,Jantzen 5329 8.2mH 15 AWG P-Core Inductor,8.2,0.33,15.0,Solid Core,https://www.parts-express.com/Jantzen-5329-8.2mH-15-AWG-P-Core-Inductor-255-122,32.67
255-836,Jantzen 6485 10mH 14 AWG C-Coil Toroidal Inductor,10.0,0.102,14.0,Solid Core,https://www.parts-express.com/Jantzen-6485-10mH-14-AWG-C-Coil-Toroidal-Inductor-255-836,
255-124,Jantzen 5387 10mH 15 AWG P-Core Inductor,10.0,0.39,15.0,Solid Core,https://www.parts-express.com/Jantzen-5387-10mH-15-AWG-P-Core-Inductor-255-124,38.31
255-448,Jantzen 1601 10mH 15 AWG Air Core Inductor,10.0,1.2,15.0,Air Core,https://www.parts-express.com/Jantzen-1601-10mH-15-AWG-Air-Core-Inductor-255-448,88.88
255-294,Jantzen 1962 10mH 18 AWG Air Core Inductor,10.0,1.95,18.0,Air Core,https://www.parts-express.com/Jantzen-1962-10mH-18-AWG-Air-Core-Inductor-255-294,39.38
257-858,Dayton Audio LW1810 10mH 18 AWG Perfect Layer,10.0,2.03,18.0,Air Core,https://www.parts-express.com/Dayton-Audio-LW1810-10mH-18-AWG-Perfect-Layer-Inductor-257-858,31.98
255-840,Jantzen 6515 12mH 14 AWG C-Coil Toroidal Inductor,12.0,0.114,14.0,Solid Core,https://www.parts-express.com/Jantzen-6515-12mH-14-AWG-C-Coil-Toroidal-Inductor-255-840,78.9
255-296,Jantzen 1971 12mH 18 AWG Air Core Inductor,12.0,2.05,18.0,Air Core,https://www.parts-express.com/Jantzen-1971-12mH-18-AWG-Air-Core-Inductor-255-296,43.37
255-841,Jantzen 6540 13mH 12 AWG C-Coil Toroidal Inductor,13.0,0.1,12.0,Solid Core,https://www.parts-express.com/Jantzen-6540-13mH-12-AWG-C-Coil-Toroidal-Inductor-255-841,6.29
255-128,Jantzen 5241 15mH 15 AWG P-Core Inductor,15.0,0.55,15.0,Solid Core,https://www.parts-express.com/Jantzen-5241-15mH-15-AWG-P-Core-Inductor-255-128,46.98
255-842,Jantzen 6577 16mH 14 AWG C-Coil Toroidal Inductor,16.0,0.16,14.0,Solid Core,https://www.parts-express.com/Jantzen-6577-16mH-14-AWG-C-Coil-Toroidal-Inductor-255-842,122.85
255-298,Jantzen 0873 16mH 18 AWG Air Core Inductor,16.0,2.66,18.0,Air Core,https://www.parts-express.com/Jantzen-0873-16mH-18-AWG-Air-Core-Inductor-255-298,51.73
255-844,Jantzen 6595 18mH 14 AWG C-Coil Toroidal Inductor,18.0,0.174,14.0,Solid Core,https://www.parts-express.com/Jantzen-6595-18mH-14-AWG-C-Coil-Toroidal-Inductor-255-844,103.23
255-117,Jantzen 5489 5.500 mH 15 AWG Iron Core Wire Coil Wi,5.5,0.26,15.0,Solid Core,https://www.parts-express.com/Jantzen-5489-5.500-mH-15-AWG-Iron-Core-Wire-Coil-With-Discs-255-117,28.33
257-650,Dayton Audio IC181 1.0mH 18 AWG I Core Inductor,1.0,0.19,18.0,Solid core,https://www.parts-express.com/Dayton-Audio-IC181-1.0mH-18-AWG-Laminated-Iron-Core-Inductor-257-650,6.39
257-652,Dayton Audio IC181-5 1.5mH 18 AWG I Core Inductor,1.5,0.24,18.0,Solid core,https://www.parts-express.com/Dayton-Audio-IC181-5-1.5mH-18-AWG-Laminated-Iron-Core-Inductor-257-652,7.29
257-654,Dayton Audio IC182 2.0mH 18 AWG I Core Inductor,2.0,0.29,18.0,Solid core,https://www.parts-express.com/Dayton-Audio-IC182-2.0mH-18-AWG-Laminated-Iron-Core-Inductor-257-654,8.39
257-656,Dayton Audio IC182-5 2.5mH 18 AWG I Core Inductor,2.5,0.31,18.0,Solid core,https://www.parts-express.com/Dayton-Audio-IC182-5-2.5mH-18-AWG-Laminated-Iron-Core-Inductor-257-656,8.89
257-658,Dayton Audio IC183 3.0mH 18 AWG I Core Inductor,3.0,0.36,18.0,Solid core,https://www.parts-express.com/Dayton-Audio-IC183-3.0mH-18-AWG-Laminated-Iron-Core-Inductor-257-658,9.49
257-660,Dayton Audio IC183-5 3.5mH 18 AWG I Core Inductor,3.5,0.39,18.0,Solid core,https://www.parts-express.com/Dayton-Audio-IC183-5-3.5mH-18-AWG-Laminated-Iron-Core-Inductor-257-660,9.79
257-662,Dayton Audio IC184 4.0mH 18 AWG I Core Inductor,4.0,0.44,18.0,Solid core,https://www.parts-express.com/Dayton-Audio-IC184-4.0mH-18-AWG-Laminated-Iron-Core-Inductor-257-662,10.29
257-664,Dayton Audio IC184-5 4.5mH 18 AWG I Core Inductor,4.5,0.46,18.0,Solid core,https://www.parts-express.com/Dayton-Audio-IC184-5-4.5mH-18-AWG-Laminated-Iron-Core-Inductor-257-664,10.99
257-666,Dayton Audio IC184-7 4.7mH 18 AWG I Core Inductor,4.7,0.47,18.0,Solid core,https://www.parts-express.com/Dayton-Audio-IC184-7-4.7mH-18-AWG-Laminated-Iron-Core-Inductor-257-666,11.39
257-668,Dayton Audio IC185 5.0mH 18 AWG I Core Inductor,5.0,0.49,18.0,Solid core,https://www.parts-express.com/Dayton-Audio-IC185-5.0mH-18-AWG-Laminated-Iron-Core-Inductor-257-668,12.19
257-670,Dayton Audio IC185-5 5.5mH 18 AWG I Core Inductor,5.5,0.5,18.0,Solid core,https://www.parts-express.com/Dayton-Audio-IC185-5-5.5mH-18-AWG-Laminated-Iron-Core-Inductor-257-670,13.29
257-672,Dayton Audio IC186 6.0mH 18 AWG I Core Inductor,6.0,0.55,18.0,Solid core,https://www.parts-express.com/Dayton-Audio-IC186-6.0mH-18-AWG-Laminated-Iron-Core-Inductor-257-672,13.69
257-674,Dayton Audio IC187 7.0mH 18 AWG I Core Inductor,7.0,0.61,18.0,Solid core,https://www.parts-express.com/Dayton-Audio-IC187-7.0mH-18-AWG-Laminated-Iron-Core-Inductor-257-674,14.79
257-676,Dayton Audio IC188 8.0mH 18 AWG I Core Inductor,8.0,0.66,18.0,Solid core,https://www.parts-express.com/Dayton-Audio-IC188-8.0mH-18-AWG-Laminated-Iron-Core-Inductor-257-676,15.98
257-678,Dayton Audio IC189 9.0mH 18 AWG I Core Inductor,9.0,0.72,18.0,Solid core,https://www.parts-express.com/Dayton-Audio-IC189-9.0mH-18-AWG-Laminated-Iron-Core-Inductor-257-678,16.98
257-680,Dayton Audio IC1810 10mH 18 AWG I Core Inductor,10.0,0.78,18.0,Solid core,https://www.parts-express.com/Dayton-Audio-IC1810-10mH-18-AWG-Laminated-Iron-Core-Inductor-257-680,18.29
