PartNumber,Description,Value,DCR_Ohm,AWG,Type,URL,Price
Jantzen Audio 000-76064,"Jantzen Audio 000-76064 | 0,01 mH | 0,03 Ω | 2% | 16 AWG",0.01,0.03,16.0,Air Core,https://www.soundimports.eu/en/jantzen-audio-000-76064.html,15.45
Jantzen Audio 000-76065,"Jantzen Audio 000-76065 | 0,011 mH | 0,03 Ω | 2% | 16 AWG",0.011,0.03,16.0,Air Core,https://www.soundimports.eu/en/jantzen-audio-000-76065.html,15.95
Jantzen Audio 000-7260,"Jantzen Audio 000-7260 | 0,011 mH | 0,02 Ω | 2% | 14 AWG",0.011,0.02,14.0,Air Core,https://www.soundimports.eu/en/jantzen-audio-000-7260.html,17.45
Jantzen Audio 000-85192,"Jantzen Audio 000-85192 | 0,02 mH | 0,04 Ω | 2% | 16 AWG",0.02,0.04,16.0,Air Core,https://www.soundimports.eu/en/jantzen-audio-000-85192.html,16.95
Jantzen Audio 000-1804,"Jantzen Audio 000-1804 | 0,025 mH | 0,06 Ω | 1% | 18 AWG",0.025,0.06,18.0,Air Core,https://www.soundimports.eu/en/jantzen-audio-000-1804.html,5.44
Jantzen Audio 000-76075,"Jantzen Audio 000-76075 | 0,025 mH | 0,05 Ω | 2% | 16 AWG",0.025,0.05,16.0,Air Core,https://www.soundimports.eu/en/jantzen-audio-000-76075.html,17.45
Jantzen Audio 000-7273,"Jantzen Audio 000-7273 | 0,025 mH | 0,03 Ω | 2% | 14 AWG",0.025,0.03,14.0,Air Core,https://www.soundimports.eu/en/jantzen-audio-000-7273.html,19.44
Jantzen Audio 000-76077,"Jantzen Audio 000-76077 | 0,027 mH | 0,05 Ω | 2% | 16 AWG",0.027,0.05,16.0,Air Core,https://www.soundimports.eu/en/jantzen-audio-000-76077.html,17.45
Jantzen Audio 000-8006,"Jantzen Audio 000-8006 | 0,033 mH | 0,03 Ω | 2% | 12 AWG",0.033,0.03,12.0,Air Core,https://www.soundimports.eu/en/jantzen-audio-000-8006.html,24.45
Dayton Audio LW18-05,Dayton Audio LW18-05 | 0.05 mH | 0.10 Ω | 5% | 18 AWG,0.05,0.1,18.0,Air Core,https://www.soundimports.eu/en/dayton-audio-lw18-05.html,3.99
Jantzen Audio 000-1963,"Jantzen Audio 000-1963 | 0,05 mH | 0,06 Ω | 5% | 18 AWG",0.05,0.06,18.0,Air Core,https://www.soundimports.eu/en/jantzen-audio-000-1963.html,5.44
Jantzen Audio 000-7611,"Jantzen Audio 000-7611 | 0,05 mH | 0,07 Ω | 2% | 16 AWG",0.05,0.07,16.0,Air Core,https://www.soundimports.eu/en/jantzen-audio-000-7611.html,17.94
Jantzen Audio 000-85194,"Jantzen Audio 000-85194 | 0,05 mH | 0,07 Ω | 2% | 16 AWG",0.05,0.07,16.0,Air Core,https://www.soundimports.eu/en/jantzen-audio-000-85194.html,18.45
Jantzen Audio 000-7004,"Jantzen Audio 000-7004 | 0,05 mH | 0,04 Ω | 2% | 12 AWG",0.05,0.04,12.0,Air Core,https://www.soundimports.eu/en/jantzen-audio-000-7004.html,25.95
Jantzen Audio 000-76115,"Jantzen Audio 000-76115 | 0,055 mH | 0,07 Ω | 2% | 16 AWG",0.055,0.07,16.0,Air Core,https://www.soundimports.eu/en/jantzen-audio-000-76115.html,18.45
Jantzen Audio 000-85196,"Jantzen Audio 000-85196 | 0,06 mH | 0,07 Ω | 2% | 16 AWG",0.06,0.07,16.0,Air Core,https://www.soundimports.eu/en/jantzen-audio-000-85196.html,19.44
Jantzen Audio 000-7615,"Jantzen Audio 000-7615 | 0,07 mH | 0,09 Ω | 2% | 16 AWG",0.07,0.09,16.0,Air Core,https://www.soundimports.eu/en/jantzen-audio-000-7615.html,18.45
Jantzen Audio 000-8009,"Jantzen Audio 000-8009 | 0,07 mH | 0,05 Ω | 2% | 12 AWG",0.07,0.05,12.0,Air Core,https://www.soundimports.eu/en/jantzen-audio-000-8009.html,30.46
Jantzen Audio 000-8264,"Jantzen Audio 000-8264 | 0,075 mH | 0,06 Ω | 2% | 14 AWG",0.075,0.06,14.0,Air Core,https://www.soundimports.eu/en/jantzen-audio-000-8264.html,23.95
Jantzen Audio 000-1028,"Jantzen Audio 000-1028 | 0,08 mH | 0,12 Ω | 3% | 18 AWG",0.08,0.12,18.0,Air Core,https://www.soundimports.eu/en/jantzen-audio-000-1028.html,5.95
Jantzen Audio 000-1534,"Jantzen Audio 000-1534 | 0,08 mH | 0,06 Ω | 3% | 15 AWG",0.08,0.06,15.0,Air Core,https://www.soundimports.eu/en/jantzen-audio-000-1534.html,8.45
Jantzen Audio 000-85198,"Jantzen Audio 000-85198 | 0,08 mH | 0,09 Ω | 2% | 16 AWG",0.08,0.09,16.0,Air Core,https://www.soundimports.eu/en/jantzen-audio-000-85198.html,19.95
Jantzen Audio 000-7005,"Jantzen Audio 000-7005 | 0,08 mH | 0,05 Ω | 2% | 12 AWG",0.08,0.05,12.0,Air Core,https://www.soundimports.eu/en/jantzen-audio-000-7005.html,29.45
Jantzen Audio 000-1646,"Jantzen Audio 000-1646 | 0,09 mH | 0,13 Ω | 3% | 18 AWG",0.09,0.13,18.0,Air Core,https://www.soundimports.eu/en/jantzen-audio-000-1646.html,6.45
Dayton Audio LW18-10,Dayton Audio LW18-10 | 0.10 mH | 0.14 Ω | 5% | 18 AWG,0.1,0.14,18.0,Air Core,https://www.soundimports.eu/en/dayton-audio-lw18-10.html,4.45
Jantzen Audio 000-1234,"Jantzen Audio 000-1234 | 0,10 mH | 0,12 Ω | 3% | 18 AWG",0.1,0.12,18.0,Air Core,https://www.soundimports.eu/en/jantzen-audio-000-1234.html,5.95
Jantzen Audio 000-1948,"Jantzen Audio 000-1948 | 0,10 mH | 0,13 Ω | 3% | 18 AWG",0.1,0.13,18.0,Air Core,https://www.soundimports.eu/en/jantzen-audio-000-1948.html,5.95
Jantzen Audio 000-1964,"Jantzen Audio 000-1964 | 0,10 mH | 0,13 Ω | 3% | 18 AWG",0.1,0.13,18.0,Air Core,https://www.soundimports.eu/en/jantzen-audio-000-1964.html,6.45
"Mundorf L100-0,10","Mundorf L100-0,10 | 0,10 mH | 0,14 Ω | 2% | 18 AWG",0.1,0.14,18.0,Air Core,https://www.soundimports.eu/en/mundorf-l100-010.html,6.95
Jantzen Audio 000-0206,"Jantzen Audio 000-0206 | 0,10 mH | 0,18 Ω | 3% | 18 AWG",0.1,0.18,18.0,Air Core,https://www.soundimports.eu/en/jantzen-audio-000-0206.html,6.95
Jantzen Audio 000-1810,"Jantzen Audio 000-1810 | 0,10 mH | 0,09 Ω | 3% | 17 AWG",0.1,0.09,17.0,Air Core,https://www.soundimports.eu/en/jantzen-audio-000-1810.html,7.45
Jantzen Audio 000-0951,"Jantzen Audio 000-0951 | 0,10 mH | 0,096 Ω | 3% | 17 AWG",0.1,0.096,17.0,Air Core,https://www.soundimports.eu/en/jantzen-audio-000-0951.html,7.45
Jantzen Audio 000-1533,"Jantzen Audio 000-1533 | 0,1 mH | 0,12 Ω | 3% | 17 AWG",0.1,0.12,17.0,Air Core,https://www.soundimports.eu/en/jantzen-audio-000-1533.html,7.95
Jantzen Audio 000-1535,"Jantzen Audio 000-1535 | 0,10 mH | 0,075 Ω | 3% | 15 AWG",0.1,0.075,15.0,Air Core,https://www.soundimports.eu/en/jantzen-audio-000-1535.html,7.95
Intertechnik LUT32/010/10,"Intertechnik LUT32/010/10 | 0,1 mH | 0,17 Ω | 3% | 18 AWG",0.1,0.17,18.0,Air Core,https://www.soundimports.eu/en/it-intertechnik-lut32-010-10.html,9.45
Jantzen Audio 000-L-0010,"Jantzen Audio 000-L-0010 | 0,10 mH | 0,09 Ω | 3% | 15 AWG",0.1,0.09,15.0,Air Core,https://www.soundimports.eu/en/jantzen-audio-000-l-0010.html,10.45
Jantzen Audio 000-0002,"Jantzen Audio 000-0002 | 0,10 mH | 0,067 Ω | 3% | 14 AWG",0.1,0.067,14.0,Air Core,https://www.soundimports.eu/en/jantzen-audio-000-0002.html,10.45
Intertechnik LU44/010/100,"Intertechnik LU44/010/100 | 0,1 mH | 0,14 Ω | 3% | 18 AWG",0.1,0.14,18.0,Air Core,https://www.soundimports.eu/en/it-intertechnik-lu44-010-100.html,11.45
Intertechnik LU55/010/140,"Intertechnik LU55/010/140 | 0,1 mH | 0,08 Ω | 3% | 15 AWG",0.1,0.08,15.0,Air Core,https://www.soundimports.eu/en/it-intertechnik-lu55-010-140.html,12.45
"Mundorf CFC16-0,10","Mundorf CFC16-0,10 | 0,10 mH | 0,10 Ω | 2% | 16,5 AWG",0.1,0.1,16.5,Air Core,https://www.soundimports.eu/en/mundorf-cfc16-010.html,17.94
Jantzen Audio 000-7620,"Jantzen Audio 000-7620 | 0,10 mH | 0,10 Ω | 2% | 16 AWG",0.1,0.1,16.0,Air Core,https://www.soundimports.eu/en/jantzen-audio-000-7620.html,18.45
Jantzen Audio 000-8520,"Jantzen Audio 000-8520 | 0,10 mH | 0,10 Ω | 2% | 16 AWG",0.1,0.1,16.0,Air Core,https://www.soundimports.eu/en/jantzen-audio-000-8520.html,19.95
Intertechnik LU62/010/200,"Intertechnik LU62/010/200 | 0,1 mH | 0,05 Ω | 3% | 12 AWG",0.1,0.05,12.0,Air Core,https://www.soundimports.eu/en/it-intertechnik-lu62-010-200.html,21.45
Jantzen Audio 000-8265,"Jantzen Audio 000-8265 | 0,10 mH | 0,07 Ω | 2% | 14 AWG",0.1,0.07,14.0,Air Core,https://www.soundimports.eu/en/jantzen-audio-000-8265.html,23.45
Jantzen Audio 000-7282,"Jantzen Audio 000-7282 | 0,10 mH | 0,07 Ω | 2% | 14 AWG",0.1,0.07,14.0,Air Core,https://www.soundimports.eu/en/jantzen-audio-000-7282.html,23.45
"Mundorf CFC14-0,10","Mundorf CFC14-0,10 | 0,10 mH | 0,07 Ω | 2% | 14 AWG",0.1,0.07,14.0,Air Core,https://www.soundimports.eu/en/mundorf-cfc14-010.html,23.95
Jantzen Audio 000-7009,"Jantzen Audio 000-7009 | 0,10 mH | 0,05 Ω | 2% | 12 AWG",0.1,0.05,12.0,Air Core,https://www.soundimports.eu/en/jantzen-audio-000-7009.html,32.45
Jantzen Audio 000-9010,"Jantzen Audio 000-9010 | 0,1 mH | 0,02 Ω | 2% | 8 AWG",0.1,0.02,8.0,Air Core,https://www.soundimports.eu/en/jantzen-audio-000-9010.html,62.94
Jantzen Audio 000-1782,"Jantzen Audio 000-1782 | 0,105 mH | 0,4 Ω | 3% | 17 AWG",0.105,0.4,17.0,Air Core,https://www.soundimports.eu/en/jantzen-audio-000-1782.html,18.45
Jantzen Audio 000-1620,"Jantzen Audio 000-1620 | 0,107 mH | 0,10 Ω | 3% | 17 AWG",0.107,0.1,17.0,Air Core,https://www.soundimports.eu/en/jantzen-audio-000-1620.html,7.45
Jantzen Audio 000-0917,"Jantzen Audio 000-0917 | 0,11 mH | 0,14 Ω | 3% | 18 AWG",0.11,0.14,18.0,Air Core,https://www.soundimports.eu/en/jantzen-audio-000-0917.html,6.45
Jantzen Audio 000-1621,"Jantzen Audio 000-1621 | 0,11 mH | 0,10 Ω | 3% | 17 AWG",0.11,0.1,17.0,Air Core,https://www.soundimports.eu/en/jantzen-audio-000-1621.html,7.45
Jantzen Audio 000-7622,"Jantzen Audio 000-7622 | 0,11 mH | 0,10 Ω | 2% | 16 AWG",0.11,0.1,16.0,Air Core,https://www.soundimports.eu/en/jantzen-audio-000-7622.html,19.44
Jantzen Audio 000-7010,"Jantzen Audio 000-7010 | 0,11 mH | 0,05 Ω | 2% | 12 AWG",0.11,0.05,12.0,Air Core,https://www.soundimports.eu/en/jantzen-audio-000-7010.html,33.44
Jantzen Audio 000-9011,"Jantzen Audio 000-9011 | 0,11 mH | 0,02 Ω | 2% | 8 AWG",0.11,0.02,8.0,Air Core,https://www.soundimports.eu/en/jantzen-audio-000-9011.html,63.45
Jantzen Audio 000-7623,"Jantzen Audio 000-7623 | 0,115 mH | 0,10 Ω | 2% | 16 AWG",0.115,0.1,16.0,Air Core,https://www.soundimports.eu/en/jantzen-audio-000-7623.html,20.45
Jantzen Audio 000-1675,"Jantzen Audio 000-1675 | 0,12 mH | 0,15 Ω | 3% | 18 AWG",0.12,0.15,18.0,Air Core,https://www.soundimports.eu/en/jantzen-audio-000-1675.html,6.45
Jantzen Audio 000-1680,"Jantzen Audio 000-1680 | 0,12 mH | 0,15 Ω | 3% | 18 AWG",0.12,0.15,18.0,Air Core,https://www.soundimports.eu/en/jantzen-audio-000-1680.html,6.95
"Mundorf L100-0,12","Mundorf L100-0,12 | 0,12 mH | 0,15 Ω | 2% | 18 AWG",0.12,0.15,18.0,Air Core,https://www.soundimports.eu/en/mundorf-l100-012.html,7.25
Jantzen Audio 000-0928,"Jantzen Audio 000-0928 | 0,12 mH | 0,12 Ω | 3% | 17 AWG",0.12,0.12,17.0,Air Core,https://www.soundimports.eu/en/jantzen-audio-000-0928.html,7.45
Jantzen Audio 000-1543,"Jantzen Audio 000-1543 | 0,12 mH | 0,09 Ω | 3% | 15 AWG",0.12,0.09,15.0,Air Core,https://www.soundimports.eu/en/jantzen-audio-000-1543.html,8.95
Jantzen Audio 000-L-0012,"Jantzen Audio 000-L-0012 | 0,12 mH | 0,10 Ω | 3% | 15 AWG",0.12,0.1,15.0,Air Core,https://www.soundimports.eu/en/jantzen-audio-000-l-0012.html,10.45
Intertechnik LUT32/012/10,"Intertechnik LUT32/012/10 | 0,12 mH | 0,19 Ω | 3% | 18 AWG",0.12,0.19,18.0,Air Core,https://www.soundimports.eu/en/it-intertechnik-lut32-012-10.html,10.45
Intertechnik LU44/012/100,"Intertechnik LU44/012/100 | 0,12 mH | 0,16 Ω | 3% | 18 AWG",0.12,0.16,18.0,Air Core,https://www.soundimports.eu/en/it-intertechnik-lu44-012-100.html,11.45
Intertechnik LU55/012/140,"Intertechnik LU55/012/140 | 0,12 mH | 0,09 Ω | 3% | 15 AWG",0.12,0.09,15.0,Air Core,https://www.soundimports.eu/en/it-intertechnik-lu55-012-140.html,13.46
Jantzen Audio 000-0103,"Jantzen Audio 000-0103 | 0,12 mH | 0,07 Ω | 3% | 13 AWG",0.12,0.07,13.0,Air Core,https://www.soundimports.eu/en/jantzen-audio-000-0103.html,14.45
"Mundorf CFC16-0,12","Mundorf CFC16-0,12 | 0,12 mH | 0,11 Ω | 2% | 16,5 AWG",0.12,0.11,16.5,Air Core,https://www.soundimports.eu/en/mundorf-cfc16-012.html,18.95
Jantzen Audio 000-7624,"Jantzen Audio 000-7624 | 0,12 mH | 0,11 Ω | 2% | 16 AWG",0.12,0.11,16.0,Air Core,https://www.soundimports.eu/en/jantzen-audio-000-7624.html,19.44
Jantzen Audio 000-8525,"Jantzen Audio 000-8525 | 0,12 mH | 0,11 Ω | 2% | 16 AWG",0.12,0.11,16.0,Air Core,https://www.soundimports.eu/en/jantzen-audio-000-8525.html,19.95
Intertechnik LU62/012/200,"Intertechnik LU62/012/200 | 0,12 mH | 0,05 Ω | 3% | 12 AWG",0.12,0.05,12.0,Air Core,https://www.soundimports.eu/en/it-intertechnik-lu62-012-200.html,21.95
Jantzen Audio 000-7284,"Jantzen Audio 000-7284 | 0,12 mH | 0,08 Ω | 2% | 14 AWG",0.12,0.08,14.0,Air Core,https://www.soundimports.eu/en/jantzen-audio-000-7284.html,23.95
"Mundorf CFC14-0,12","Mundorf CFC14-0,12 | 0,12 mH | 0,08 Ω | 2% | 14 AWG",0.12,0.08,14.0,Air Core,https://www.soundimports.eu/en/mundorf-cfc14-012.html,25.95
Jantzen Audio 000-8012,"Jantzen Audio 000-8012 | 0,12 mH | 0,06 Ω | 2% | 12 AWG",0.12,0.06,12.0,Air Core,https://www.soundimports.eu/en/jantzen-audio-000-8012.html,36.45
Dayton Audio LW18-13,Dayton Audio LW18-13 | 0.13 mH | 0.16 Ω | 5% | 18 AWG,0.13,0.16,18.0,Air Core,https://www.soundimports.eu/en/dayton-audio-lw18-13.html,4.45
Jantzen Audio 000-1965,"Jantzen Audio 000-1965 | 0,13 mH | 0,16 Ω | 3% | 18 AWG",0.13,0.16,18.0,Air Core,https://www.soundimports.eu/en/jantzen-audio-000-1965.html,6.45
Jantzen Audio 000-7626,"Jantzen Audio 000-7626 | 0,13 mH | 0,11 Ω | 2% | 16 AWG",0.13,0.11,16.0,Air Core,https://www.soundimports.eu/en/jantzen-audio-000-7626.html,20.45
Jantzen Audio 000-80135,"Jantzen Audio 000-80135 | 0,135 mH | 0,06 Ω | 2% | 12 AWG",0.135,0.06,12.0,Air Core,https://www.soundimports.eu/en/jantzen-audio-000-80135.html,37.95
Jantzen Audio 000-0921,"Jantzen Audio 000-0921 | 0,14 mH | 0,16 Ω | 3% | 18 AWG",0.14,0.16,18.0,Air Core,https://www.soundimports.eu/en/jantzen-audio-000-0921.html,6.45
Jantzen Audio 000-0207,"Jantzen Audio 000-0207 | 0,14 mH | 0,22 Ω | 3% | 18 AWG",0.14,0.22,18.0,Air Core,https://www.soundimports.eu/en/jantzen-audio-000-0207.html,7.45
Jantzen Audio 000-7628,"Jantzen Audio 000-7628 | 0,14 mH | 0,12 Ω | 2% | 16 AWG",0.14,0.12,16.0,Air Core,https://www.soundimports.eu/en/jantzen-audio-000-7628.html,21.45
Jantzen Audio 000-8014,"Jantzen Audio 000-8014 | 0,14 mH | 0,06 Ω | 2% | 12 AWG",0.14,0.06,12.0,Air Core,https://www.soundimports.eu/en/jantzen-audio-000-8014.html,37.45
Dayton Audio LW18-15,Dayton Audio LW18-15 | 0.15 mH | 0.18 Ω | 5% | 18 AWG,0.15,0.18,18.0,Air Core,https://www.soundimports.eu/en/dayton-audio-lw18-15.html,5.25
Jantzen Audio 000-1051,"Jantzen Audio 000-1051 | 0,15 mH | 0,16 Ω | 3% | 18 AWG",0.15,0.16,18.0,Air Core,https://www.soundimports.eu/en/jantzen-audio-000-1051.html,6.45
Jantzen Audio 000-2207,"Jantzen Audio 000-2207 | 0,15 mH | 0,06 Ω | 3% | 17 AWG",0.15,0.06,17.0,Air Core,https://www.soundimports.eu/en/jantzen-audio-000-2207.html,6.45
Jantzen Audio 000-1236,"Jantzen Audio 000-1236 | 0,15 mH | 0,16 Ω | 3% | 18 AWG",0.15,0.16,18.0,Air Core,https://www.soundimports.eu/en/jantzen-audio-000-1236.html,6.45
Jantzen Audio 000-1130,"Jantzen Audio 000-1130 | 0,15 mH | 0,16 Ω | 3% | 18 AWG",0.15,0.16,18.0,Air Core,https://www.soundimports.eu/en/jantzen-audio-000-1130.html,6.95
Jantzen Audio 000-1206,"Jantzen Audio 000-1206 | 0,15 mH | 0,19 Ω | 3% | 18 AWG",0.15,0.19,18.0,Air Core,https://www.soundimports.eu/en/jantzen-audio-000-1206.html,7.45
"Mundorf L100-0,15","Mundorf L100-0,15 | 0,15 mH | 0,17 Ω | 2% | 18 AWG",0.15,0.17,18.0,Air Core,https://www.soundimports.eu/en/mundorf-l100-015.html,7.95
Jantzen Audio 000-1092,"Jantzen Audio 000-1092 | 0,15 mH | 0,12 Ω | 3% | 17 AWG",0.15,0.12,17.0,Air Core,https://www.soundimports.eu/en/jantzen-audio-000-1092.html,8.45
Jantzen Audio 000-1688,"Jantzen Audio 000-1688 | 0,15 mH | 0,105 Ω | 3% | 15 AWG",0.15,0.105,15.0,Air Core,https://www.soundimports.eu/en/jantzen-audio-000-1688.html,9.95
Intertechnik LUT32/015/10,"Intertechnik LUT32/015/10 | 0,15 mH | 0,21 Ω | 3% | 18 AWG",0.15,0.21,18.0,Air Core,https://www.soundimports.eu/en/it-intertechnik-lut32-015-10.html,10.45
Jantzen Audio 000-1485,"Jantzen Audio 000-1485 | 0,15 mH | 0,1 Ω | 3% | 15 AWG",0.15,0.1,15.0,Air Core,https://www.soundimports.eu/en/jantzen-audio-000-1485.html,10.95
Jantzen Audio 000-L-0015,"Jantzen Audio 000-L-0015 | 0,15 mH | 0,12 Ω | 3% | 15 AWG",0.15,0.12,15.0,Air Core,https://www.soundimports.eu/en/jantzen-audio-000-l-0015.html,11.95
Jantzen Audio 000-0004,"Jantzen Audio 000-0004 | 0,15 mH | 0,084 Ω | 3% | 14 AWG",0.15,0.084,14.0,Air Core,https://www.soundimports.eu/en/jantzen-audio-000-0004.html,12.45
Intertechnik LU44/015/100,"Intertechnik LU44/015/100 | 0,15 mH | 0,17 Ω | 3% | 18 AWG",0.15,0.17,18.0,Air Core,https://www.soundimports.eu/en/it-intertechnik-lu44-015-100.html,12.95
Intertechnik LU55/015/140,"Intertechnik LU55/015/140 | 0,15 mH | 0,10 Ω | 3% | 15 AWG",0.15,0.1,15.0,Air Core,https://www.soundimports.eu/en/it-intertechnik-lu55-015-140.html,14.96
Dayton Audio LW14-15,Dayton Audio LW14-15 | 0.15 mH | 0.08 Ω | 3% | 14 AWG,0.15,0.08,14.0,Air Core,https://www.soundimports.eu/en/dayton-audio-lw14-15.html,16.95
"Mundorf CFC16-0,15","Mundorf CFC16-0,15 | 0,15 mH | 0,12 Ω | 2% | 16,5 AWG",0.15,0.12,16.5,Air Core,https://www.soundimports.eu/en/mundorf-cfc16-015.html,19.95
Jantzen Audio 000-7630,"Jantzen Audio 000-7630 | 0,15 mH | 0,12 Ω | 2% | 16 AWG",0.15,0.12,16.0,Air Core,https://www.soundimports.eu/en/jantzen-audio-000-7630.html,20.45
Jantzen Audio 000-8530,"Jantzen Audio 000-8530 | 0,15 mH | 0,12 Ω | 2% | 16 AWG",0.15,0.12,16.0,Air Core,https://www.soundimports.eu/en/jantzen-audio-000-8530.html,21.45
Intertechnik TRI55/015/0.50,"Intertechnik TRI55/015/0.50 | 0,15 mH | 0,116 Ω | 1% | 7 x 24 AWG",0.15,0.116,7.0,Air Core,https://www.soundimports.eu/en/it-intertechnik-tri55-015-0-50.html,21.95
Intertechnik LU62/015/100,"Intertechnik LU62/015/100 | 0,15 mH | 0,06 Ω | 3% | 18 AWG",0.15,0.06,18.0,Air Core,https://www.soundimports.eu/en/it-intertechnik-lu62-015-100.html,23.95
Jantzen Audio 000-7295,"Jantzen Audio 000-7295 | 0,15 mH | 0,09 Ω | 2% | 14 AWG",0.15,0.09,14.0,Air Core,https://www.soundimports.eu/en/jantzen-audio-000-7295.html,25.95
Jantzen Audio 000-8275,"Jantzen Audio 000-8275 | 0,15 mH | 0,09 Ω | 2% | 14 AWG",0.15,0.09,14.0,Air Core,https://www.soundimports.eu/en/jantzen-audio-000-8275.html,27.45
"Mundorf CFC14-0,15","Mundorf CFC14-0,15 | 0,15 mH | 0,09 Ω | 2% | 14 AWG",0.15,0.09,14.0,Air Core,https://www.soundimports.eu/en/mundorf-cfc14-015.html,27.95
Jantzen Audio 000-8015,"Jantzen Audio 000-8015 | 0,15 mH | 0,07 Ω | 2% | 12 AWG",0.15,0.07,12.0,Air Core,https://www.soundimports.eu/en/jantzen-audio-000-8015.html,37.95
Jantzen Audio 000-9015,"Jantzen Audio 000-9015 | 0,15 mH | 0,03 Ω | 2% | 8 AWG",0.15,0.03,8.0,Air Core,https://www.soundimports.eu/en/jantzen-audio-000-9015.html,74.95
Jantzen Audio 000-1627,"Jantzen Audio 000-1627 | 0,16 mH | 0,18 Ω | 3% | 18 AWG",0.16,0.18,18.0,Air Core,https://www.soundimports.eu/en/jantzen-audio-000-1627.html,6.45
Jantzen Audio 000-0952,"Jantzen Audio 000-0952 | 0,16 mH | 0,12 Ω | 3% | 17 AWG",0.16,0.12,17.0,Air Core,https://www.soundimports.eu/en/jantzen-audio-000-0952.html,8.45
Jantzen Audio 000-L-0016,"Jantzen Audio 000-L-0016 | 0,16 mH | 0,12 Ω | 3% | 15 AWG",0.16,0.12,15.0,Air Core,https://www.soundimports.eu/en/jantzen-audio-000-l-0016.html,12.45
Jantzen Audio 000-7632,"Jantzen Audio 000-7632 | 0,16 mH | 0,13 Ω | 2% | 16 AWG",0.16,0.13,16.0,Air Core,https://www.soundimports.eu/en/jantzen-audio-000-7632.html,20.45
Jantzen Audio 000-8016,"Jantzen Audio 000-8016 | 0,16 mH | 0,07 Ω | 2% | 12 AWG",0.16,0.07,12.0,Air Core,https://www.soundimports.eu/en/jantzen-audio-000-8016.html,38.95
Jantzen Audio 000-0822,"Jantzen Audio 000-0822 | 0,17 mH | 0,18 Ω | 3% | 18 AWG",0.17,0.18,18.0,Air Core,https://www.soundimports.eu/en/jantzen-audio-000-0822.html,6.95
Jantzen Audio 000-1049,"Jantzen Audio 000-1049 | 0,17 mH | 0,11 Ω | 3% | 15 AWG",0.17,0.11,15.0,Air Core,https://www.soundimports.eu/en/jantzen-audio-000-1049.html,10.45
Jantzen Audio 000-8017,"Jantzen Audio 000-8017 | 0,17 mH | 0,07 Ω | 2% | 12 AWG",0.17,0.07,12.0,Air Core,https://www.soundimports.eu/en/jantzen-audio-000-8017.html,39.45
Jantzen Audio 000-1277,"Jantzen Audio 000-1277 | 0,18 mH | 0,18 Ω | 3% | 18 AWG",0.18,0.18,18.0,Air Core,https://www.soundimports.eu/en/jantzen-audio-000-1277.html,6.95
Jantzen Audio 000-1010,"Jantzen Audio 000-1010 | 0,18 mH | 0,18 Ω | 3% | 18 AWG",0.18,0.18,18.0,Air Core,https://www.soundimports.eu/en/jantzen-audio-000-1010.html,6.95
Jantzen Audio 000-1289,"Jantzen Audio 000-1289 | 0,18 mH | 0,2 Ω | 3% | 18 AWG",0.18,0.2,18.0,Air Core,https://www.soundimports.eu/en/jantzen-audio-000-1289.html,7.45
Jantzen Audio 000-1207,"Jantzen Audio 000-1207 | 0,18 mH | 0,21 Ω | 3% | 18 AWG",0.18,0.21,18.0,Air Core,https://www.soundimports.eu/en/jantzen-audio-000-1207.html,7.45
"Mundorf L100-0,18","Mundorf L100-0,18 | 0,18 mH | 0,19 Ω | 2% | 18 AWG",0.18,0.19,18.0,Air Core,https://www.soundimports.eu/en/mundorf-l100-018.html,7.95
Jantzen Audio 000-1937,"Jantzen Audio 000-1937 | 0,18 mH | 0,14 Ω | 3% | 17 AWG",0.18,0.14,17.0,Air Core,https://www.soundimports.eu/en/jantzen-audio-000-1937.html,8.45
Jantzen Audio 000-1273,"Jantzen Audio 000-1273 | 0,18 mH | 0,105 Ω | 3% | 15 AWG",0.18,0.105,15.0,Air Core,https://www.soundimports.eu/en/jantzen-audio-000-1273.html,9.95
Intertechnik LUT32/018/10,"Intertechnik LUT32/018/10 | 0,18 mH | 0,23 Ω | 3% | 18 AWG",0.18,0.23,18.0,Air Core,https://www.soundimports.eu/en/it-intertechnik-lut32-018-10.html,10.45
Intertechnik LU44/018/100,"Intertechnik LU44/018/100 | 0,18 mH | 0,22 Ω | 3% | 18 AWG",0.18,0.22,18.0,Air Core,https://www.soundimports.eu/en/it-intertechnik-lu44-018-100.html,12.45
Jantzen Audio 000-0005,"Jantzen Audio 000-0005 | 0,18 mH | 0,09 Ω | 3% | 14 AWG",0.18,0.09,14.0,Air Core,https://www.soundimports.eu/en/jantzen-audio-000-0005.html,14.45
Intertechnik LU55/018/140,"Intertechnik LU55/018/140 | 0,18 mH | 0,11 Ω | 3% | 15 AWG",0.18,0.11,15.0,Air Core,https://www.soundimports.eu/en/it-intertechnik-lu55-018-140.html,15.95
Jantzen Audio 000-0105,"Jantzen Audio 000-0105 | 0,18 mH | 0,08 Ω | 3% | 13 AWG",0.18,0.08,13.0,Air Core,https://www.soundimports.eu/en/jantzen-audio-000-0105.html,17.45
"Mundorf CFC16-0,18","Mundorf CFC16-0,18 | 0,18 mH | 0,13 Ω | 2% | 16,5 AWG",0.18,0.13,16.5,Air Core,https://www.soundimports.eu/en/mundorf-cfc16-018.html,20.95
Jantzen Audio 000-7636,"Jantzen Audio 000-7636 | 0,18 mH | 0,13 Ω | 2% | 16 AWG",0.18,0.13,16.0,Air Core,https://www.soundimports.eu/en/jantzen-audio-000-7636.html,21.45
Jantzen Audio 000-8535,"Jantzen Audio 000-8535 | 0,18 mH | 0,14 Ω | 2% | 16 AWG",0.18,0.14,16.0,Air Core,https://www.soundimports.eu/en/jantzen-audio-000-8535.html,22.45
Intertechnik TRI55/018/0.50,"Intertechnik TRI55/018/0.50 | 0,18 mH | 0,13 Ω | 1% | 7 x 24 AWG",0.18,0.13,7.0,Air Core,https://www.soundimports.eu/en/it-intertechnik-tri55-018-0-50.html,23.95
Intertechnik LU62/018/200,"Intertechnik LU62/018/200 | 0,18 mH | 0,07 Ω | 3% | 12 AWG",0.18,0.07,12.0,Air Core,https://www.soundimports.eu/en/it-intertechnik-lu62-018-200.html,25.45
Jantzen Audio 000-7298,"Jantzen Audio 000-7298 | 0,18 mH | 0,10 Ω | 2% | 14 AWG",0.18,0.1,14.0,Air Core,https://www.soundimports.eu/en/jantzen-audio-000-7298.html,27.45
Jantzen Audio 000-8280,"Jantzen Audio 000-8280 | 0,18 mH | 0,10 Ω | 2% | 14 AWG",0.18,0.1,14.0,Air Core,https://www.soundimports.eu/en/jantzen-audio-000-8280.html,28.96
"Mundorf CFC14-0,18","Mundorf CFC14-0,18 | 0,18 mH | 0,10 Ω | 2% | 14 AWG",0.18,0.1,14.0,Air Core,https://www.soundimports.eu/en/mundorf-cfc14-018.html,29.95
Jantzen Audio 000-7018,"Jantzen Audio 000-7018 | 0,18 mH | 0,07 Ω | 2% | 12 AWG",0.18,0.07,12.0,Air Core,https://www.soundimports.eu/en/jantzen-audio-000-7018.html,39.95
Jantzen Audio 000-1763,"Jantzen Audio 000-1763 | 0,19 mH | 0,209 Ω | 3% | 18 AWG",0.19,0.209,18.0,Air Core,https://www.soundimports.eu/en/jantzen-audio-000-1763.html,7.45
Jantzen Audio 000-7639,"Jantzen Audio 000-7639 | 0,195 mH | 0,13 Ω | 2% | 16 AWG",0.195,0.13,16.0,Air Core,https://www.soundimports.eu/en/jantzen-audio-000-7639.html,21.45
Dayton Audio LW18-20,Dayton Audio LW18-20 | 0.20 mH | 0.21 Ω | 5% | 18 AWG,0.2,0.21,18.0,Air Core,https://www.soundimports.eu/en/dayton-audio-lw18-20.html,5.44
Jantzen Audio 000-2179,"Jantzen Audio 000-2179 | 0,20 mH | 0,10 Ω | 3% | 18 AWG",0.2,0.1,18.0,Air Core,https://www.soundimports.eu/en/jantzen-audio-000-2179.html,6.45
Jantzen Audio 000-1276,"Jantzen Audio 000-1276 | 0,2 mH | 0,2 Ω | 3% | 18 AWG",0.2,0.2,18.0,Air Core,https://www.soundimports.eu/en/jantzen-audio-000-1276.html,6.95
Jantzen Audio 000-1822,"Jantzen Audio 000-1822 | 0,20 mH | 0,20 Ω | 3% | 18 AWG",0.2,0.2,18.0,Air Core,https://www.soundimports.eu/en/jantzen-audio-000-1822.html,7.45
Jantzen Audio 000-1357,"Jantzen Audio 000-1357 | 0,20 mH | 0,21 Ω | 3% | 18 AWG",0.2,0.21,18.0,Air Core,https://www.soundimports.eu/en/jantzen-audio-000-1357.html,7.45
Jantzen Audio 000-1985,"Jantzen Audio 000-1985 | 0,20 mH | 0,22 Ω | 3% | 18 AWG",0.2,0.22,18.0,Air Core,https://www.soundimports.eu/en/jantzen-audio-000-1985.html,7.45
Jantzen Audio 000-1606,"Jantzen Audio 000-1606 | 0,2 mH | 0,12 Ω | 3% | 15 AWG",0.2,0.12,15.0,Air Core,https://www.soundimports.eu/en/jantzen-audio-000-1606.html,9.95
Jantzen Audio 000-1600,"Jantzen Audio 000-1600 | 0,20 mH | 0,15 Ω | 3% | 17 AWG",0.2,0.15,17.0,Air Core,https://www.soundimports.eu/en/jantzen-audio-000-1600.html,9.95
Jantzen Audio 000-1507,"Jantzen Audio 000-1507 | 0,20 mH | 0,13 Ω | 3% | 15 AWG",0.2,0.13,15.0,Air Core,https://www.soundimports.eu/en/jantzen-audio-000-1507.html,11.95
Jantzen Audio 000-L-0020,"Jantzen Audio 000-L-0020 | 0,2 mH | 0,15 Ω | 3% | 15 AWG",0.2,0.15,15.0,Air Core,https://www.soundimports.eu/en/jantzen-audio-000-l-0020.html,13.95
Dayton Audio LW14-20,Dayton Audio LW14-20 | 0.20 mH | 0.10 Ω | 3% | 14 AWG,0.2,0.1,14.0,Air Core,https://www.soundimports.eu/en/dayton-audio-lw14-20.html,15.45
Jantzen Audio 000-0057,"Jantzen Audio 000-0057 | 0,20 mH | 0,10 Ω | 3% | 14 AWG",0.2,0.1,14.0,Air Core,https://www.soundimports.eu/en/jantzen-audio-000-0057.html,15.45
Jantzen Audio 000-0139,"Jantzen Audio 000-0139 | 0,20 mH | 0,08 Ω | 3% | 13 AWG",0.2,0.08,13.0,Air Core,https://www.soundimports.eu/en/jantzen-audio-000-0139.html,18.45
Dayton Audio CF16-20,Dayton Audio CF16-20 | 0.20 mH | 0.14 Ω | 3% | 16 AWG,0.2,0.14,16.0,Air Core,https://www.soundimports.eu/en/dayton-audio-cf16-20.html,19.95
Jantzen Audio 000-7640,"Jantzen Audio 000-7640 | 0,20 mH | 0,14 Ω | 2% | 16 AWG",0.2,0.14,16.0,Air Core,https://www.soundimports.eu/en/jantzen-audio-000-7640.html,21.95
Jantzen Audio 000-8537,"Jantzen Audio 000-8537 | 0,20 mH | 0,15 Ω | 2% | 16 AWG",0.2,0.15,16.0,Air Core,https://www.soundimports.eu/en/jantzen-audio-000-8537.html,22.95
Jantzen Audio 000-7300,"Jantzen Audio 000-7300 | 0,20 mH | 0,10 Ω | 2% | 14 AWG",0.2,0.1,14.0,Air Core,https://www.soundimports.eu/en/jantzen-audio-000-7300.html,27.45
Jantzen Audio 000-7020,"Jantzen Audio 000-7020 | 0,20 mH | 0,08 Ω | 2% | 12 AWG",0.2,0.08,12.0,Air Core,https://www.soundimports.eu/en/jantzen-audio-000-7020.html,40.95
Jantzen Audio 000-8020,"Jantzen Audio 000-8020 | 0,20 mH | 0,08 Ω | 2% | 12 AWG",0.2,0.08,12.0,Air Core,https://www.soundimports.eu/en/jantzen-audio-000-8020.html,42.45
Jantzen Audio 000-9020,"Jantzen Audio 000-9020 | 0,20 mH | 0,03 Ω | 2% | 8 AWG",0.2,0.03,8.0,Air Core,https://www.soundimports.eu/en/jantzen-audio-000-9020.html,86.95
Jantzen Audio 000-0100,"Jantzen Audio 000-0100 | 0,21 mH | 0,08 Ω | 3% | 13 AWG",0.21,0.08,13.0,Air Core,https://www.soundimports.eu/en/jantzen-audio-000-0100.html,17.45
Jantzen Audio 000-8539,"Jantzen Audio 000-8539 | 0,21 mH | 0,15 Ω | 2% | 16 AWG",0.21,0.15,16.0,Air Core,https://www.soundimports.eu/en/jantzen-audio-000-8539.html,23.45
Dayton Audio LW18-22,Dayton Audio LW18-22 | 0.22 mH | 0.22 Ω | 5% | 18 AWG,0.22,0.22,18.0,Air Core,https://www.soundimports.eu/en/dayton-audio-lw18-22.html,5.95
Jantzen Audio 000-2158,"Jantzen Audio 000-2158 | 0,22 mH | 0,1 Ω | 3% | 18 AWG",0.22,0.1,18.0,Air Core,https://www.soundimports.eu/en/jantzen-audio-000-2158.html,6.45
Jantzen Audio 000-1278,"Jantzen Audio 000-1278 | 0,22 mH | 0,21 Ω | 3% | 18 AWG",0.22,0.21,18.0,Air Core,https://www.soundimports.eu/en/jantzen-audio-000-1278.html,7.45
Jantzen Audio 000-1015,"Jantzen Audio 000-1015 | 0,22 mH | 0,21 Ω | 3% | 18 AWG",0.22,0.21,18.0,Air Core,https://www.soundimports.eu/en/jantzen-audio-000-1015.html,7.45
Jantzen Audio 000-1345,"Jantzen Audio 000-1345 | 0,22 mH | 0,21 Ω | 3% | 18 AWG",0.22,0.21,18.0,Air Core,https://www.soundimports.eu/en/jantzen-audio-000-1345.html,7.45
Jantzen Audio 000-1745,"Jantzen Audio 000-1745 | 0,22 mH | 0,24 Ω | 3% | 18 AWG",0.22,0.24,18.0,Air Core,https://www.soundimports.eu/en/jantzen-audio-000-1745.html,7.95
Jantzen Audio 000-1998,"Jantzen Audio 000-1998 | 0,22 mH | 0,23 Ω | 3% | 18 AWG",0.22,0.23,18.0,Air Core,https://www.soundimports.eu/en/jantzen-audio-000-1998.html,8.45
"Mundorf L100-0,22","Mundorf L100-0,22 | 0,22 mH | 0,21 Ω | 2% | 18 AWG",0.22,0.21,18.0,Air Core,https://www.soundimports.eu/en/mundorf-l100-022.html,8.45
Jantzen Audio 000-5340,"Jantzen Audio 000-5340 | 0,22 mH | 0,04 Ω | 3% | 15 AWG",0.22,0.04,15.0,Air Core,https://www.soundimports.eu/en/jantzen-audio-000-5340.html,8.45
Jantzen Audio 000-1922,"Jantzen Audio 000-1922 | 0,22 mH | 0,16 Ω | 3% | 17 AWG",0.22,0.16,17.0,Air Core,https://www.soundimports.eu/en/jantzen-audio-000-1922.html,9.45
Jantzen Audio 000-1923,"Jantzen Audio 000-1923 | 0,22 mH | 0,16 Ω | 3% | 17 AWG",0.22,0.16,17.0,Air Core,https://www.soundimports.eu/en/jantzen-audio-000-1923.html,9.45
Jantzen Audio 000-1921,"Jantzen Audio 000-1921 | 0,22 mH | 0,17 Ω | 3% | 17 AWG",0.22,0.17,17.0,Air Core,https://www.soundimports.eu/en/jantzen-audio-000-1921.html,10.45
Jantzen Audio 000-1268,"Jantzen Audio 000-1268 | 0,22 mH | 0,12 Ω | 3% | 15 AWG",0.22,0.12,15.0,Air Core,https://www.soundimports.eu/en/jantzen-audio-000-1268.html,10.45
Intertechnik LUT32/022/10,"Intertechnik LUT32/022/10 | 0,22 mH | 0,26 Ω | 3% | 18 AWG",0.22,0.26,18.0,Air Core,https://www.soundimports.eu/en/it-intertechnik-lut32-022-10.html,10.95
Jantzen Audio 000-1631,"Jantzen Audio 000-1631 | 0,22 mH | 0,14 Ω | 3% | 15 AWG",0.22,0.14,15.0,Air Core,https://www.soundimports.eu/en/jantzen-audio-000-1631.html,11.45
Intertechnik LU44/022/100,"Intertechnik LU44/022/100 | 0,22 mH | 0,23 Ω | 3% | 18 AWG",0.22,0.23,18.0,Air Core,https://www.soundimports.eu/en/it-intertechnik-lu44-022-100.html,13.95
Jantzen Audio 000-L-0022,"Jantzen Audio 000-L-0022 | 0,22 mH | 0,15 Ω | 3% | 15 AWG",0.22,0.15,15.0,Air Core,https://www.soundimports.eu/en/jantzen-audio-000-l-0022.html,14.45
Jantzen Audio 000-0006,"Jantzen Audio 000-0006 | 0,22 mH | 0,104 Ω | 3% | 14 AWG",0.22,0.104,14.0,Air Core,https://www.soundimports.eu/en/jantzen-audio-000-0006.html,15.95
Intertechnik LU55/022/140,"Intertechnik LU55/022/140 | 0,22 mH | 0,13 Ω | 3% | 15 AWG",0.22,0.13,15.0,Air Core,https://www.soundimports.eu/en/it-intertechnik-lu55-022-140.html,16.46
Jantzen Audio 000-0106,"Jantzen Audio 000-0106 | 0,22 mH | 0,08 Ω | 3% | 13 AWG",0.22,0.08,13.0,Air Core,https://www.soundimports.eu/en/jantzen-audio-000-0106.html,18.95
"Mundorf CFC16-0,22","Mundorf CFC16-0,22 | 0,22 mH | 0,15 Ω | 2% | 16,5 AWG",0.22,0.15,16.5,Air Core,https://www.soundimports.eu/en/mundorf-cfc16-022.html,21.95
Jantzen Audio 000-7644,"Jantzen Audio 000-7644 | 0,22 mH | 0,15 Ω | 2% | 16 AWG",0.22,0.15,16.0,Air Core,https://www.soundimports.eu/en/jantzen-audio-000-7644.html,22.95
Jantzen Audio 000-8540,"Jantzen Audio 000-8540 | 0,22 mH | 0,15 Ω | 2% | 16 AWG",0.22,0.15,16.0,Air Core,https://www.soundimports.eu/en/jantzen-audio-000-8540.html,23.45
Jantzen Audio 000-7302,"Jantzen Audio 000-7302 | 0,22 mH | 0,11 Ω | 2% | 14 AWG",0.22,0.11,14.0,Air Core,https://www.soundimports.eu/en/jantzen-audio-000-7302.html,27.45
Intertechnik LU62/022/200,"Intertechnik LU62/022/200 | 0,22 mH | 0,07 Ω | 3% | 12 AWG",0.22,0.07,12.0,Air Core,https://www.soundimports.eu/en/it-intertechnik-lu62-022-200.html,27.45
Intertechnik TRI55/022/0.50,"Intertechnik TRI55/022/0.50 | 0,22 mH | 0,147 Ω | 1% | 7 x 24 AWG",0.22,0.147,7.0,Air Core,https://www.soundimports.eu/en/it-intertechnik-tri55-022-0-50.html,27.95
Jantzen Audio 000-8285,"Jantzen Audio 000-8285 | 0,22 mH | 0,11 Ω | 2% | 14 AWG",0.22,0.11,14.0,Air Core,https://www.soundimports.eu/en/jantzen-audio-000-8285.html,31.45
"Mundorf CFC14-0,22","Mundorf CFC14-0,22 | 0,22 mH | 0,11 Ω | 2% | 14 AWG",0.22,0.11,14.0,Air Core,https://www.soundimports.eu/en/mundorf-cfc14-022.html,31.99
Intertechnik TRI62/022/0.60,"Intertechnik TRI62/022/0.60 | 0,22 mH | 0,11 Ω | 1% | 7 x 23 AWG",0.22,0.11,7.0,Air Core,https://www.soundimports.eu/en/it-intertechnik-tri62-022-0-60.html,39.95
Jantzen Audio 000-8022,"Jantzen Audio 000-8022 | 0,22 mH | 0,08 Ω | 2% | 12 AWG",0.22,0.08,12.0,Air Core,https://www.soundimports.eu/en/jantzen-audio-000-8022.html,44.46
Jantzen Audio 000-7646,"Jantzen Audio 000-7646 | 0,23 mH | 0,15 Ω | 2% | 16 AWG",0.23,0.15,16.0,Air Core,https://www.soundimports.eu/en/jantzen-audio-000-7646.html,22.95
Jantzen Audio 000-1926,"Jantzen Audio 000-1926 | 0,24 mH | 0,21 Ω | 3% | 18 AWG",0.24,0.21,18.0,Air Core,https://www.soundimports.eu/en/jantzen-audio-000-1926.html,7.45
Jantzen Audio 000-0905,"Jantzen Audio 000-0905 | 0,24 mH | 0,13 Ω | 3% | 15 AWG",0.24,0.13,15.0,Air Core,https://www.soundimports.eu/en/jantzen-audio-000-0905.html,11.45
Dayton Audio LW14-24,Dayton Audio LW14-24 | 0.24 mH | 0.11 Ω | 3% | 14 AWG,0.24,0.11,14.0,Air Core,https://www.soundimports.eu/en/dayton-audio-lw14-24.html,19.95
Jantzen Audio 000-8542,"Jantzen Audio 000-8542 | 0,24 mH | 0,15 Ω | 2% | 16 AWG",0.24,0.15,16.0,Air Core,https://www.soundimports.eu/en/jantzen-audio-000-8542.html,24.95
Jantzen Audio 000-7304,"Jantzen Audio 000-7304 | 0,24 mH | 0,11 Ω | 2% | 14 AWG",0.24,0.11,14.0,Air Core,https://www.soundimports.eu/en/jantzen-audio-000-7304.html,29.45
Jantzen Audio 000-2143,"Jantzen Audio 000-2143 | 0,25 mH | 0,11 Ω | 3% | 18 AWG",0.25,0.11,18.0,Air Core,https://www.soundimports.eu/en/jantzen-audio-000-2143.html,6.45
Jantzen Audio 000-1279,"Jantzen Audio 000-1279 | 0,25 mH | 0,223 Ω | 3% | 18 AWG",0.25,0.223,18.0,Air Core,https://www.soundimports.eu/en/jantzen-audio-000-1279.html,7.45
Jantzen Audio 000-1076,"Jantzen Audio 000-1076 | 0,25 mH | 0,22 Ω | 3% | 18 AWG",0.25,0.22,18.0,Air Core,https://www.soundimports.eu/en/jantzen-audio-000-1076.html,7.95
Jantzen Audio 000-1093,"Jantzen Audio 000-1093 | 0,25 mH | 0,17 Ω | 3% | 17 AWG",0.25,0.17,17.0,Air Core,https://www.soundimports.eu/en/jantzen-audio-000-1093.html,9.95
Jantzen Audio 000-1269,"Jantzen Audio 000-1269 | 0,25 mH | 0,128 Ω | 3% | 15 AWG",0.25,0.128,15.0,Air Core,https://www.soundimports.eu/en/jantzen-audio-000-1269.html,11.45
Jantzen Audio 000-1155,"Jantzen Audio 000-1155 | 0,25 mH | 0,14 Ω | 3% | 15 AWG",0.25,0.14,15.0,Air Core,https://www.soundimports.eu/en/jantzen-audio-000-1155.html,13.46
Jantzen Audio 000-L-0025,"Jantzen Audio 000-L-0025 | 0,25 mH | 0,15 Ω | 3% | 15 AWG",0.25,0.15,15.0,Air Core,https://www.soundimports.eu/en/jantzen-audio-000-l-0025.html,15.45
Jantzen Audio 000-7651,"Jantzen Audio 000-7651 | 0,25 mH | 0,16 Ω | 2% | 16 AWG",0.25,0.16,16.0,Air Core,https://www.soundimports.eu/en/jantzen-audio-000-7651.html,23.45
Jantzen Audio 000-8543,"Jantzen Audio 000-8543 | 0,25 mH | 0,16 Ω | 2% | 16 AWG",0.25,0.16,16.0,Air Core,https://www.soundimports.eu/en/jantzen-audio-000-8543.html,24.95
Jantzen Audio 000-7305,"Jantzen Audio 000-7305 | 0,25 mH | 0,11 Ω | 2% | 14 AWG",0.25,0.11,14.0,Air Core,https://www.soundimports.eu/en/jantzen-audio-000-7305.html,30.46
Jantzen Audio 000-8288,"Jantzen Audio 000-8288 | 0,25 mH | 0,12 Ω | 2% | 14 AWG",0.25,0.12,14.0,Air Core,https://www.soundimports.eu/en/jantzen-audio-000-8288.html,32.45
Jantzen Audio 000-8025,"Jantzen Audio 000-8025 | 0,25 mH | 0,09 Ω | 2% | 12 AWG",0.25,0.09,12.0,Air Core,https://www.soundimports.eu/en/jantzen-audio-000-8025.html,45.96
Jantzen Audio 000-1728,"Jantzen Audio 000-1728 | 0,26 mH | 0,23 Ω | 3% | 18 AWG",0.26,0.23,18.0,Air Core,https://www.soundimports.eu/en/jantzen-audio-000-1728.html,7.45
Jantzen Audio 000-1372,"Jantzen Audio 000-1372 | 0,26 mH | 0,26 Ω | 3% | 18 AWG",0.26,0.26,18.0,Air Core,https://www.soundimports.eu/en/jantzen-audio-000-1372.html,8.45
Jantzen Audio 000-1412,"Jantzen Audio 000-1412 | 0,26 mH | 0,19 Ω | 3% | 17 AWG",0.26,0.19,17.0,Air Core,https://www.soundimports.eu/en/jantzen-audio-000-1412.html,10.95
Jantzen Audio 000-1414,"Jantzen Audio 000-1414 | 0,26 mH | 0,14 Ω | 3% | 15 AWG",0.26,0.14,15.0,Air Core,https://www.soundimports.eu/en/jantzen-audio-000-1414.html,13.46
Jantzen Audio 000-0907,"Jantzen Audio 000-0907 | 0,26 mH | 0,09 Ω | 3% | 13 AWG",0.26,0.09,13.0,Air Core,https://www.soundimports.eu/en/jantzen-audio-000-0907.html,19.44
Dayton Audio LW18-27,Dayton Audio LW18-27 | 0.27 mH | 0.25 Ω | 5% | 18 AWG,0.27,0.25,18.0,Air Core,https://www.soundimports.eu/en/dayton-audio-lw18-27.html,5.95
Jantzen Audio 000-2335,"Jantzen Audio 000-2335 | 0,27 mH | 0,08 Ω | 3% | 17 AWG",0.27,0.08,17.0,Air Core,https://www.soundimports.eu/en/jantzen-audio-000-2335.html,7.45
Jantzen Audio 000-1635,"Jantzen Audio 000-1635 | 0,27 mH | 0,23 Ω | 3% | 18 AWG",0.27,0.23,18.0,Air Core,https://www.soundimports.eu/en/jantzen-audio-000-1635.html,7.95
Jantzen Audio 000-1446,"Jantzen Audio 000-1446 | 0,27 mH | 0,26 Ω | 3% | 18 AWG",0.27,0.26,18.0,Air Core,https://www.soundimports.eu/en/jantzen-audio-000-1446.html,7.95
Jantzen Audio 000-1986,"Jantzen Audio 000-1986 | 0,27 mH | 0,26 Ω | 3% | 18 AWG",0.27,0.26,18.0,Air Core,https://www.soundimports.eu/en/jantzen-audio-000-1986.html,8.45
Jantzen Audio 000-1208,"Jantzen Audio 000-1208 | 0,27 mH | 0,266 Ω | 3% | 18 AWG",0.27,0.266,18.0,Air Core,https://www.soundimports.eu/en/jantzen-audio-000-1208.html,8.45
"Mundorf L100-0,27","Mundorf L100-0,27 | 0,27 mH | 0,23 Ω | 2% | 18 AWG",0.27,0.23,18.0,Air Core,https://www.soundimports.eu/en/mundorf-l100-027.html,8.95
Jantzen Audio 000-1632,"Jantzen Audio 000-1632 | 0,27 mH | 0,16 Ω | 3% | 17 AWG",0.27,0.16,17.0,Air Core,https://www.soundimports.eu/en/jantzen-audio-000-1632.html,9.45
"Mundorf P100-0,27","Mundorf P100-0,27 | 0,27 mH | 0,13 Ω | 3% | 18 AWG",0.27,0.13,18.0,Air Core,https://www.soundimports.eu/en/mundorf-p100-027.html,9.45
Jantzen Audio 000-1275,"Jantzen Audio 000-1275 | 0,27 mH | 0,134 Ω | 3% | 15 AWG",0.27,0.134,15.0,Air Core,https://www.soundimports.eu/en/jantzen-audio-000-1275.html,11.45
Intertechnik LUT32/027/10,"Intertechnik LUT32/027/10 | 0,27 mH | 0,29 Ω | 3% | 18 AWG",0.27,0.29,18.0,Air Core,https://www.soundimports.eu/en/it-intertechnik-lut32-027-10.html,11.95
Intertechnik LU44/027/100,"Intertechnik LU44/027/100 | 0,27 mH | 0,27 Ω | 3% | 18 AWG",0.27,0.27,18.0,Air Core,https://www.soundimports.eu/en/it-intertechnik-lu44-027-100.html,14.45
Jantzen Audio 000-L-0027,"Jantzen Audio 000-L-0027 | 0,27 mH | 0,16 Ω | 3% | 15 AWG",0.27,0.16,15.0,Air Core,https://www.soundimports.eu/en/jantzen-audio-000-l-0027.html,15.95
Jantzen Audio 000-0007,"Jantzen Audio 000-0007 | 0,27 mH | 0,12 Ω | 3% | 14 AWG",0.27,0.12,14.0,Air Core,https://www.soundimports.eu/en/jantzen-audio-000-0007.html,17.45
Intertechnik LU55/027/140,"Intertechnik LU55/027/140 | 0,27 mH | 0,15 Ω | 3% | 15 AWG",0.27,0.15,15.0,Air Core,https://www.soundimports.eu/en/it-intertechnik-lu55-027-140.html,17.94
Jantzen Audio 000-0107,"Jantzen Audio 000-0107 | 0,27 mH | 0,1 Ω | 3% | 13 AWG",0.27,0.1,13.0,Air Core,https://www.soundimports.eu/en/jantzen-audio-000-0107.html,19.44
Dayton Audio CF16-27,Dayton Audio CF16-27 | 0.27 mH | 0.16 Ω | 3% | 16 AWG,0.27,0.16,16.0,Air Core,https://www.soundimports.eu/en/dayton-audio-cf16-27.html,22.95
"Mundorf CFC16-0,27","Mundorf CFC16-0,27 | 0,27 mH | 0,16 Ω | 2% | 16,5 AWG",0.27,0.16,16.5,Air Core,https://www.soundimports.eu/en/mundorf-cfc16-027.html,23.95
Jantzen Audio 000-7657,"Jantzen Audio 000-7657 | 0,27 mH | 0,17 Ω | 2% | 16 AWG",0.27,0.17,16.0,Air Core,https://www.soundimports.eu/en/jantzen-audio-000-7657.html,23.95
Jantzen Audio 000-8545,"Jantzen Audio 000-8545 | 0,27 mH | 0,17 Ω | 2% | 16 AWG",0.27,0.17,16.0,Air Core,https://www.soundimports.eu/en/jantzen-audio-000-8545.html,25.45
Jantzen Audio 000-7307,"Jantzen Audio 000-7307 | 0,27 mH | 0,12 Ω | 2% | 14 AWG",0.27,0.12,14.0,Air Core,https://www.soundimports.eu/en/jantzen-audio-000-7307.html,30.46
Intertechnik LU62/027/200,"Intertechnik LU62/027/200 | 0,27 mH | 0,08 Ω | 3% | 12 AWG",0.27,0.08,12.0,Air Core,https://www.soundimports.eu/en/it-intertechnik-lu62-027-200.html,30.46
Intertechnik TRI55/027/0.50,"Intertechnik TRI55/027/0.50 | 0,27 mH | 0,162 Ω | 1% | 7 x 24 AWG",0.27,0.162,7.0,Air Core,https://www.soundimports.eu/en/it-intertechnik-tri55-027-0-50.html,31.96
Jantzen Audio 000-8290,"Jantzen Audio 000-8290 | 0,27 mH | 0,13 Ω | 2% | 14 AWG",0.27,0.13,14.0,Air Core,https://www.soundimports.eu/en/jantzen-audio-000-8290.html,32.95
"Mundorf CFC14-0,27","Mundorf CFC14-0,27 | 0,27 mH | 0,12 Ω | 2% | 14 AWG",0.27,0.12,14.0,Air Core,https://www.soundimports.eu/en/mundorf-cfc14-027.html,33.95
Intertechnik TRI62/027/0.60,"Intertechnik TRI62/027/0.60 | 0,27 mH | 0,13 Ω | 1% | 7 x 23 AWG",0.27,0.13,7.0,Air Core,https://www.soundimports.eu/en/it-intertechnik-tri62-027-0-60.html,43.95
Jantzen Audio 000-7030,"Jantzen Audio 000-7030 | 0,27 mH | 0,09 Ω | 2% | 12 AWG",0.27,0.09,12.0,Air Core,https://www.soundimports.eu/en/jantzen-audio-000-7030.html,45.96
Jantzen Audio 000-8027,"Jantzen Audio 000-8027 | 0,27 mH | 0,09 Ω | 2% | 12 AWG",0.27,0.09,12.0,Air Core,https://www.soundimports.eu/en/jantzen-audio-000-8027.html,47.44
Jantzen Audio 000-9027,"Jantzen Audio 000-9027 | 0,27 mH | 0,04 Ω | 2% | 8 AWG",0.27,0.04,8.0,Air Core,https://www.soundimports.eu/en/jantzen-audio-000-9027.html,100.95
Jantzen Audio 000-1340,"Jantzen Audio 000-1340 | 0,28 mH | 0,24 Ω | 3% | 18 AWG",0.28,0.24,18.0,Air Core,https://www.soundimports.eu/en/jantzen-audio-000-1340.html,8.45
Jantzen Audio 000-1759,"Jantzen Audio 000-1759 | 0,28 mH | 0,19 Ω | 3% | 17 AWG",0.28,0.19,17.0,Air Core,https://www.soundimports.eu/en/jantzen-audio-000-1759.html,9.95
Jantzen Audio 000-8546,"Jantzen Audio 000-8546 | 0,28 mH | 0,17 Ω | 2% | 16 AWG",0.28,0.17,16.0,Air Core,https://www.soundimports.eu/en/jantzen-audio-000-8546.html,25.45
Jantzen Audio 000-8028,"Jantzen Audio 000-8028 | 0,28 mH | 0,09 Ω | 2% | 12 AWG",0.28,0.09,12.0,Air Core,https://www.soundimports.eu/en/jantzen-audio-000-8028.html,45.45
Jantzen Audio 000-1644,"Jantzen Audio 000-1644 | 0,29 mH | 0,23 Ω | 3% | 18 AWG",0.29,0.23,18.0,Air Core,https://www.soundimports.eu/en/jantzen-audio-000-1644.html,7.95
Jantzen Audio 000-7663,"Jantzen Audio 000-7663 | 0,29 mH | 0,17 Ω | 2% | 16 AWG",0.29,0.17,16.0,Air Core,https://www.soundimports.eu/en/jantzen-audio-000-7663.html,24.45
Jantzen Audio 000-2144,"Jantzen Audio 000-2144 | 0,30 mH | 0,13 Ω | 3% | 18 AWG",0.3,0.13,18.0,Air Core,https://www.soundimports.eu/en/jantzen-audio-000-2144.html,6.45
Jantzen Audio 000-1315,"Jantzen Audio 000-1315 | 0,30 mH | 0,26 Ω | 3% | 18 AWG",0.3,0.26,18.0,Air Core,https://www.soundimports.eu/en/jantzen-audio-000-1315.html,7.95
Jantzen Audio 000-1313,"Jantzen Audio 000-1313 | 0,30 mH | 0,24 Ω | 3% | 18 AWG",0.3,0.24,18.0,Air Core,https://www.soundimports.eu/en/jantzen-audio-000-1313.html,8.45
Jantzen Audio 000-1027,"Jantzen Audio 000-1027 | 0,30 mH | 0,21 Ω | 3% | 17 AWG",0.3,0.21,17.0,Air Core,https://www.soundimports.eu/en/jantzen-audio-000-1027.html,9.95
Jantzen Audio 000-1335,"Jantzen Audio 000-1335 | 0,30 mH | 0,18 Ω | 3% | 17 AWG",0.3,0.18,17.0,Air Core,https://www.soundimports.eu/en/jantzen-audio-000-1335.html,10.45
Jantzen Audio 000-1272,"Jantzen Audio 000-1272 | 0,3 mH | 0,14 Ω | 3% | 15 AWG",0.3,0.14,15.0,Air Core,https://www.soundimports.eu/en/jantzen-audio-000-1272.html,11.95
Jantzen Audio 000-1163,"Jantzen Audio 000-1163 | 0,30 mH | 0,15 Ω | 3% | 15 AWG",0.3,0.15,15.0,Air Core,https://www.soundimports.eu/en/jantzen-audio-000-1163.html,12.95
Jantzen Audio 000-1483,"Jantzen Audio 000-1483 | 0,30 mH | 0,16 Ω | 3% | 15 AWG",0.3,0.16,15.0,Air Core,https://www.soundimports.eu/en/jantzen-audio-000-1483.html,14.45
Jantzen Audio 000-0280,"Jantzen Audio 000-0280 | 0,30 mH | 0,12 Ω | 3% | 14 AWG",0.3,0.12,14.0,Air Core,https://www.soundimports.eu/en/jantzen-audio-000-0280.html,16.46
Jantzen Audio 000-L-0030,"Jantzen Audio 000-L-0030 | 0,3 mH | 0,16 Ω | 3% | 15 AWG",0.3,0.16,15.0,Air Core,https://www.soundimports.eu/en/jantzen-audio-000-l-0030.html,16.46
Jantzen Audio 000-0954,"Jantzen Audio 000-0954 | 0,30 mH | 0,10 Ω | 3% | 13 AWG",0.3,0.1,13.0,Air Core,https://www.soundimports.eu/en/jantzen-audio-000-0954.html,20.45
Dayton Audio LW14-30,Dayton Audio LW14-30 | 0.30 mH | 0.13 Ω | 3% | 14 AWG,0.3,0.13,14.0,Air Core,https://www.soundimports.eu/en/dayton-audio-lw14-30.html,23.45
Jantzen Audio 000-7666,"Jantzen Audio 000-7666 | 0,30 mH | 0,18 Ω | 2% | 16 AWG",0.3,0.18,16.0,Air Core,https://www.soundimports.eu/en/jantzen-audio-000-7666.html,24.45
Jantzen Audio 000-8550,"Jantzen Audio 000-8550 | 0,30 mH | 0,19 Ω | 2% | 16 AWG",0.3,0.19,16.0,Air Core,https://www.soundimports.eu/en/jantzen-audio-000-8550.html,25.45
Jantzen Audio 000-7315,"Jantzen Audio 000-7315 | 0,30 mH | 0,12 Ω | 2% | 14 AWG",0.3,0.12,14.0,Air Core,https://www.soundimports.eu/en/jantzen-audio-000-7315.html,32.95
Jantzen Audio 000-8295,"Jantzen Audio 000-8295 | 0,30 mH | 0,13 Ω | 2% | 14 AWG",0.3,0.13,14.0,Air Core,https://www.soundimports.eu/en/jantzen-audio-000-8295.html,35.45
Jantzen Audio 000-8030,"Jantzen Audio 000-8030 | 0,30 mH | 0,10 Ω | 2% | 12 AWG",0.3,0.1,12.0,Air Core,https://www.soundimports.eu/en/jantzen-audio-000-8030.html,47.95
Jantzen Audio 000-0145,"Jantzen Audio 000-0145 | 0,31 mH | 0,25 Ω | 3% | 18 AWG",0.31,0.25,18.0,Air Core,https://www.soundimports.eu/en/jantzen-audio-000-0145.html,8.45
Jantzen Audio 000-1629,"Jantzen Audio 000-1629 | 0,31 mH | 0,16 Ω | 3% | 15 AWG",0.31,0.16,15.0,Air Core,https://www.soundimports.eu/en/jantzen-audio-000-1629.html,14.96
Jantzen Audio 000-7669,"Jantzen Audio 000-7669 | 0,31 mH | 0,18 Ω | 2% | 16 AWG",0.31,0.18,16.0,Air Core,https://www.soundimports.eu/en/jantzen-audio-000-7669.html,24.95
Jantzen Audio 000-8553,"Jantzen Audio 000-8553 | 0,31 mH | 0,19 Ω | 2% | 16 AWG",0.31,0.19,16.0,Air Core,https://www.soundimports.eu/en/jantzen-audio-000-8553.html,25.45
Jantzen Audio 000-8031,"Jantzen Audio 000-8031 | 0,31 mH | 0,10 Ω | 2% | 12 AWG",0.31,0.1,12.0,Air Core,https://www.soundimports.eu/en/jantzen-audio-000-8031.html,48.45
Jantzen Audio 000-2178,"Jantzen Audio 000-2178 | 0,32 mH | 0,12 Ω | 3% | 18 AWG",0.32,0.12,18.0,Air Core,https://www.soundimports.eu/en/jantzen-audio-000-2178.html,6.95
Jantzen Audio 000-0173,"Jantzen Audio 000-0173 | 0,32 mH | 0,21 Ω | 3% | 17 AWG",0.32,0.21,17.0,Air Core,https://www.soundimports.eu/en/jantzen-audio-000-0173.html,11.45
Jantzen Audio 000-7672,"Jantzen Audio 000-7672 | 0,32 mH | 0,18 Ω | 2% | 16 AWG",0.32,0.18,16.0,Air Core,https://www.soundimports.eu/en/jantzen-audio-000-7672.html,24.95
Jantzen Audio 000-8554,"Jantzen Audio 000-8554 | 0,32 mH | 0,19 Ω | 2% | 16 AWG",0.32,0.19,16.0,Air Core,https://www.soundimports.eu/en/jantzen-audio-000-8554.html,25.95
Dayton Audio LW18-33,Dayton Audio LW18-33 | 0.33 mH | 0.28 Ω | 5% | 18 AWG,0.33,0.28,18.0,Air Core,https://www.soundimports.eu/en/dayton-audio-lw18-33.html,6.45
Jantzen Audio 000-2402,"Jantzen Audio 000-2402 | 0,33 mH | 0,11 Ω | 3% | 18 AWG",0.33,0.11,18.0,Air Core,https://www.soundimports.eu/en/jantzen-audio-000-2402.html,6.95
Jantzen Audio 000-5059,"Jantzen Audio 000-5059 | 0,33 mH | 0,09 Ω | 3% | 18 AWG",0.33,0.09,18.0,Air Core,https://www.soundimports.eu/en/jantzen-audio-000-5059.html,7.45
Jantzen Audio 000-1679,"Jantzen Audio 000-1679 | 0,33 mH | 0,26 Ω | 3% | 18 AWG",0.33,0.26,18.0,Air Core,https://www.soundimports.eu/en/jantzen-audio-000-1679.html,8.45
Jantzen Audio 000-1022,"Jantzen Audio 000-1022 | 0,33 mH | 0,26 Ω | 3% | 18 AWG",0.33,0.26,18.0,Air Core,https://www.soundimports.eu/en/jantzen-audio-000-1022.html,8.45
Jantzen Audio 000-1757,"Jantzen Audio 000-1757 | 0,33 mH | 0,29 Ω | 3% | 18 AWG",0.33,0.29,18.0,Air Core,https://www.soundimports.eu/en/jantzen-audio-000-1757.html,8.45
Jantzen Audio 000-1987,"Jantzen Audio 000-1987 | 0,33 mH | 0,29 Ω | 3% | 18 AWG",0.33,0.29,18.0,Air Core,https://www.soundimports.eu/en/jantzen-audio-000-1987.html,8.45
Jantzen Audio 000-1746,"Jantzen Audio 000-1746 | 0,33 mH | 0,31 Ω | 3% | 18 AWG",0.33,0.31,18.0,Air Core,https://www.soundimports.eu/en/jantzen-audio-000-1746.html,8.45
Jantzen Audio 000-2122,"Jantzen Audio 000-2122 | 0,33 mH | 0,10 Ω | 3% | 17 AWG",0.33,0.1,17.0,Air Core,https://www.soundimports.eu/en/jantzen-audio-000-2122.html,8.45
Jantzen Audio 000-5093,"Jantzen Audio 000-5093 | 0,33 mH | 0,07 Ω | 3% | 17 AWG",0.33,0.07,17.0,Air Core,https://www.soundimports.eu/en/jantzen-audio-000-5093.html,8.45
"Mundorf L100-0,33","Mundorf L100-0,33 | 0,33 mH | 0,26 Ω | 2% | 18 AWG",0.33,0.26,18.0,Air Core,https://www.soundimports.eu/en/mundorf-l100-033.html,9.24
Jantzen Audio 000-2404,"Jantzen Audio 000-2404 | 0,33 mH | 0,08 Ω | 3% | 15 AWG",0.33,0.08,15.0,Air Core,https://www.soundimports.eu/en/jantzen-audio-000-2404.html,9.45
"Mundorf P100-0,33","Mundorf P100-0,33 | 0,33 mH | 0,15 Ω | 3% | 18 AWG",0.33,0.15,18.0,Air Core,https://www.soundimports.eu/en/mundorf-p100-033.html,9.95
Jantzen Audio 000-1712,"Jantzen Audio 000-1712 | 0,33 mH | 0,19 Ω | 3% | 17 AWG",0.33,0.19,17.0,Air Core,https://www.soundimports.eu/en/jantzen-audio-000-1712.html,10.95
Jantzen Audio 000-1173,"Jantzen Audio 000-1173 | 0,33 mH | 0,22 Ω | 3% | 17 AWG",0.33,0.22,17.0,Air Core,https://www.soundimports.eu/en/jantzen-audio-000-1173.html,11.45
Jantzen Audio 000-2399,"Jantzen Audio 000-2399 | 0,33 mH | 0,061 Ω | 3% | 14 AWG",0.33,0.061,14.0,Air Core,https://www.soundimports.eu/en/jantzen-audio-000-2399.html,11.95
Jantzen Audio 000-1071,"Jantzen Audio 000-1071 | 0,33 mH | 0,15 Ω | 3% | 15 AWG",0.33,0.15,15.0,Air Core,https://www.soundimports.eu/en/jantzen-audio-000-1071.html,12.45
Intertechnik LUT32/033/10,"Intertechnik LUT32/033/10 | 0,33 mH | 0,32 Ω | 3% | 18 AWG",0.33,0.32,18.0,Air Core,https://www.soundimports.eu/en/it-intertechnik-lut32-033-10.html,12.45
Jantzen Audio 000-1310,"Jantzen Audio 000-1310 | 0,33 mH | 0,16 Ω | 3% | 15 AWG",0.33,0.16,15.0,Air Core,https://www.soundimports.eu/en/jantzen-audio-000-1310.html,13.46
Intertechnik LU44/033/100,"Intertechnik LU44/033/100 | 0,33 mH | 0,30 Ω | 3% | 18 AWG",0.33,0.3,18.0,Air Core,https://www.soundimports.eu/en/it-intertechnik-lu44-033-100.html,13.95
Jantzen Audio 000-L-0033,"Jantzen Audio 000-L-0033 | 0,33 mH | 0,17 Ω | 3% | 15 AWG",0.33,0.17,15.0,Air Core,https://www.soundimports.eu/en/jantzen-audio-000-l-0033.html,16.95
Jantzen Audio 000-0008,"Jantzen Audio 000-0008 | 0,33 mH | 0,129 Ω | 3% | 14 AWG",0.33,0.129,14.0,Air Core,https://www.soundimports.eu/en/jantzen-audio-000-0008.html,18.45
Intertechnik LU55/033/140,"Intertechnik LU55/033/140 | 0,33 mH | 0,16 Ω | 3% | 15 AWG",0.33,0.16,15.0,Air Core,https://www.soundimports.eu/en/it-intertechnik-lu55-033-140.html,19.44
Jantzen Audio 000-0108,"Jantzen Audio 000-0108 | 0,33 mH | 0,105 Ω | 3% | 13 AWG",0.33,0.105,13.0,Air Core,https://www.soundimports.eu/en/jantzen-audio-000-0108.html,21.45
Jantzen Audio 000-7676,"Jantzen Audio 000-7676 | 0,33 mH | 0,19 Ω | 2% | 16 AWG",0.33,0.19,16.0,Air Core,https://www.soundimports.eu/en/jantzen-audio-000-7676.html,25.45
"Mundorf CFC16-0,33","Mundorf CFC16-0,33 | 0,33 mH | 0,18 Ω | 2% | 16,5 AWG",0.33,0.18,16.5,Air Core,https://www.soundimports.eu/en/mundorf-cfc16-033.html,25.95
Jantzen Audio 000-7320,"Jantzen Audio 000-7320 | 0,33 mH | 0,14 Ω | 2% | 14 AWG",0.33,0.14,14.0,Air Core,https://www.soundimports.eu/en/jantzen-audio-000-7320.html,34.45
Jantzen Audio 000-8300,"Jantzen Audio 000-8300 | 0,33 mH | 0,14 Ω | 2% | 14 AWG",0.33,0.14,14.0,Air Core,https://www.soundimports.eu/en/jantzen-audio-000-8300.html,35.45
Intertechnik TRI55/033/0.50,"Intertechnik TRI55/033/0.50 | 0,33 mH | 0,179 Ω | 1% | 7 x 24 AWG",0.33,0.179,7.0,Air Core,https://www.soundimports.eu/en/it-intertechnik-tri55-033-0-50.html,35.95
"Mundorf CFC14-0,33","Mundorf CFC14-0,33 | 0,33 mH | 0,13 Ω | 2% | 14 AWG",0.33,0.13,14.0,Air Core,https://www.soundimports.eu/en/mundorf-cfc14-033.html,36.95
Intertechnik LU92/033/200,"Intertechnik LU92/033/200 | 0,33 mH | 0,09 Ω | 3% | 12 AWG",0.33,0.09,12.0,Air Core,https://www.soundimports.eu/en/it-intertechnik-lu92-033-200.html,37.45
Intertechnik TRI62/033/0.60,"Intertechnik TRI62/033/0.60 | 0,33 mH | 0,15 Ω | 1% | 7 x 23 AWG",0.33,0.15,7.0,Air Core,https://www.soundimports.eu/en/it-intertechnik-tri62-033-0-60.html,47.95
Jantzen Audio 000-8033,"Jantzen Audio 000-8033 | 0,33 mH | 0,11 Ω | 2% | 12 AWG",0.33,0.11,12.0,Air Core,https://www.soundimports.eu/en/jantzen-audio-000-8033.html,49.45
Jantzen Audio 000-9033,"Jantzen Audio 000-9033 | 0,33 mH | 0,04 Ω | 2% | 8 AWG",0.33,0.04,8.0,Air Core,https://www.soundimports.eu/en/jantzen-audio-000-9033.html,113.45
Jantzen Audio 000-0832,"Jantzen Audio 000-0832 | 0,34 mH | 0,27 Ω | 3% | 18 AWG",0.34,0.27,18.0,Air Core,https://www.soundimports.eu/en/jantzen-audio-000-0832.html,8.45
Jantzen Audio 000-8558,"Jantzen Audio 000-8558 | 0,34 mH | 0,19 Ω | 2% | 16 AWG",0.34,0.19,16.0,Air Core,https://www.soundimports.eu/en/jantzen-audio-000-8558.html,26.95
Jantzen Audio 000-1009,"Jantzen Audio 000-1009 | 0,35 mH | 0,275 Ω | 3% | 18 AWG",0.35,0.275,18.0,Air Core,https://www.soundimports.eu/en/jantzen-audio-000-1009.html,8.45
Jantzen Audio 000-1979,"Jantzen Audio 000-1979 | 0,35 mH | 0,23 Ω | 3% | 17 AWG",0.35,0.23,17.0,Air Core,https://www.soundimports.eu/en/jantzen-audio-000-1979.html,10.45
Jantzen Audio 000-1417,"Jantzen Audio 000-1417 | 0,35 mH | 0,17 Ω | 3% | 15 AWG",0.35,0.17,15.0,Air Core,https://www.soundimports.eu/en/jantzen-audio-000-1417.html,15.95
Jantzen Audio 000-L-0035,"Jantzen Audio 000-L-0035 | 0,35 mH | 0,19 Ω | 3% | 15 AWG",0.35,0.19,15.0,Air Core,https://www.soundimports.eu/en/jantzen-audio-000-l-0035.html,17.94
Jantzen Audio 000-7682,"Jantzen Audio 000-7682 | 0,35 mH | 0,20 Ω | 2% | 16 AWG",0.35,0.2,16.0,Air Core,https://www.soundimports.eu/en/jantzen-audio-000-7682.html,25.45
Jantzen Audio 000-8559,"Jantzen Audio 000-8559 | 0,35 mH | 0,20 Ω | 2% | 16 AWG",0.35,0.2,16.0,Air Core,https://www.soundimports.eu/en/jantzen-audio-000-8559.html,28.45
Jantzen Audio 000-8035,"Jantzen Audio 000-8035 | 0,35 mH | 0,11 Ω | 2% | 12 AWG",0.35,0.11,12.0,Air Core,https://www.soundimports.eu/en/jantzen-audio-000-8035.html,50.95
Jantzen Audio 000-2414,"Jantzen Audio 000-2414 | 0,36 mH | 0,12 Ω | 3% | 18 AWG",0.36,0.12,18.0,Air Core,https://www.soundimports.eu/en/jantzen-audio-000-2414.html,7.45
Jantzen Audio 000-1153,"Jantzen Audio 000-1153 | 0,36 mH | 0,28 Ω | 3% | 18 AWG",0.36,0.28,18.0,Air Core,https://www.soundimports.eu/en/jantzen-audio-000-1153.html,8.45
Jantzen Audio 000-1729,"Jantzen Audio 000-1729 | 0,36 mH | 0,23 Ω | 3% | 17 AWG",0.36,0.23,17.0,Air Core,https://www.soundimports.eu/en/jantzen-audio-000-1729.html,11.95
Jantzen Audio 000-1415,"Jantzen Audio 000-1415 | 0,36 mH | 0,17 Ω | 3% | 15 AWG",0.36,0.17,15.0,Air Core,https://www.soundimports.eu/en/jantzen-audio-000-1415.html,15.45
Jantzen Audio 000-7685,"Jantzen Audio 000-7685 | 0,36 mH | 0,2 Ω | 2% | 16 AWG",0.36,0.2,16.0,Air Core,https://www.soundimports.eu/en/jantzen-audio-000-7685.html,24.95
Jantzen Audio 000-8560,"Jantzen Audio 000-8560 | 0,36 mH | 0,19 Ω | 2% | 16 AWG",0.36,0.19,16.0,Air Core,https://www.soundimports.eu/en/jantzen-audio-000-8560.html,27.45
Jantzen Audio 000-8305,"Jantzen Audio 000-8305 | 0,36 mH | 0,14 Ω | 2% | 14 AWG",0.36,0.14,14.0,Air Core,https://www.soundimports.eu/en/jantzen-audio-000-8305.html,35.95
Jantzen Audio 000-7037,"Jantzen Audio 000-7037 | 0,36 mH | 0,11 Ω | 2% | 12 AWG",0.36,0.11,12.0,Air Core,https://www.soundimports.eu/en/jantzen-audio-000-7037.html,51.45
Jantzen Audio 000-8036,"Jantzen Audio 000-8036 | 0,36 mH | 0,11 Ω | 2% | 12 AWG",0.36,0.11,12.0,Air Core,https://www.soundimports.eu/en/jantzen-audio-000-8036.html,51.95
Jantzen Audio 000-1117,"Jantzen Audio 000-1117 | 0,37 mH | 0,28 Ω | 3% | 18 AWG",0.37,0.28,18.0,Air Core,https://www.soundimports.eu/en/jantzen-audio-000-1117.html,8.45
Jantzen Audio 000-1116,"Jantzen Audio 000-1116 | 0,37 mH | 0,17 Ω | 3% | 15 AWG",0.37,0.17,15.0,Air Core,https://www.soundimports.eu/en/jantzen-audio-000-1116.html,14.45
Jantzen Audio 000-7688,"Jantzen Audio 000-7688 | 0,37 mH | 0,20 Ω | 2% | 16 AWG",0.37,0.2,16.0,Air Core,https://www.soundimports.eu/en/jantzen-audio-000-7688.html,25.95
Jantzen Audio 000-8561,"Jantzen Audio 000-8561 | 0,37 mH | 0,2 Ω | 2% | 16 AWG",0.37,0.2,16.0,Air Core,https://www.soundimports.eu/en/jantzen-audio-000-8561.html,27.45
Jantzen Audio 000-1837,"Jantzen Audio 000-1837 | 0,38 mH | 0,29 Ω | 3% | 18 AWG",0.38,0.29,18.0,Air Core,https://www.soundimports.eu/en/jantzen-audio-000-1837.html,8.45
Jantzen Audio 000-0862,"Jantzen Audio 000-0862 | 0,38 mH | 0,11 Ω | 3% | 13 AWG",0.38,0.11,13.0,Air Core,https://www.soundimports.eu/en/jantzen-audio-000-0862.html,21.95
Jantzen Audio 000-7691,"Jantzen Audio 000-7691 | 0,38 mH | 0,21 Ω | 2% | 16 AWG",0.38,0.21,16.0,Air Core,https://www.soundimports.eu/en/jantzen-audio-000-7691.html,24.95
Jantzen Audio 000-8562,"Jantzen Audio 000-8562 | 0,38 mH | 0,20 Ω | 2% | 16 AWG",0.38,0.2,16.0,Air Core,https://www.soundimports.eu/en/jantzen-audio-000-8562.html,27.95
Jantzen Audio 000-8309,"Jantzen Audio 000-8309 | 0,38 mH | 0,15 Ω | 2% | 14 AWG",0.38,0.15,14.0,Air Core,https://www.soundimports.eu/en/jantzen-audio-000-8309.html,36.45
Jantzen Audio 000-2059,"Jantzen Audio 000-2059 | 0,39 mH | 0,14 Ω | 3% | 18 AWG",0.39,0.14,18.0,Air Core,https://www.soundimports.eu/en/jantzen-audio-000-2059.html,7.45
Jantzen Audio 000-1104,"Jantzen Audio 000-1104 | 0,39 mH | 0,29 Ω | 3% | 18 AWG",0.39,0.29,18.0,Air Core,https://www.soundimports.eu/en/jantzen-audio-000-1104.html,8.45
Jantzen Audio 000-1624,"Jantzen Audio 000-1624 | 0,39 mH | 0,285 Ω | 3% | 18 AWG",0.39,0.285,18.0,Air Core,https://www.soundimports.eu/en/jantzen-audio-000-1624.html,8.45
Jantzen Audio 000-1677,"Jantzen Audio 000-1677 | 0,39 mH | 0,293 Ω | 3% | 18 AWG",0.39,0.293,18.0,Air Core,https://www.soundimports.eu/en/jantzen-audio-000-1677.html,8.95
Jantzen Audio 000-1988,"Jantzen Audio 000-1988 | 0,39 mH | 0,32 Ω | 3% | 18 AWG",0.39,0.32,18.0,Air Core,https://www.soundimports.eu/en/jantzen-audio-000-1988.html,9.45
"Mundorf L100-0,39","Mundorf L100-0,39 | 0,39 mH | 0,29 Ω | 2% | 18 AWG",0.39,0.29,18.0,Air Core,https://www.soundimports.eu/en/mundorf-l100-039.html,9.95
"Mundorf P100-0,39","Mundorf P100-0,39 | 0,39 mH | 0,17 Ω | 3% | 18 AWG",0.39,0.17,18.0,Air Core,https://www.soundimports.eu/en/mundorf-p100-039.html,10.45
Jantzen Audio 000-1641,"Jantzen Audio 000-1641 | 0,39 mH | 0,205 Ω | 3% | 17 AWG",0.39,0.205,17.0,Air Core,https://www.soundimports.eu/en/jantzen-audio-000-1641.html,10.45
Jantzen Audio 000-1181,"Jantzen Audio 000-1181 | 0,39 mH | 0,24 Ω | 3% | 17 AWG",0.39,0.24,17.0,Air Core,https://www.soundimports.eu/en/jantzen-audio-000-1181.html,12.45
Jantzen Audio 000-1274,"Jantzen Audio 000-1274 | 0,39 mH | 0,17 Ω | 3% | 15 AWG",0.39,0.17,15.0,Air Core,https://www.soundimports.eu/en/jantzen-audio-000-1274.html,13.46
Intertechnik LU44/039/100,"Intertechnik LU44/039/100 | 0,39 mH | 0,33 Ω | 3% | 18 AWG",0.39,0.33,18.0,Air Core,https://www.soundimports.eu/en/it-intertechnik-lu44-039-100.html,15.45
Jantzen Audio 000-1895,"Jantzen Audio 000-1895 | 0,39 mH | 0,17 Ω | 3% | 15 AWG",0.39,0.17,15.0,Air Core,https://www.soundimports.eu/en/jantzen-audio-000-1895.html,16.46
Intertechnik LUT44/039/10,"Intertechnik LUT44/039/10 | 0,39 mH | 0,37 Ω | 3% | 18 AWG",0.39,0.37,18.0,Air Core,https://www.soundimports.eu/en/it-intertechnik-lut44-039-10.html,16.46
Jantzen Audio 000-L-0039,"Jantzen Audio 000-L-0039 | 0,39 mH | 0,2 Ω | 3% | 15 AWG",0.39,0.2,15.0,Air Core,https://www.soundimports.eu/en/jantzen-audio-000-l-0039.html,19.44
Jantzen Audio 000-0009,"Jantzen Audio 000-0009 | 0,39 mH | 0,14 Ω | 3% | 14 AWG",0.39,0.14,14.0,Air Core,https://www.soundimports.eu/en/jantzen-audio-000-0009.html,19.44
Intertechnik LU55/039/140,"Intertechnik LU55/039/140 | 0,39 mH | 0,18 Ω | 3% | 15 AWG",0.39,0.18,15.0,Air Core,https://www.soundimports.eu/en/it-intertechnik-lu55-039-140.html,19.95
Jantzen Audio 000-0109,"Jantzen Audio 000-0109 | 0,39 mH | 0,11 Ω | 3% | 13 AWG",0.39,0.11,13.0,Air Core,https://www.soundimports.eu/en/jantzen-audio-000-0109.html,23.45
Jantzen Audio 000-7694,"Jantzen Audio 000-7694 | 0,39 mH | 0,21 Ω | 2% | 16 AWG",0.39,0.21,16.0,Air Core,https://www.soundimports.eu/en/jantzen-audio-000-7694.html,25.95
"Mundorf CFC16-0,39","Mundorf CFC16-0,39 | 0,39 mH | 0,20 Ω | 2% | 16,5 AWG",0.39,0.2,16.5,Air Core,https://www.soundimports.eu/en/mundorf-cfc16-039.html,27.95
Jantzen Audio 000-7328,"Jantzen Audio 000-7328 | 0,39 mH | 0,15 Ω | 2% | 14 AWG",0.39,0.15,14.0,Air Core,https://www.soundimports.eu/en/jantzen-audio-000-7328.html,35.45
Intertechnik LU92/039/200,"Intertechnik LU92/039/200 | 0,39 mH | 0,10 Ω | 3% | 12 AWG",0.39,0.1,12.0,Air Core,https://www.soundimports.eu/en/it-intertechnik-lu92-039-200.html,38.95
"Mundorf CFC14-0,39","Mundorf CFC14-0,39 | 0,39 mH | 0,14 Ω | 2% | 14 AWG",0.39,0.14,14.0,Air Core,https://www.soundimports.eu/en/mundorf-cfc14-039.html,39.95
Intertechnik TRI62/039/0.50,"Intertechnik TRI62/039/0.50 | 0,39 mH | 0,209 Ω | 1% | 7 x 24 AWG",0.39,0.209,7.0,Air Core,https://www.soundimports.eu/en/it-intertechnik-tri62-039-0-50.html,39.95
Intertechnik TRI62/039/0.60,"Intertechnik TRI62/039/0.60 | 0,39 mH | 0,16 Ω | 1% | 7 x 23 AWG",0.39,0.16,7.0,Air Core,https://www.soundimports.eu/en/it-intertechnik-tri62-039-0-60.html,49.95
Jantzen Audio 000-8039,"Jantzen Audio 000-8039 | 0,39 mH | 0,11 Ω | 2% | 12 AWG",0.39,0.11,12.0,Air Core,https://www.soundimports.eu/en/jantzen-audio-000-8039.html,53.45
"Mundorf CFC12-0,39","Mundorf CFC12-0,39 | 0,39 mH | 0,11 Ω | 2% | 12 AWG",0.39,0.11,12.0,Air Core,https://www.soundimports.eu/en/mundorf-cfc12-039.html,64.95
Dayton Audio LW18-40,Dayton Audio LW18-40 | 0.40 mH | 0.29 Ω | 3% | 18 AWG,0.4,0.29,18.0,Air Core,https://www.soundimports.eu/en/dayton-audio-lw18-40.html,6.95
Jantzen Audio 000-1950,"Jantzen Audio 000-1950 | 0,40 mH | 0,29 Ω | 3% | 18 AWG",0.4,0.29,18.0,Air Core,https://www.soundimports.eu/en/jantzen-audio-000-1950.html,8.45
Jantzen Audio 000-1966,"Jantzen Audio 000-1966 | 0,40 mH | 0,294 Ω | 3% | 18 AWG",0.4,0.294,18.0,Air Core,https://www.soundimports.eu/en/jantzen-audio-000-1966.html,8.45
Jantzen Audio 000-1654,"Jantzen Audio 000-1654 | 0,40 mH | 0,31 Ω | 3% | 18 AWG",0.4,0.31,18.0,Air Core,https://www.soundimports.eu/en/jantzen-audio-000-1654.html,9.45
Jantzen Audio 000-1841,"Jantzen Audio 000-1841 | 0,40 mH | 0,33 Ω | 3% | 18 AWG",0.4,0.33,18.0,Air Core,https://www.soundimports.eu/en/jantzen-audio-000-1841.html,9.45
Jantzen Audio 000-2139,"Jantzen Audio 000-2139 | 0,40 mH | 0,11 Ω | 3% | 17 AWG",0.4,0.11,17.0,Air Core,https://www.soundimports.eu/en/jantzen-audio-000-2139.html,9.45
Jantzen Audio 000-1515,"Jantzen Audio 000-1515 | 0,4 mH | 0,22 Ω | 3% | 17 AWG",0.4,0.22,17.0,Air Core,https://www.soundimports.eu/en/jantzen-audio-000-1515.html,11.95
Jantzen Audio 000-1243,"Jantzen Audio 000-1243 | 0,4 mH | 0,17 Ω | 3% | 15 AWG",0.4,0.17,15.0,Air Core,https://www.soundimports.eu/en/jantzen-audio-000-1243.html,15.45
Jantzen Audio 000-1548,"Jantzen Audio 000-1548 | 0,4 mH | 0,18 Ω | 3% | 15 AWG",0.4,0.18,15.0,Air Core,https://www.soundimports.eu/en/jantzen-audio-000-1548.html,16.46
Jantzen Audio 000-1186,"Jantzen Audio 000-1186 | 0,40 mH | 0,18 Ω | 3% | 15 AWG",0.4,0.18,15.0,Air Core,https://www.soundimports.eu/en/jantzen-audio-000-1186.html,16.46
Jantzen Audio 000-L-0040,"Jantzen Audio 000-L-0040 | 0,40 mH | 0,22 Ω | 3% | 15 AWG",0.4,0.22,15.0,Air Core,https://www.soundimports.eu/en/jantzen-audio-000-l-0040.html,18.95
Jantzen Audio 000-0050,"Jantzen Audio 000-0050 | 0,40 mH | 0,14 Ω | 3% | 14 AWG",0.4,0.14,14.0,Air Core,https://www.soundimports.eu/en/jantzen-audio-000-0050.html,19.44
Jantzen Audio 000-0829,"Jantzen Audio 000-0829 | 0,4 mH | 0,12 Ω | 3% | 13 AWG",0.4,0.12,13.0,Air Core,https://www.soundimports.eu/en/jantzen-audio-000-0829.html,22.45
Dayton Audio LW14-40,Dayton Audio LW14-40 | 0.40 mH | 0.15 Ω | 3% | 14 AWG,0.4,0.15,14.0,Air Core,https://www.soundimports.eu/en/dayton-audio-lw14-40.html,26.45
Jantzen Audio 000-8570,"Jantzen Audio 000-8570 | 0,40 mH | 0,21 Ω | 2% | 16 AWG",0.4,0.21,16.0,Air Core,https://www.soundimports.eu/en/jantzen-audio-000-8570.html,28.45
Jantzen Audio 000-7329,"Jantzen Audio 000-7329 | 0,40 mH | 0,15 Ω | 2% | 14 AWG",0.4,0.15,14.0,Air Core,https://www.soundimports.eu/en/jantzen-audio-000-7329.html,35.95
Jantzen Audio 000-8313,"Jantzen Audio 000-8313 | 0,40 mH | 0,16 Ω | 2% | 14 AWG",0.4,0.16,14.0,Air Core,https://www.soundimports.eu/en/jantzen-audio-000-8313.html,38.45
Jantzen Audio 000-1303,"Jantzen Audio 000-1303 | 0,41 mH | 0,30 Ω | 3% | 18 AWG",0.41,0.3,18.0,Air Core,https://www.soundimports.eu/en/jantzen-audio-000-1303.html,8.45
Jantzen Audio 000-7700,"Jantzen Audio 000-7700 | 0,41 mH | 0,22 Ω | 2% | 16 AWG",0.41,0.22,16.0,Air Core,https://www.soundimports.eu/en/jantzen-audio-000-7700.html,25.45
Jantzen Audio 000-7330,"Jantzen Audio 000-7330 | 0,41 mH | 0,15 Ω | 2% | 14 AWG",0.41,0.15,14.0,Air Core,https://www.soundimports.eu/en/jantzen-audio-000-7330.html,36.45
Jantzen Audio 000-1577,"Jantzen Audio 000-1577 | 0,42 mH | 0,30 Ω | 3% | 18 AWG",0.42,0.3,18.0,Air Core,https://www.soundimports.eu/en/jantzen-audio-000-1577.html,8.45
Jantzen Audio 000-1976,"Jantzen Audio 000-1976 | 0,42 mH | 0,25 Ω | 3% | 17 AWG",0.42,0.25,17.0,Air Core,https://www.soundimports.eu/en/jantzen-audio-000-1976.html,11.45
Jantzen Audio 000-1189,"Jantzen Audio 000-1189 | 0,42 mH | 0,19 Ω | 3% | 15 AWG",0.42,0.19,15.0,Air Core,https://www.soundimports.eu/en/jantzen-audio-000-1189.html,15.45
Jantzen Audio 000-8575,"Jantzen Audio 000-8575 | 0,42 mH | 0,22 Ω | 2% | 16 AWG",0.42,0.22,16.0,Air Core,https://www.soundimports.eu/en/jantzen-audio-000-8575.html,28.96
Jantzen Audio 000-8315,"Jantzen Audio 000-8315 | 0,42 mH | 0,16 Ω | 2% | 14 AWG",0.42,0.16,14.0,Air Core,https://www.soundimports.eu/en/jantzen-audio-000-8315.html,38.95
Jantzen Audio 000-0911,"Jantzen Audio 000-0911 | 0,424 mH | 0,3 Ω | 3% | 18 AWG",0.424,0.3,18.0,Air Core,https://www.soundimports.eu/en/jantzen-audio-000-0911.html,8.45
Jantzen Audio 000-0199,"Jantzen Audio 000-0199 | 0,43 mH | 0,19 Ω | 3% | 15 AWG",0.43,0.19,15.0,Air Core,https://www.soundimports.eu/en/jantzen-audio-000-0199.html,15.45
Jantzen Audio 000-7706,"Jantzen Audio 000-7706 | 0,43 mH | 0,22 Ω | 2% | 16 AWG",0.43,0.22,16.0,Air Core,https://www.soundimports.eu/en/jantzen-audio-000-7706.html,26.95
Jantzen Audio 000-1191,"Jantzen Audio 000-1191 | 0,44 mH | 0,31 Ω | 3% | 18 AWG",0.44,0.31,18.0,Air Core,https://www.soundimports.eu/en/jantzen-audio-000-1191.html,8.45
Jantzen Audio 000-2367,"Jantzen Audio 000-2367 | 0,45 mH | 0,16 Ω | 3% | 18 AWG",0.45,0.16,18.0,Air Core,https://www.soundimports.eu/en/jantzen-audio-000-2367.html,7.45
Jantzen Audio 000-1196,"Jantzen Audio 000-1196 | 0,45 mH | 0,31 Ω | 3% | 18 AWG",0.45,0.31,18.0,Air Core,https://www.soundimports.eu/en/jantzen-audio-000-1196.html,8.45
Jantzen Audio 000-0053,"Jantzen Audio 000-0053 | 0,45 mH | 0,16 Ω | 3% | 14 AWG",0.45,0.16,14.0,Air Core,https://www.soundimports.eu/en/jantzen-audio-000-0053.html,20.45
Jantzen Audio 000-7710,"Jantzen Audio 000-7710 | 0,45 mH | 0,22 Ω | 2% | 16 AWG",0.45,0.22,16.0,Air Core,https://www.soundimports.eu/en/jantzen-audio-000-7710.html,27.95
Jantzen Audio 000-8578,"Jantzen Audio 000-8578 | 0,45 mH | 0,23 Ω | 2% | 16 AWG",0.45,0.23,16.0,Air Core,https://www.soundimports.eu/en/jantzen-audio-000-8578.html,29.45
Jantzen Audio 000-1977,"Jantzen Audio 000-1977 | 0,46 mH | 0,26 Ω | 3% | 17 AWG",0.46,0.26,17.0,Air Core,https://www.soundimports.eu/en/jantzen-audio-000-1977.html,11.95
Jantzen Audio 000-2175,"Jantzen Audio 000-2175 | 0,47 mH | 0,126 Ω | 3% | 18 AWG",0.47,0.126,18.0,Air Core,https://www.soundimports.eu/en/jantzen-audio-000-2175.html,7.45
Jantzen Audio 000-2058,"Jantzen Audio 000-2058 | 0,47 mH | 0,17 Ω | 3% | 18 AWG",0.47,0.17,18.0,Air Core,https://www.soundimports.eu/en/jantzen-audio-000-2058.html,7.45
Jantzen Audio 000-2366,"Jantzen Audio 000-2366 | 0,47 mH | 0,12 Ω | 3% | 17 AWG",0.47,0.12,17.0,Air Core,https://www.soundimports.eu/en/jantzen-audio-000-2366.html,8.45
Jantzen Audio 000-1031,"Jantzen Audio 000-1031 | 0,47 mH | 0,32 Ω | 3% | 18 AWG",0.47,0.32,18.0,Air Core,https://www.soundimports.eu/en/jantzen-audio-000-1031.html,9.45
Jantzen Audio 000-1281,"Jantzen Audio 000-1281 | 0,47 mH | 0,32 Ω | 3% | 18 AWG",0.47,0.32,18.0,Air Core,https://www.soundimports.eu/en/jantzen-audio-000-1281.html,9.45
Jantzen Audio 000-1989,"Jantzen Audio 000-1989 | 0,47 mH | 0,36 Ω | 3% | 18 AWG",0.47,0.36,18.0,Air Core,https://www.soundimports.eu/en/jantzen-audio-000-1989.html,9.45
Jantzen Audio 000-1539,"Jantzen Audio 000-1539 | 0,47 mH | 0,33 Ω | 3% | 18 AWG",0.47,0.33,18.0,Air Core,https://www.soundimports.eu/en/jantzen-audio-000-1539.html,9.45
Jantzen Audio 000-5081,"Jantzen Audio 000-5081 | 0,47 mH | 0,08 Ω | 3% | 17 AWG",0.47,0.08,17.0,Air Core,https://www.soundimports.eu/en/jantzen-audio-000-5081.html,9.45
"Mundorf L100-0,47","Mundorf L100-0,47 | 0,47 mH | 0,32 Ω | 2% | 18 AWG",0.47,0.32,18.0,Air Core,https://www.soundimports.eu/en/mundorf-l100-047.html,9.95
"Mundorf P100-0,47","Mundorf P100-0,47 | 0,47 mH | 0,19 Ω | 3% | 18 AWG",0.47,0.19,18.0,Air Core,https://www.soundimports.eu/en/mundorf-p100-047.html,10.95
Jantzen Audio 000-0887,"Jantzen Audio 000-0887 | 0,47 mH | 0,25 Ω | 3% | 17 AWG",0.47,0.25,17.0,Air Core,https://www.soundimports.eu/en/jantzen-audio-000-0887.html,11.45
Jantzen Audio 000-1760,"Jantzen Audio 000-1760 | 0,47 mH | 0,259 Ω | 3% | 17 AWG",0.47,0.259,17.0,Air Core,https://www.soundimports.eu/en/jantzen-audio-000-1760.html,11.95
Jantzen Audio 000-1198,"Jantzen Audio 000-1198 | 0,47 mH | 0,26 Ω | 3% | 17 AWG",0.47,0.26,17.0,Air Core,https://www.soundimports.eu/en/jantzen-audio-000-1198.html,13.46
Jantzen Audio 000-5436,"Jantzen Audio 000-5436 | 0,47 mH | 0,06 Ω | 3% | 14 AWG",0.47,0.06,14.0,Air Core,https://www.soundimports.eu/en/jantzen-audio-000-5436.html,14.45
Intertechnik LU44/047/100,"Intertechnik LU44/047/100 | 0,47 mH | 0,36 Ω | 3% | 18 AWG",0.47,0.36,18.0,Air Core,https://www.soundimports.eu/en/it-intertechnik-lu44-047-100.html,14.96
Jantzen Audio 000-1242,"Jantzen Audio 000-1242 | 0,47 mH | 0,18 Ω | 3% | 15 AWG",0.47,0.18,15.0,Air Core,https://www.soundimports.eu/en/jantzen-audio-000-1242.html,16.46
Intertechnik LUT44/047/10,"Intertechnik LUT44/047/10 | 0,47 mH | 0,41 Ω | 3% | 18 AWG",0.47,0.41,18.0,Air Core,https://www.soundimports.eu/en/it-intertechnik-lut44-047-10.html,16.95
Jantzen Audio 000-1518,"Jantzen Audio 000-1518 | 0,47 mH | 0,20 Ω | 3% | 15 AWG",0.47,0.2,15.0,Air Core,https://www.soundimports.eu/en/jantzen-audio-000-1518.html,17.45
Jantzen Audio 000-L-0047,"Jantzen Audio 000-L-0047 | 0,47 mH | 0,22 Ω | 3% | 15 AWG",0.47,0.22,15.0,Air Core,https://www.soundimports.eu/en/jantzen-audio-000-l-0047.html,19.44
Jantzen Audio 000-0010,"Jantzen Audio 000-0010 | 0,47 mH | 0,164 Ω | 3% | 14 AWG",0.47,0.164,14.0,Air Core,https://www.soundimports.eu/en/jantzen-audio-000-0010.html,20.95
Intertechnik LU55/047/140,"Intertechnik LU55/047/140 | 0,47 mH | 0,19 Ω | 3% | 15 AWG",0.47,0.19,15.0,Air Core,https://www.soundimports.eu/en/it-intertechnik-lu55-047-140.html,21.95
Jantzen Audio 000-0110,"Jantzen Audio 000-0110 | 0,47 mH | 0,13 Ω | 3% | 13 AWG",0.47,0.13,13.0,Air Core,https://www.soundimports.eu/en/jantzen-audio-000-0110.html,25.45
Intertechnik AT55/047/132,"Intertechnik AT55/047/132 | 0,47 mH | 0,21 Ω | 3% | 16 AWG",0.47,0.21,16.0,Air Core,https://www.soundimports.eu/en/it-intertechnik-at55-047-132.html,27.95
Jantzen Audio 000-7715,"Jantzen Audio 000-7715 | 0,47 mH | 0,23 Ω | 2% | 16 AWG",0.47,0.23,16.0,Air Core,https://www.soundimports.eu/en/jantzen-audio-000-7715.html,28.45
"Mundorf CFC16-0,47","Mundorf CFC16-0,47 | 0,47 mH | 0,23 Ω | 2% | 16,5 AWG",0.47,0.23,16.5,Air Core,https://www.soundimports.eu/en/mundorf-cfc16-047.html,29.95
Jantzen Audio 000-7338,"Jantzen Audio 000-7338 | 0,47 mH | 0,15 Ω | 2% | 14 AWG",0.47,0.15,14.0,Air Core,https://www.soundimports.eu/en/jantzen-audio-000-7338.html,36.45
Jantzen Audio 000-8320,"Jantzen Audio 000-8320 | 0,47 mH | 0,17 Ω | 2% | 14 AWG",0.47,0.17,14.0,Air Core,https://www.soundimports.eu/en/jantzen-audio-000-8320.html,41.95
Intertechnik LU92/047/200,"Intertechnik LU92/047/200 | 0,47 mH | 0,11 Ω | 3% | 12 AWG",0.47,0.11,12.0,Air Core,https://www.soundimports.eu/en/it-intertechnik-lu92-047-200.html,42.45
Intertechnik TRI62/047/0.50,"Intertechnik TRI62/047/0.50 | 0,47 mH | 0,239 Ω | 1% | 7 x 24 AWG",0.47,0.239,7.0,Air Core,https://www.soundimports.eu/en/it-intertechnik-tri62-047-0-50.html,43.95
"Mundorf CFC14-0,47","Mundorf CFC14-0,47 | 0,47 mH | 0,16 Ω | 2% | 14 AWG",0.47,0.16,14.0,Air Core,https://www.soundimports.eu/en/mundorf-cfc14-047.html,44.95
Intertechnik TRI62/047/0.60,"Intertechnik TRI62/047/0.60 | 0,47 mH | 0,17 Ω | 1% | 7 x 23 AWG",0.47,0.17,7.0,Air Core,https://www.soundimports.eu/en/it-intertechnik-tri62-047-0-60.html,51.95
Jantzen Audio 000-7045,"Jantzen Audio 000-7045 | 0,47 mH | 0,12 Ω | 2% | 12 AWG",0.47,0.12,12.0,Air Core,https://www.soundimports.eu/en/jantzen-audio-000-7045.html,56.45
Jantzen Audio 000-8047,"Jantzen Audio 000-8047 | 0,47 mH | 0,13 Ω | 2% | 12 AWG",0.47,0.13,12.0,Air Core,https://www.soundimports.eu/en/jantzen-audio-000-8047.html,61.46
Intertechnik TRI92/0.47/0.80,"Intertechnik TRI92/0.47/0.80 | 0,47 mH | 0,11 Ω | 1% | 7 x 20 AWG",0.47,0.11,7.0,Air Core,https://www.soundimports.eu/en/it-intertechnik-tri92-0-47-0-80.html,68.45
Jantzen Audio 000-9047,"Jantzen Audio 000-9047 | 0,47 mH | 0,05 Ω | 2% | 8 AWG",0.47,0.05,8.0,Air Core,https://www.soundimports.eu/en/jantzen-audio-000-9047.html,138.45
Jantzen Audio 000-1201,"Jantzen Audio 000-1201 | 0,48 mH | 0,33 Ω | 3% | 18 AWG",0.48,0.33,18.0,Air Core,https://www.soundimports.eu/en/jantzen-audio-000-1201.html,9.45
Jantzen Audio 000-1054,"Jantzen Audio 000-1054 | 0,48 mH | 0,26 Ω | 3% | 17 AWG",0.48,0.26,17.0,Air Core,https://www.soundimports.eu/en/jantzen-audio-000-1054.html,12.45
Jantzen Audio 000-7718,"Jantzen Audio 000-7718 | 0,48 mH | 0,24 Ω | 2% | 16 AWG",0.48,0.24,16.0,Air Core,https://www.soundimports.eu/en/jantzen-audio-000-7718.html,28.45
Jantzen Audio 000-1203,"Jantzen Audio 000-1203 | 0,49 mH | 0,33 Ω | 3% | 18 AWG",0.49,0.33,18.0,Air Core,https://www.soundimports.eu/en/jantzen-audio-000-1203.html,9.45
Jantzen Audio 000-L-0049,"Jantzen Audio 000-L-0049 | 0,49 mH | 0,23 Ω | 3% | 15 AWG",0.49,0.23,15.0,Air Core,https://www.soundimports.eu/en/jantzen-audio-000-l-0049.html,20.45
Jantzen Audio 000-7721,"Jantzen Audio 000-7721 | 0,49 mH | 0,24 Ω | 2% | 16 AWG",0.49,0.24,16.0,Air Core,https://www.soundimports.eu/en/jantzen-audio-000-7721.html,29.45
Dayton Audio LW18-50,Dayton Audio LW18-50 | 0.50 mH | 0.33 Ω | 3% | 18 AWG,0.5,0.33,18.0,Air Core,https://www.soundimports.eu/en/dayton-audio-lw18-50.html,7.45
Jantzen Audio 000-5115,"Jantzen Audio 000-5115 | 0,50 mH | 0,11 Ω | 3% | 18 AWG",0.5,0.11,18.0,Air Core,https://www.soundimports.eu/en/jantzen-audio-000-5115.html,7.45
Jantzen Audio 000-5214,"Jantzen Audio 000-5214 | 0,50 mH | 0,09 Ω | 3% | 17 AWG",0.5,0.09,17.0,Air Core,https://www.soundimports.eu/en/jantzen-audio-000-5214.html,8.95
Jantzen Audio 000-1403,"Jantzen Audio 000-1403 | 0,50 mH | 0,38 Ω | 3% | 18 AWG",0.5,0.38,18.0,Air Core,https://www.soundimports.eu/en/jantzen-audio-000-1403.html,10.45
Jantzen Audio 000-5215,"Jantzen Audio 000-5215 | 0,50 mH | 0,06 Ω | 3% | 15 AWG",0.5,0.06,15.0,Air Core,https://www.soundimports.eu/en/jantzen-audio-000-5215.html,10.45
Jantzen Audio 000-1401,"Jantzen Audio 000-1401 | 0,50 mH | 0,33 Ω | 3% | 18 AWG",0.5,0.33,18.0,Air Core,https://www.soundimports.eu/en/jantzen-audio-000-1401.html,11.45
Jantzen Audio 000-0950,"Jantzen Audio 000-0950 | 0,50 mH | 0,26 Ω | 3% | 17 AWG",0.5,0.26,17.0,Air Core,https://www.soundimports.eu/en/jantzen-audio-000-0950.html,11.95
Jantzen Audio 000-1505,"Jantzen Audio 000-1505 | 0,5 mH | 0,26 Ω | 3% | 17 AWG",0.5,0.26,17.0,Air Core,https://www.soundimports.eu/en/jantzen-audio-000-1505.html,13.46
Jantzen Audio 000-1267,"Jantzen Audio 000-1267 | 0,5 mH | 0,21 Ω | 3% | 15 AWG",0.5,0.21,15.0,Air Core,https://www.soundimports.eu/en/jantzen-audio-000-1267.html,16.46
Jantzen Audio 000-L-0050,"Jantzen Audio 000-L-0050 | 0,5 mH | 0,25 Ω | 3% | 15 AWG",0.5,0.25,15.0,Air Core,https://www.soundimports.eu/en/jantzen-audio-000-l-0050.html,20.45
Jantzen Audio 000-0981,"Jantzen Audio 000-0981 | 0,50 mH | 0,16 Ω | 3% | 14 AWG",0.5,0.16,14.0,Air Core,https://www.soundimports.eu/en/jantzen-audio-000-0981.html,21.45
Jantzen Audio 000-7724,"Jantzen Audio 000-7724 | 0,50 mH | 0,24 Ω | 2% | 16 AWG",0.5,0.24,16.0,Air Core,https://www.soundimports.eu/en/jantzen-audio-000-7724.html,29.45
Jantzen Audio 000-8584,"Jantzen Audio 000-8584 | 0,5 mH | 0,24 Ω | 2% | 16 AWG",0.5,0.24,16.0,Air Core,https://www.soundimports.eu/en/jantzen-audio-000-8584.html,30.46
Jantzen Audio 000-7342,"Jantzen Audio 000-7342 | 0,50 mH | 0,17 Ω | 2% | 14 AWG",0.5,0.17,14.0,Air Core,https://www.soundimports.eu/en/jantzen-audio-000-7342.html,38.45
Jantzen Audio 000-8324,"Jantzen Audio 000-8324 | 0,50 mH | 0,17 Ω | 2% | 14 AWG",0.5,0.17,14.0,Air Core,https://www.soundimports.eu/en/jantzen-audio-000-8324.html,42.45
Jantzen Audio 000-8050,"Jantzen Audio 000-8050 | 0,50 mH | 0,13 Ω | 2% | 12 AWG",0.5,0.13,12.0,Air Core,https://www.soundimports.eu/en/jantzen-audio-000-8050.html,62.45
Jantzen Audio 000-0195,"Jantzen Audio 000-0195 | 0,51 mH | 0,204 Ω | 3% | 15 AWG",0.51,0.204,15.0,Air Core,https://www.soundimports.eu/en/jantzen-audio-000-0195.html,17.94
Jantzen Audio 000-7726,"Jantzen Audio 000-7726 | 0,51 mH | 0,24 Ω | 2% | 16 AWG",0.51,0.24,16.0,Air Core,https://www.soundimports.eu/en/jantzen-audio-000-7726.html,27.45
Dayton Audio LW14-51,Dayton Audio LW14-51 | 0.51 mH | 0.17 Ω | 3% | 14 AWG,0.51,0.17,14.0,Air Core,https://www.soundimports.eu/en/dayton-audio-lw14-51.html,31.45
Jantzen Audio 000-8325,"Jantzen Audio 000-8325 | 0,51 mH | 0,17 Ω | 2% | 14 AWG",0.51,0.17,14.0,Air Core,https://www.soundimports.eu/en/jantzen-audio-000-8325.html,43.95
Jantzen Audio 000-8051,"Jantzen Audio 000-8051 | 0,51 mH | 0,13 Ω | 2% | 12 AWG",0.51,0.13,12.0,Air Core,https://www.soundimports.eu/en/jantzen-audio-000-8051.html,63.0
Jantzen Audio 000-1545,"Jantzen Audio 000-1545 | 0,52 mH | 0,34 Ω | 3% | 18 AWG",0.52,0.34,18.0,Air Core,https://www.soundimports.eu/en/jantzen-audio-000-1545.html,10.45
Jantzen Audio 000-0925,"Jantzen Audio 000-0925 | 0,52 mH | 0,261 Ω | 3% | 17 AWG",0.52,0.261,17.0,Air Core,https://www.soundimports.eu/en/jantzen-audio-000-0925.html,13.46
Jantzen Audio 000-1479,"Jantzen Audio 000-1479 | 0,52 mH | 0,21 Ω | 3% | 15 AWG",0.52,0.21,15.0,Air Core,https://www.soundimports.eu/en/jantzen-audio-000-1479.html,16.46
Jantzen Audio 000-8586,"Jantzen Audio 000-8586 | 0,52 mH | 0,25 Ω | 2% | 16 AWG",0.52,0.25,16.0,Air Core,https://www.soundimports.eu/en/jantzen-audio-000-8586.html,30.46
Jantzen Audio 000-0210,"Jantzen Audio 000-0210 | 0,53 mH | 0,21 Ω | 3% | 15 AWG",0.53,0.21,15.0,Air Core,https://www.soundimports.eu/en/jantzen-audio-000-0210.html,18.45
Jantzen Audio 000-0929,"Jantzen Audio 000-0929 | 0,54 mH | 0,385 Ω | 3% | 18 AWG",0.54,0.385,18.0,Air Core,https://www.soundimports.eu/en/jantzen-audio-000-0929.html,9.95
Jantzen Audio 000-8588,"Jantzen Audio 000-8588 | 0,54 mH | 0,26 Ω | 2% | 16 AWG",0.54,0.26,16.0,Air Core,https://www.soundimports.eu/en/jantzen-audio-000-8588.html,30.95
Jantzen Audio 000-1509,"Jantzen Audio 000-1509 | 0,55 mH | 0,3 Ω | 3% | 17 AWG",0.55,0.3,17.0,Air Core,https://www.soundimports.eu/en/jantzen-audio-000-1509.html,14.45
Jantzen Audio 000-1036,"Jantzen Audio 000-1036 | 0,55 mH | 0,22 Ω | 3% | 15 AWG",0.55,0.22,15.0,Air Core,https://www.soundimports.eu/en/jantzen-audio-000-1036.html,17.45
Jantzen Audio 000-L-0055,"Jantzen Audio 000-L-0055 | 0,55 mH | 0,25 Ω | 3% | 15 AWG",0.55,0.25,15.0,Air Core,https://www.soundimports.eu/en/jantzen-audio-000-l-0055.html,20.45
Jantzen Audio 000-7733,"Jantzen Audio 000-7733 | 0,55 mH | 0,25 Ω | 2% | 16 AWG",0.55,0.25,16.0,Air Core,https://www.soundimports.eu/en/jantzen-audio-000-7733.html,29.45
Jantzen Audio 000-8589,"Jantzen Audio 000-8589 | 0,55 mH | 0,26 Ω | 2% | 16 AWG",0.55,0.26,16.0,Air Core,https://www.soundimports.eu/en/jantzen-audio-000-8589.html,31.45
Jantzen Audio 000-2377,"Jantzen Audio 000-2377 | 0,56 mH | 0,17 Ω | 3% | 18 AWG",0.56,0.17,18.0,Air Core,https://www.soundimports.eu/en/jantzen-audio-000-2377.html,7.45
Jantzen Audio 000-1678,"Jantzen Audio 000-1678 | 0,56 mH | 0,36 Ω | 3% | 18 AWG",0.56,0.36,18.0,Air Core,https://www.soundimports.eu/en/jantzen-audio-000-1678.html,9.45
Jantzen Audio 000-2055,"Jantzen Audio 000-2055 | 0,56 mH | 0,13 Ω | 3% | 17 AWG",0.56,0.13,17.0,Air Core,https://www.soundimports.eu/en/jantzen-audio-000-2055.html,9.45
Jantzen Audio 000-5083,"Jantzen Audio 000-5083 | 0,56 mH | 0,12 Ω | 3% | 18 AWG",0.56,0.12,18.0,Air Core,https://www.soundimports.eu/en/jantzen-audio-000-5083.html,9.45
Jantzen Audio 000-1373,"Jantzen Audio 000-1373 | 0,56 mH | 0,40 Ω | 3% | 18 AWG",0.56,0.4,18.0,Air Core,https://www.soundimports.eu/en/jantzen-audio-000-1373.html,9.95
Jantzen Audio 000-1990,"Jantzen Audio 000-1990 | 0,56 mH | 0,39 Ω | 3% | 18 AWG",0.56,0.39,18.0,Air Core,https://www.soundimports.eu/en/jantzen-audio-000-1990.html,9.95
Jantzen Audio 000-1035,"Jantzen Audio 000-1035 | 0,56 mH | 0,34 Ω | 3% | 18 AWG",0.56,0.34,18.0,Air Core,https://www.soundimports.eu/en/jantzen-audio-000-1035.html,9.95
"Mundorf L100-0,56","Mundorf L100-0,56 | 0,56 mH | 0,36 Ω | 2% | 18 AWG",0.56,0.36,18.0,Air Core,https://www.soundimports.eu/en/mundorf-l100-056.html,10.95
"Mundorf P100-0,56","Mundorf P100-0,56 | 0,56 mH | 0,21 Ω | 3% | 18 AWG",0.56,0.21,18.0,Air Core,https://www.soundimports.eu/en/mundorf-p100-056.html,11.45
Jantzen Audio 000-1210,"Jantzen Audio 000-1210 | 0,56 mH | 0,3 Ω | 3% | 17 AWG",0.56,0.3,17.0,Air Core,https://www.soundimports.eu/en/jantzen-audio-000-1210.html,12.45
Jantzen Audio 000-0888,"Jantzen Audio 000-0888 | 0,56 mH | 0,27 Ω | 3% | 17 AWG",0.56,0.27,17.0,Air Core,https://www.soundimports.eu/en/jantzen-audio-000-0888.html,12.45
Jantzen Audio 000-5180,"Jantzen Audio 000-5180 | 0,56 mH | 0,08 Ω | 3% | 15 AWG",0.56,0.08,15.0,Air Core,https://www.soundimports.eu/en/jantzen-audio-000-5180.html,12.95
Jantzen Audio 000-5435,"Jantzen Audio 000-5435 | 0,56 mH | 0,06 Ω | 3% | 14 AWG",0.56,0.06,14.0,Air Core,https://www.soundimports.eu/en/jantzen-audio-000-5435.html,14.96
Intertechnik LU44/056/100,"Intertechnik LU44/056/100 | 0,56 mH | 0,42 Ω | 3% | 18 AWG",0.56,0.42,18.0,Air Core,https://www.soundimports.eu/en/it-intertechnik-lu44-056-100.html,16.95
Intertechnik LUT44/056/10,"Intertechnik LUT44/056/10 | 0,56 mH | 0,44 Ω | 3% | 18 AWG",0.56,0.44,18.0,Air Core,https://www.soundimports.eu/en/it-intertechnik-lut44-056-10.html,17.94
Jantzen Audio 000-1896,"Jantzen Audio 000-1896 | 0,56 mH | 0,22 Ω | 3% | 15 AWG",0.56,0.22,15.0,Air Core,https://www.soundimports.eu/en/jantzen-audio-000-1896.html,18.45
Jantzen Audio 000-0011,"Jantzen Audio 000-0011 | 0,56 mH | 0,18 Ω | 3% | 14 AWG",0.56,0.18,14.0,Air Core,https://www.soundimports.eu/en/jantzen-audio-000-0011.html,22.45
Jantzen Audio 000-L-0056,"Jantzen Audio 000-L-0056 | 0,56 mH | 0,24 Ω | 3% | 15 AWG",0.56,0.24,15.0,Air Core,https://www.soundimports.eu/en/jantzen-audio-000-l-0056.html,22.45
Intertechnik LU62/056/140,"Intertechnik LU62/056/140 | 0,56 mH | 0,22 Ω | 3% | 15 AWG",0.56,0.22,15.0,Air Core,https://www.soundimports.eu/en/it-intertechnik-lu62-056-140.html,25.45
Jantzen Audio 000-0111,"Jantzen Audio 000-0111 | 0,56 mH | 0,14 Ω | 3% | 13 AWG",0.56,0.14,13.0,Air Core,https://www.soundimports.eu/en/jantzen-audio-000-0111.html,27.45
Jantzen Audio 000-7736,"Jantzen Audio 000-7736 | 0,56 mH | 0,21 Ω | 2% | 16 AWG",0.56,0.21,16.0,Air Core,https://www.soundimports.eu/en/jantzen-audio-000-7736.html,28.45
Intertechnik AT55/056/132,"Intertechnik AT55/056/132 | 0,56 mH | 0,23 Ω | 3% | 16 AWG",0.56,0.23,16.0,Air Core,https://www.soundimports.eu/en/it-intertechnik-at55-056-132.html,31.45
Jantzen Audio 000-8590,"Jantzen Audio 000-8590 | 0,56 mH | 0,27 Ω | 2% | 16 AWG",0.56,0.27,16.0,Air Core,https://www.soundimports.eu/en/jantzen-audio-000-8590.html,31.45
Dayton Audio CF16-56,Dayton Audio CF16-56 | 0.56 mH | 0.25 Ω | 3% | 16 AWG,0.56,0.25,16.0,Air Core,https://www.soundimports.eu/en/dayton-audio-cf16-56.html,31.96
"Mundorf CFC16-0,56","Mundorf CFC16-0,56 | 0,56 mH | 0,26 Ω | 2% | 16,5 AWG",0.56,0.26,16.5,Air Core,https://www.soundimports.eu/en/mundorf-cfc16-056.html,31.99
Jantzen Audio 000-7352,"Jantzen Audio 000-7352 | 0,56 mH | 0,18 Ω | 2% | 14 AWG",0.56,0.18,14.0,Air Core,https://www.soundimports.eu/en/jantzen-audio-000-7352.html,39.95
Intertechnik LU92/056/200,"Intertechnik LU92/056/200 | 0,56 mH | 0,12 Ω | 3% | 12 AWG",0.56,0.12,12.0,Air Core,https://www.soundimports.eu/en/it-intertechnik-lu92-056-200.html,44.46
Jantzen Audio 000-8330,"Jantzen Audio 000-8330 | 0,56 mH | 0,18 Ω | 2% | 14 AWG",0.56,0.18,14.0,Air Core,https://www.soundimports.eu/en/jantzen-audio-000-8330.html,45.45
Intertechnik TRI62/056/0.50,"Intertechnik TRI62/056/0.50 | 0,56 mH | 0,257 Ω | 1% | 7 x 24 AWG",0.56,0.257,7.0,Air Core,https://www.soundimports.eu/en/it-intertechnik-tri62-056-0-50.html,47.95
"Mundorf CFC14-0,56","Mundorf CFC14-0,56 | 0,56 mH | 0,18 Ω | 2% | 14 AWG",0.56,0.18,14.0,Air Core,https://www.soundimports.eu/en/mundorf-cfc14-056.html,49.95
Jantzen Audio 000-7050,"Jantzen Audio 000-7050 | 0,56 mH | 0,13 Ω | 2% | 12 AWG",0.56,0.13,12.0,Air Core,https://www.soundimports.eu/en/jantzen-audio-000-7050.html,59.96
Intertechnik TRI92/0.56/0.60,"Intertechnik TRI92/0.56/0.60 | 0,56 mH | 0,19 Ω | 1% | 7 x 23 AWG",0.56,0.19,7.0,Air Core,https://www.soundimports.eu/en/it-intertechnik-tri92-0-56-0-60.html,59.96
Jantzen Audio 000-8056,"Jantzen Audio 000-8056 | 0,56 mH | 0,14 Ω | 2% | 12 AWG",0.56,0.14,12.0,Air Core,https://www.soundimports.eu/en/jantzen-audio-000-8056.html,63.95
Intertechnik TRI92/0.56/0.80,"Intertechnik TRI92/0.56/0.80 | 0,56 mH | 0,12 Ω | 1% | 7 x 20 AWG",0.56,0.12,7.0,Air Core,https://www.soundimports.eu/en/it-intertechnik-tri92-0-56-0-80.html,79.94
Jantzen Audio 000-1302,"Jantzen Audio 000-1302 | 0,58 mH | 0,31 Ω | 3% | 17 AWG",0.58,0.31,17.0,Air Core,https://www.soundimports.eu/en/jantzen-audio-000-1302.html,12.95
Jantzen Audio 000-8591,"Jantzen Audio 000-8591 | 0,58 mH | 0,27 Ω | 2% | 16 AWG",0.58,0.27,16.0,Air Core,https://www.soundimports.eu/en/jantzen-audio-000-8591.html,31.96
Jantzen Audio 000-7743,"Jantzen Audio 000-7743 | 0,59 mH | 0,27 Ω | 2% | 16 AWG",0.59,0.27,16.0,Air Core,https://www.soundimports.eu/en/jantzen-audio-000-7743.html,29.45
Jantzen Audio 000-2184,"Jantzen Audio 000-2184 | 0,60 mH | 0,18 Ω | 3% | 18 AWG",0.6,0.18,18.0,Air Core,https://www.soundimports.eu/en/jantzen-audio-000-2184.html,7.45
Dayton Audio LW18-60,Dayton Audio LW18-60 | 0.60 mH | 0.38 Ω | 3% | 18 AWG,0.6,0.38,18.0,Air Core,https://www.soundimports.eu/en/dayton-audio-lw18-60.html,8.95
Jantzen Audio 000-1967,"Jantzen Audio 000-1967 | 0,6 mH | 0,36 Ω | 3% | 18 AWG",0.6,0.36,18.0,Air Core,https://www.soundimports.eu/en/jantzen-audio-000-1967.html,9.45
Jantzen Audio 000-1951,"Jantzen Audio 000-1951 | 0,60 mH | 0,37 Ω | 3% | 18 AWG",0.6,0.37,18.0,Air Core,https://www.soundimports.eu/en/jantzen-audio-000-1951.html,9.45
Jantzen Audio 000-1991,"Jantzen Audio 000-1991 | 0,60 mH | 0,41 Ω | 3% | 18 AWG",0.6,0.41,18.0,Air Core,https://www.soundimports.eu/en/jantzen-audio-000-1991.html,9.95
Jantzen Audio 000-1851,"Jantzen Audio 000-1851 | 0,60 mH | 0,41 Ω | 3% | 18 AWG",0.6,0.41,18.0,Air Core,https://www.soundimports.eu/en/jantzen-audio-000-1851.html,10.45
Jantzen Audio 000-0912,"Jantzen Audio 000-0912 | 0,60 mH | 0,279 Ω | 3% | 17 AWG",0.6,0.279,17.0,Air Core,https://www.soundimports.eu/en/jantzen-audio-000-0912.html,12.45
Jantzen Audio 000-1444,"Jantzen Audio 000-1444 | 0,60 mH | 0,23 Ω | 3% | 15 AWG",0.6,0.23,15.0,Air Core,https://www.soundimports.eu/en/jantzen-audio-000-1444.html,18.95
Jantzen Audio 000-L-0060,"Jantzen Audio 000-L-0060 | 0,6 mH | 0,26 Ω | 3% | 15 AWG",0.6,0.26,15.0,Air Core,https://www.soundimports.eu/en/jantzen-audio-000-l-0060.html,22.95
Jantzen Audio 000-0052,"Jantzen Audio 000-0052 | 0,60 mH | 0,184 Ω | 3% | 14 AWG",0.6,0.184,14.0,Air Core,https://www.soundimports.eu/en/jantzen-audio-000-0052.html,22.95
Jantzen Audio 000-0151,"Jantzen Audio 000-0151 | 0,60 mH | 0,15 Ω | 3% | 13 AWG",0.6,0.15,13.0,Air Core,https://www.soundimports.eu/en/jantzen-audio-000-0151.html,27.45
Jantzen Audio 000-7746,"Jantzen Audio 000-7746 | 0,6 mH | 0,25 Ω | 2% | 16 AWG",0.6,0.25,16.0,Air Core,https://www.soundimports.eu/en/jantzen-audio-000-7746.html,29.45
Jantzen Audio 000-8593,"Jantzen Audio 000-8593 | 0,60 mH | 0,27 Ω | 2% | 16 AWG",0.6,0.27,16.0,Air Core,https://www.soundimports.eu/en/jantzen-audio-000-8593.html,32.45
Jantzen Audio 000-7358,"Jantzen Audio 000-7358 | 0,60 mH | 0,18 Ω | 2% | 14 AWG",0.6,0.18,14.0,Air Core,https://www.soundimports.eu/en/jantzen-audio-000-7358.html,40.95
Dayton Audio LW14-60,Dayton Audio LW14-60 | 0.60 mH | 0.19 Ω | 3% | 14 AWG,0.6,0.19,14.0,Air Core,https://www.soundimports.eu/en/dayton-audio-lw14-60.html,44.95
Jantzen Audio 000-8333,"Jantzen Audio 000-8333 | 0,60 mH | 0,20 Ω | 2% | 14 AWG",0.6,0.2,14.0,Air Core,https://www.soundimports.eu/en/jantzen-audio-000-8333.html,46.45
Jantzen Audio 000-8060,"Jantzen Audio 000-8060 | 0,60 mH | 0,14 Ω | 2% | 12 AWG",0.6,0.14,12.0,Air Core,https://www.soundimports.eu/en/jantzen-audio-000-8060.html,63.45
Jantzen Audio 000-7749,"Jantzen Audio 000-7749 | 0,61 mH | 0,27 Ω | 2% | 16 AWG",0.61,0.27,16.0,Air Core,https://www.soundimports.eu/en/jantzen-audio-000-7749.html,30.46
Jantzen Audio 000-2347,"Jantzen Audio 000-2347 | 0,62 mH | 0,15 Ω | 3% | 18 AWG",0.62,0.15,18.0,Air Core,https://www.soundimports.eu/en/jantzen-audio-000-2347.html,7.95
Jantzen Audio 000-0927,"Jantzen Audio 000-0927 | 0,62 mH | 0,38 Ω | 3% | 18 AWG",0.62,0.38,18.0,Air Core,https://www.soundimports.eu/en/jantzen-audio-000-0927.html,10.45
Jantzen Audio 000-0012,"Jantzen Audio 000-0012 | 0,62 mH | 0,19 Ω | 3% | 14 AWG",0.62,0.19,14.0,Air Core,https://www.soundimports.eu/en/jantzen-audio-000-0012.html,23.45
Jantzen Audio 000-0112,"Jantzen Audio 000-0112 | 0,62 mH | 0,15 Ω | 3% | 13 AWG",0.62,0.15,13.0,Air Core,https://www.soundimports.eu/en/jantzen-audio-000-0112.html,28.96
Dayton Audio CF16-62,Dayton Audio CF16-62 | 0.62 mH | 0.28 Ω | 3% | 16 AWG,0.62,0.28,16.0,Air Core,https://www.soundimports.eu/en/dayton-audio-cf16-62.html,32.95
Jantzen Audio 000-8595,"Jantzen Audio 000-8595 | 0,62 mH | 0,27 Ω | 2% | 16 AWG",0.62,0.27,16.0,Air Core,https://www.soundimports.eu/en/jantzen-audio-000-8595.html,32.95
Jantzen Audio 000-7360,"Jantzen Audio 000-7360 | 0,62 mH | 0,19 Ω | 2% | 14 AWG",0.62,0.19,14.0,Air Core,https://www.soundimports.eu/en/jantzen-audio-000-7360.html,42.45
Jantzen Audio 000-8335,"Jantzen Audio 000-8335 | 0,62 mH | 0,20 Ω | 2% | 14 AWG",0.62,0.2,14.0,Air Core,https://www.soundimports.eu/en/jantzen-audio-000-8335.html,46.95
Jantzen Audio 000-7055,"Jantzen Audio 000-7055 | 0,62 mH | 0,14 Ω | 2% | 12 AWG",0.62,0.14,12.0,Air Core,https://www.soundimports.eu/en/jantzen-audio-000-7055.html,62.94
Jantzen Audio 000-8062,"Jantzen Audio 000-8062 | 0,62 mH | 0,14 Ω | 2% | 12 AWG",0.62,0.14,12.0,Air Core,https://www.soundimports.eu/en/jantzen-audio-000-8062.html,64.44
Jantzen Audio 000-0165,"Jantzen Audio 000-0165 | 0,63 mH | 0,23 Ω | 3% | 15 AWG",0.63,0.23,15.0,Air Core,https://www.soundimports.eu/en/jantzen-audio-000-0165.html,19.44
Jantzen Audio 000-7755,"Jantzen Audio 000-7755 | 0,63 mH | 0,27 Ω | 2% | 16 AWG",0.63,0.27,16.0,Air Core,https://www.soundimports.eu/en/jantzen-audio-000-7755.html,31.45
Jantzen Audio 000-8596,"Jantzen Audio 000-8596 | 0,63 mH | 0,28 Ω | 2% | 16 AWG",0.63,0.28,16.0,Air Core,https://www.soundimports.eu/en/jantzen-audio-000-8596.html,32.95
Jantzen Audio 000-0913,"Jantzen Audio 000-0913 | 0,64 mH | 0,29 Ω | 3% | 17 AWG",0.64,0.29,17.0,Air Core,https://www.soundimports.eu/en/jantzen-audio-000-0913.html,12.45
Jantzen Audio 000-1731,"Jantzen Audio 000-1731 | 0,64 mH | 0,23 Ω | 3% | 15 AWG",0.64,0.23,15.0,Air Core,https://www.soundimports.eu/en/jantzen-audio-000-1731.html,18.45
Jantzen Audio 000-8597,"Jantzen Audio 000-8597 | 0,64 mH | 0,28 Ω | 2% | 16 AWG",0.64,0.28,16.0,Air Core,https://www.soundimports.eu/en/jantzen-audio-000-8597.html,32.95
Jantzen Audio 000-1952,"Jantzen Audio 000-1952 | 0,65 mH | 0,38 Ω | 3% | 18 AWG",0.65,0.38,18.0,Air Core,https://www.soundimports.eu/en/jantzen-audio-000-1952.html,10.45
Jantzen Audio 000-1085,"Jantzen Audio 000-1085 | 0,65 mH | 0,43 Ω | 3% | 18 AWG",0.65,0.43,18.0,Air Core,https://www.soundimports.eu/en/jantzen-audio-000-1085.html,10.45
Jantzen Audio 000-1791,"Jantzen Audio 000-1791 | 0,65 mH | 0,32 Ω | 3% | 17 AWG",0.65,0.32,17.0,Air Core,https://www.soundimports.eu/en/jantzen-audio-000-1791.html,15.45
Jantzen Audio 000-1416,"Jantzen Audio 000-1416 | 0,65 mH | 0,24 Ω | 3% | 15 AWG",0.65,0.24,15.0,Air Core,https://www.soundimports.eu/en/jantzen-audio-000-1416.html,19.44
Jantzen Audio 000-0142,"Jantzen Audio 000-0142 | 0,65 mH | 0,15 Ω | 3% | 13 AWG",0.65,0.15,13.0,Air Core,https://www.soundimports.eu/en/jantzen-audio-000-0142.html,28.96
Jantzen Audio 000-7760,"Jantzen Audio 000-7760 | 0,65 mH | 0,28 Ω | 2% | 16 AWG",0.65,0.28,16.0,Air Core,https://www.soundimports.eu/en/jantzen-audio-000-7760.html,31.45
Jantzen Audio 000-8599,"Jantzen Audio 000-8599 | 0,67 mH | 0,30 Ω | 2% | 16 AWG",0.67,0.3,16.0,Air Core,https://www.soundimports.eu/en/jantzen-audio-000-8599.html,33.44
Jantzen Audio 000-2368,"Jantzen Audio 000-2368 | 0,68 mH | 0,19 Ω | 3% | 18 AWG",0.68,0.19,18.0,Air Core,https://www.soundimports.eu/en/jantzen-audio-000-2368.html,7.95
Jantzen Audio 000-1997,"Jantzen Audio 000-1997 | 0,68 mH | 0,44 Ω | 3% | 18 AWG",0.68,0.44,18.0,Air Core,https://www.soundimports.eu/en/jantzen-audio-000-1997.html,10.95
Jantzen Audio 000-1287,"Jantzen Audio 000-1287 | 0,68 mH | 0,4 Ω | 3% | 18 AWG",0.68,0.4,18.0,Air Core,https://www.soundimports.eu/en/jantzen-audio-000-1287.html,10.95
Jantzen Audio 000-1282,"Jantzen Audio 000-1282 | 0,68 mH | 0,40 Ω | 3% | 18 AWG",0.68,0.4,18.0,Air Core,https://www.soundimports.eu/en/jantzen-audio-000-1282.html,10.95
Jantzen Audio 000-1537,"Jantzen Audio 000-1537 | 0,68 mH | 0,44 Ω | 3% | 18 AWG",0.68,0.44,18.0,Air Core,https://www.soundimports.eu/en/jantzen-audio-000-1537.html,11.45
"Mundorf L100-0,68","Mundorf L100-0,68 | 0,68 mH | 0,39 Ω | 2% | 18 AWG",0.68,0.39,18.0,Air Core,https://www.soundimports.eu/en/mundorf-l100-068.html,11.95
"Mundorf P100-0,68","Mundorf P100-0,68 | 0,68 mH | 0,23 Ω | 3% | 18 AWG",0.68,0.23,18.0,Air Core,https://www.soundimports.eu/en/mundorf-p100-068.html,11.99
Jantzen Audio 000-2201,"Jantzen Audio 000-2201 | 0,68 mH | 0,12 Ω | 3% | 15 AWG",0.68,0.12,15.0,Air Core,https://www.soundimports.eu/en/jantzen-audio-000-2201.html,12.45
Jantzen Audio 000-1305,"Jantzen Audio 000-1305 | 0,68 mH | 0,32 Ω | 3% | 17 AWG",0.68,0.32,17.0,Air Core,https://www.soundimports.eu/en/jantzen-audio-000-1305.html,14.45
Jantzen Audio 000-5434,"Jantzen Audio 000-5434 | 0,68 mH | 0,06 Ω | 3% | 14 AWG",0.68,0.06,14.0,Air Core,https://www.soundimports.eu/en/jantzen-audio-000-5434.html,15.45
Intertechnik LU44/068/100,"Intertechnik LU44/068/100 | 0,68 mH | 0,47 Ω | 3% | 18 AWG",0.68,0.47,18.0,Air Core,https://www.soundimports.eu/en/it-intertechnik-lu44-068-100.html,17.45
Jantzen Audio 000-1854,"Jantzen Audio 000-1854 | 0,68 mH | 0,25 Ω | 3% | 15 AWG",0.68,0.25,15.0,Air Core,https://www.soundimports.eu/en/jantzen-audio-000-1854.html,18.45
Jantzen Audio 000-5817,"Jantzen Audio 000-5817 | 0,68 mH | 0,051 Ω | 3% | 13 AWG",0.68,0.051,13.0,Air Core,https://www.soundimports.eu/en/jantzen-audio-000-5817.html,18.45
Intertechnik LUT44/068/10,"Intertechnik LUT44/068/10 | 0,68 mH | 0,50 Ω | 3% | 18 AWG",0.68,0.5,18.0,Air Core,https://www.soundimports.eu/en/it-intertechnik-lut44-068-10.html,18.95
Dayton Audio CF16-68,Dayton Audio CF16-68 | 0.68 mH | 0.29 Ω | 3% | 16 AWG,0.68,0.29,16.0,Air Core,https://www.soundimports.eu/en/dayton-audio-cf16-68.html,22.95
Jantzen Audio 000-0013,"Jantzen Audio 000-0013 | 0,68 mH | 0,19 Ω | 3% | 14 AWG",0.68,0.19,14.0,Air Core,https://www.soundimports.eu/en/jantzen-audio-000-0013.html,24.45
Intertechnik LU62/068/140,"Intertechnik LU62/068/140 | 0,68 mH | 0,24 Ω | 3% | 15 AWG",0.68,0.24,15.0,Air Core,https://www.soundimports.eu/en/it-intertechnik-lu62-068-140.html,26.45
Jantzen Audio 000-0113,"Jantzen Audio 000-0113 | 0,68 mH | 0,16 Ω | 3% | 13 AWG",0.68,0.16,13.0,Air Core,https://www.soundimports.eu/en/jantzen-audio-000-0113.html,30.46
Jantzen Audio 000-7766,"Jantzen Audio 000-7766 | 0,68 mH | 0,29 Ω | 2% | 16 AWG",0.68,0.29,16.0,Air Core,https://www.soundimports.eu/en/jantzen-audio-000-7766.html,31.45
Intertechnik AT55/068/132,"Intertechnik AT55/068/132 | 0,68 mH | 0,26 Ω | 3% | 16 AWG",0.68,0.26,16.0,Air Core,https://www.soundimports.eu/en/it-intertechnik-at55-068-132.html,31.96
"Mundorf CFC16-0,68","Mundorf CFC16-0,68 | 0,68 mH | 0,29 Ω | 2% | 16,5 AWG",0.68,0.29,16.5,Air Core,https://www.soundimports.eu/en/mundorf-cfc16-068.html,33.95
Jantzen Audio 000-8600,"Jantzen Audio 000-8600 | 0,68 mH | 0,3 Ω | 2% | 16 AWG",0.68,0.3,16.0,Air Core,https://www.soundimports.eu/en/jantzen-audio-000-8600.html,33.95
Jantzen Audio 000-7366,"Jantzen Audio 000-7366 | 0,68 mH | 0,21 Ω | 2% | 14 AWG",0.68,0.21,14.0,Air Core,https://www.soundimports.eu/en/jantzen-audio-000-7366.html,42.96
Jantzen Audio 000-8340,"Jantzen Audio 000-8340 | 0,68 mH | 0,21 Ω | 2% | 14 AWG",0.68,0.21,14.0,Air Core,https://www.soundimports.eu/en/jantzen-audio-000-8340.html,47.44
Intertechnik LU92/068/200,"Intertechnik LU92/068/200 | 0,68 mH | 0,13 Ω | 3% | 12 AWG",0.68,0.13,12.0,Air Core,https://www.soundimports.eu/en/it-intertechnik-lu92-068-200.html,47.95
Intertechnik TRI62/068/0.50,"Intertechnik TRI62/068/0.50 | 0,68 mH | 0,285 Ω | 1% | 7 x 24 AWG",0.68,0.285,7.0,Air Core,https://www.soundimports.eu/en/it-intertechnik-tri62-068-0-50.html,50.95
"Mundorf CFC14-0,68","Mundorf CFC14-0,68 | 0,68 mH | 0,20 Ω | 2% | 14 AWG",0.68,0.2,14.0,Air Core,https://www.soundimports.eu/en/mundorf-cfc14-068.html,54.95
Jantzen Audio 000-7060,"Jantzen Audio 000-7060 | 0,68 mH | 0,15 Ω | 2% | 12 AWG",0.68,0.15,12.0,Air Core,https://www.soundimports.eu/en/jantzen-audio-000-7060.html,65.45
Intertechnik TRI92/0.68/0.60,"Intertechnik TRI92/0.68/0.60 | 0,68 mH | 0,21 Ω | 1% | 7 x 23 AWG",0.68,0.21,7.0,Air Core,https://www.soundimports.eu/en/it-intertechnik-tri92-0-68-0-60.html,68.45
Jantzen Audio 000-8068,"Jantzen Audio 000-8068 | 0,68 mH | 0,16 Ω | 2% | 12 AWG",0.68,0.16,12.0,Air Core,https://www.soundimports.eu/en/jantzen-audio-000-8068.html,70.45
Intertechnik TRI92/0.68/0.80,"Intertechnik TRI92/0.68/0.80 | 0,68 mH | 0,14 Ω | 1% | 7 x 20 AWG",0.68,0.14,7.0,Air Core,https://www.soundimports.eu/en/it-intertechnik-tri92-0-68-0-80.html,92.46
Jantzen Audio 000-0821,"Jantzen Audio 000-0821 | 0,69 mH | 0,4 Ω | 3% | 18 AWG",0.69,0.4,18.0,Air Core,https://www.soundimports.eu/en/jantzen-audio-000-0821.html,10.95
Jantzen Audio 000-7768,"Jantzen Audio 000-7768 | 0,69 mH | 0,29 Ω | 2% | 16 AWG",0.69,0.29,16.0,Air Core,https://www.soundimports.eu/en/jantzen-audio-000-7768.html,31.45
Jantzen Audio 000-5384,"Jantzen Audio 000-5384 | 0,70 mH | 0,14 Ω | 3% | 18 AWG",0.7,0.14,18.0,Air Core,https://www.soundimports.eu/en/jantzen-audio-000-5384.html,8.45
Jantzen Audio 000-2157,"Jantzen Audio 000-2157 | 0,7 mH | 0,2 Ω | 3% | 18 AWG",0.7,0.2,18.0,Air Core,https://www.soundimports.eu/en/jantzen-audio-000-2157.html,8.45
Dayton Audio LW18-70,Dayton Audio LW18-70 | 0.70 mH | 0.41 Ω | 3% | 18 AWG,0.7,0.41,18.0,Air Core,https://www.soundimports.eu/en/dayton-audio-lw18-70.html,9.66
Jantzen Audio 000-1144,"Jantzen Audio 000-1144 | 0,70 mH | 0,40 Ω | 3% | 18 AWG",0.7,0.4,18.0,Air Core,https://www.soundimports.eu/en/jantzen-audio-000-1144.html,9.95
Jantzen Audio 000-1510,"Jantzen Audio 000-1510 | 0,7 mH | 0,32 Ω | 3% | 17 AWG",0.7,0.32,17.0,Air Core,https://www.soundimports.eu/en/jantzen-audio-000-1510.html,14.45
Jantzen Audio 000-5490,"Jantzen Audio 000-5490 | 0,70 mH | 0,09 Ω | 3% | 15 AWG",0.7,0.09,15.0,Air Core,https://www.soundimports.eu/en/jantzen-audio-000-5490.html,14.45
Jantzen Audio 000-1615,"Jantzen Audio 000-1615 | 0,7 mH | 0,25 Ω | 3% | 15 AWG",0.7,0.25,15.0,Air Core,https://www.soundimports.eu/en/jantzen-audio-000-1615.html,18.95
Jantzen Audio 000-7770,"Jantzen Audio 000-7770 | 0,70 mH | 0,30 Ω | 2% | 16 AWG",0.7,0.3,16.0,Air Core,https://www.soundimports.eu/en/jantzen-audio-000-7770.html,31.45
Dayton Audio LW14-70,Dayton Audio LW14-70 | 0.70 mH | 0.21 Ω | 3% | 14 AWG,0.7,0.21,14.0,Air Core,https://www.soundimports.eu/en/dayton-audio-lw14-70.html,31.45
Jantzen Audio 000-8605,"Jantzen Audio 000-8605 | 0,70 mH | 0,30 Ω | 2% | 16 AWG",0.7,0.3,16.0,Air Core,https://www.soundimports.eu/en/jantzen-audio-000-8605.html,34.45
Jantzen Audio 000-7368,"Jantzen Audio 000-7368 | 0,70 mH | 0,21 Ω | 2% | 14 AWG",0.7,0.21,14.0,Air Core,https://www.soundimports.eu/en/jantzen-audio-000-7368.html,43.45
Jantzen Audio 000-7062,"Jantzen Audio 000-7062 | 0,70 mH | 0,15 Ω | 2% | 12 AWG",0.7,0.15,12.0,Air Core,https://www.soundimports.eu/en/jantzen-audio-000-7062.html,66.45
Jantzen Audio 000-2056,"Jantzen Audio 000-2056 | 0,71 mH | 0,17 Ω | 3% | 17 AWG",0.71,0.17,17.0,Air Core,https://www.soundimports.eu/en/jantzen-audio-000-2056.html,10.45
Jantzen Audio 000-5820,"Jantzen Audio 000-5820 | 0,72 mH | 0,14 Ω | 3% | 18 AWG",0.72,0.14,18.0,Air Core,https://www.soundimports.eu/en/jantzen-audio-000-5820.html,9.45
Jantzen Audio 000-0866,"Jantzen Audio 000-0866 | 0,72 mH | 0,40 Ω | 3% | 18 AWG",0.72,0.4,18.0,Air Core,https://www.soundimports.eu/en/jantzen-audio-000-0866.html,10.45
Jantzen Audio 000-0940,"Jantzen Audio 000-0940 | 0,72 mH | 0,26 Ω | 3% | 15 AWG",0.72,0.26,15.0,Air Core,https://www.soundimports.eu/en/jantzen-audio-000-0940.html,18.95
Jantzen Audio 000-L-0072,"Jantzen Audio 000-L-0072 | 0,72 mH | 0,29 Ω | 3% | 15 AWG",0.72,0.29,15.0,Air Core,https://www.soundimports.eu/en/jantzen-audio-000-l-0072.html,25.95
Jantzen Audio 000-7370,"Jantzen Audio 000-7370 | 0,72 mH | 0,21 Ω | 2% | 14 AWG",0.72,0.21,14.0,Air Core,https://www.soundimports.eu/en/jantzen-audio-000-7370.html,44.46
Jantzen Audio 000-8344,"Jantzen Audio 000-8344 | 0,73 mH | 0,22 Ω | 2% | 14 AWG",0.73,0.22,14.0,Air Core,https://www.soundimports.eu/en/jantzen-audio-000-8344.html,47.44
Jantzen Audio 000-1286,"Jantzen Audio 000-1286 | 0,74 mH | 0,42 Ω | 3% | 18 AWG",0.74,0.42,18.0,Air Core,https://www.soundimports.eu/en/jantzen-audio-000-1286.html,10.45
Jantzen Audio 000-1075,"Jantzen Audio 000-1075 | 0,75 mH | 0,42 Ω | 3% | 18 AWG",0.75,0.42,18.0,Air Core,https://www.soundimports.eu/en/jantzen-audio-000-1075.html,10.45
Jantzen Audio 000-1079,"Jantzen Audio 000-1079 | 0,75 mH | 0,45 Ω | 3% | 18 AWG",0.75,0.45,18.0,Air Core,https://www.soundimports.eu/en/jantzen-audio-000-1079.html,10.45
Jantzen Audio 000-2229,"Jantzen Audio 000-2229 | 0,75 mH | 0,16 Ω | 3% | 17 AWG",0.75,0.16,17.0,Air Core,https://www.soundimports.eu/en/jantzen-audio-000-2229.html,10.45
Jantzen Audio 000-1224,"Jantzen Audio 000-1224 | 0,75 mH | 0,32 Ω | 3% | 17 AWG",0.75,0.32,17.0,Air Core,https://www.soundimports.eu/en/jantzen-audio-000-1224.html,15.95
Jantzen Audio 000-1857,"Jantzen Audio 000-1857 | 0,75 mH | 0,26 Ω | 3% | 15 AWG",0.75,0.26,15.0,Air Core,https://www.soundimports.eu/en/jantzen-audio-000-1857.html,19.44
Jantzen Audio 000-0061,"Jantzen Audio 000-0061 | 0,75 mH | 0,205 Ω | 3% | 14 AWG",0.75,0.205,14.0,Air Core,https://www.soundimports.eu/en/jantzen-audio-000-0061.html,25.45
Jantzen Audio 000-L-0075,"Jantzen Audio 000-L-0075 | 0,75 mH | 0,3 Ω | 3% | 15 AWG",0.75,0.3,15.0,Air Core,https://www.soundimports.eu/en/jantzen-audio-000-l-0075.html,25.95
Jantzen Audio 000-7778,"Jantzen Audio 000-7778 | 0,75 mH | 0,30 Ω | 2% | 16 AWG",0.75,0.3,16.0,Air Core,https://www.soundimports.eu/en/jantzen-audio-000-7778.html,33.44
Jantzen Audio 000-8345,"Jantzen Audio 000-8345 | 0,75 mH | 0,22 Ω | 2% | 14 AWG",0.75,0.22,14.0,Air Core,https://www.soundimports.eu/en/jantzen-audio-000-8345.html,47.44
Jantzen Audio 000-8075,"Jantzen Audio 000-8075 | 0,75 mH | 0,16 Ω | 2% | 12 AWG",0.75,0.16,12.0,Air Core,https://www.soundimports.eu/en/jantzen-audio-000-8075.html,70.95
Jantzen Audio 000-9076,"Jantzen Audio 000-9076 | 0,76 mH | 0,07 Ω | 2% | 8 AWG",0.76,0.07,8.0,Air Core,https://www.soundimports.eu/en/jantzen-audio-000-9076.html,174.45
Jantzen Audio 000-2197,"Jantzen Audio 000-2197 | 0,78 mH | 0,21 Ω | 3% | 18 AWG",0.78,0.21,18.0,Air Core,https://www.soundimports.eu/en/jantzen-audio-000-2197.html,8.45
Jantzen Audio 000-8347,"Jantzen Audio 000-8347 | 0,78 mH | 0,22 Ω | 2% | 14 AWG",0.78,0.22,14.0,Air Core,https://www.soundimports.eu/en/jantzen-audio-000-8347.html,47.95
Jantzen Audio 000-9079,"Jantzen Audio 000-9079 | 0,79 mH | 0,07 Ω | 2% | 8 AWG",0.79,0.07,8.0,Air Core,https://www.soundimports.eu/en/jantzen-audio-000-9079.html,178.45
Dayton Audio LW18-80,Dayton Audio LW18-80 | 0.80 mH | 0.44 Ω | 3% | 18 AWG,0.8,0.44,18.0,Air Core,https://www.soundimports.eu/en/dayton-audio-lw18-80.html,9.95
Jantzen Audio 000-2018,"Jantzen Audio 000-2018 | 0,80 mH | 0,17 Ω | 3% | 17 AWG",0.8,0.17,17.0,Air Core,https://www.soundimports.eu/en/jantzen-audio-000-2018.html,10.45
Jantzen Audio 000-2024,"Jantzen Audio 000-2024 | 0,80 mH | 0,17 Ω | 3% | 17 AWG",0.8,0.17,17.0,Air Core,https://www.soundimports.eu/en/jantzen-audio-000-2024.html,10.45
Jantzen Audio 000-1285,"Jantzen Audio 000-1285 | 0,80 mH | 0,43 Ω | 3% | 18 AWG",0.8,0.43,18.0,Air Core,https://www.soundimports.eu/en/jantzen-audio-000-1285.html,10.95
Jantzen Audio 000-1992,"Jantzen Audio 000-1992 | 0,8 mH | 0,48 Ω | 3% | 18 AWG",0.8,0.48,18.0,Air Core,https://www.soundimports.eu/en/jantzen-audio-000-1992.html,11.45
Jantzen Audio 000-1012,"Jantzen Audio 000-1012 | 0,8 mH | 0,34 Ω | 3% | 17 AWG",0.8,0.34,17.0,Air Core,https://www.soundimports.eu/en/jantzen-audio-000-1012.html,15.45
Jantzen Audio 000-1244,"Jantzen Audio 000-1244 | 0,80 mH | 0,27 Ω | 3% | 15 AWG",0.8,0.27,15.0,Air Core,https://www.soundimports.eu/en/jantzen-audio-000-1244.html,20.45
Jantzen Audio 000-0044,"Jantzen Audio 000-0044 | 0,80 mH | 0,209 Ω | 3% | 14 AWG",0.8,0.209,14.0,Air Core,https://www.soundimports.eu/en/jantzen-audio-000-0044.html,24.95
Jantzen Audio 000-8615,"Jantzen Audio 000-8615 | 0,8 mH | 0,31 Ω | 2% | 16 AWG",0.8,0.31,16.0,Air Core,https://www.soundimports.eu/en/jantzen-audio-000-8615.html,35.95
Dayton Audio LW14-80,Dayton Audio LW14-80 | 0.80 mH | 0.22 Ω | 3% | 14 AWG,0.8,0.22,14.0,Air Core,https://www.soundimports.eu/en/dayton-audio-lw14-80.html,36.95
Jantzen Audio 000-7386,"Jantzen Audio 000-7386 | 0,80 mH | 0,22 Ω | 2% | 14 AWG",0.8,0.22,14.0,Air Core,https://www.soundimports.eu/en/jantzen-audio-000-7386.html,45.45
Jantzen Audio 000-8348,"Jantzen Audio 000-8348 | 0,80 mH | 0,22 Ω | 2% | 14 AWG",0.8,0.22,14.0,Air Core,https://www.soundimports.eu/en/jantzen-audio-000-8348.html,47.95
Jantzen Audio 000-8080,"Jantzen Audio 000-8080 | 0,80 mH | 0,17 Ω | 2% | 12 AWG",0.8,0.17,12.0,Air Core,https://www.soundimports.eu/en/jantzen-audio-000-8080.html,70.95
Jantzen Audio 000-9081,"Jantzen Audio 000-9081 | 0,81 mH | 0,07 Ω | 2% | 8 AWG",0.81,0.07,8.0,Air Core,https://www.soundimports.eu/en/jantzen-audio-000-9081.html,181.95
Jantzen Audio 000-2192,"Jantzen Audio 000-2192 | 0,82 mH | 0,19 Ω | 3% | 18 AWG",0.82,0.19,18.0,Air Core,https://www.soundimports.eu/en/jantzen-audio-000-2192.html,7.95
Jantzen Audio 000-1676,"Jantzen Audio 000-1676 | 0,82 mH | 0,439 Ω | 3% | 18 AWG",0.82,0.439,18.0,Air Core,https://www.soundimports.eu/en/jantzen-audio-000-1676.html,10.45
Jantzen Audio 000-1288,"Jantzen Audio 000-1288 | 0,82 mH | 0,48 Ω | 3% | 18 AWG",0.82,0.48,18.0,Air Core,https://www.soundimports.eu/en/jantzen-audio-000-1288.html,10.95
Jantzen Audio 000-5206,"Jantzen Audio 000-5206 | 0,82 mH | 0,11 Ω | 3% | 17 AWG",0.82,0.11,17.0,Air Core,https://www.soundimports.eu/en/jantzen-audio-000-5206.html,10.95
Jantzen Audio 000-1973,"Jantzen Audio 000-1973 | 0,82 mH | 0,44 Ω | 3% | 18 AWG",0.82,0.44,18.0,Air Core,https://www.soundimports.eu/en/jantzen-audio-000-1973.html,11.45
Jantzen Audio 000-1993,"Jantzen Audio 000-1993 | 0,82 mH | 0,48 Ω | 3% | 18 AWG",0.82,0.48,18.0,Air Core,https://www.soundimports.eu/en/jantzen-audio-000-1993.html,11.95
"Mundorf P100-0,82","Mundorf P100-0,82 | 0,82 mH | 0,27 Ω | 3% | 18 AWG",0.82,0.27,18.0,Air Core,https://www.soundimports.eu/en/mundorf-p100-082.html,12.45
"Mundorf L100-0,82","Mundorf L100-0,82 | 0,82 mH | 0,44 Ω | 2% | 18 AWG",0.82,0.44,18.0,Air Core,https://www.soundimports.eu/en/mundorf-l100-082.html,12.95
Jantzen Audio 000-0994,"Jantzen Audio 000-0994 | 0,82 mH | 0,32 Ω | 3% | 17 AWG",0.82,0.32,17.0,Air Core,https://www.soundimports.eu/en/jantzen-audio-000-0994.html,14.45
Jantzen Audio 000-1882,"Jantzen Audio 000-1882 | 0,82 mH | 0,34 Ω | 3% | 17 AWG",0.82,0.34,17.0,Air Core,https://www.soundimports.eu/en/jantzen-audio-000-1882.html,15.45
Jantzen Audio 000-5433,"Jantzen Audio 000-5433 | 0,82 mH | 0,07 Ω | 3% | 14 AWG",0.82,0.07,14.0,Air Core,https://www.soundimports.eu/en/jantzen-audio-000-5433.html,16.46
Intertechnik LU55/082/100,"Intertechnik LU55/082/100 | 0,82 mH | 0,52 Ω | 3% | 18 AWG",0.82,0.52,18.0,Air Core,https://www.soundimports.eu/en/it-intertechnik-lu55-082-100.html,18.45
Jantzen Audio 000-5816,"Jantzen Audio 000-5816 | 0,82 mH | 0,06 Ω | 3% | 13 AWG",0.82,0.06,13.0,Air Core,https://www.soundimports.eu/en/jantzen-audio-000-5816.html,18.45
Intertechnik LUT55/082/10,"Intertechnik LUT55/082/10 | 0,82 mH | 0,54 Ω | 3% | 18 AWG",0.82,0.54,18.0,Air Core,https://www.soundimports.eu/en/it-intertechnik-lut55-082-10.html,19.95
Jantzen Audio 000-1897,"Jantzen Audio 000-1897 | 0,82 mH | 0,27 Ω | 3% | 15 AWG",0.82,0.27,15.0,Air Core,https://www.soundimports.eu/en/jantzen-audio-000-1897.html,20.45
Jantzen Audio 000-0014,"Jantzen Audio 000-0014 | 0,82 mH | 0,215 Ω | 3% | 14 AWG",0.82,0.215,14.0,Air Core,https://www.soundimports.eu/en/jantzen-audio-000-0014.html,26.45
Intertechnik LU62/082/140,"Intertechnik LU62/082/140 | 0,82 mH | 0,26 Ω | 3% | 15 AWG",0.82,0.26,15.0,Air Core,https://www.soundimports.eu/en/it-intertechnik-lu62-082-140.html,29.95
Jantzen Audio 000-0114,"Jantzen Audio 000-0114 | 0,82 mH | 0,18 Ω | 3% | 13 AWG",0.82,0.18,13.0,Air Core,https://www.soundimports.eu/en/jantzen-audio-000-0114.html,32.95
Jantzen Audio 000-7792,"Jantzen Audio 000-7792 | 0,82 mH | 0,31 Ω | 2% | 16 AWG",0.82,0.31,16.0,Air Core,https://www.soundimports.eu/en/jantzen-audio-000-7792.html,34.45
Jantzen Audio 000-8620,"Jantzen Audio 000-8620 | 0,82 mH | 0,33 Ω | 2% | 16 AWG",0.82,0.33,16.0,Air Core,https://www.soundimports.eu/en/jantzen-audio-000-8620.html,36.45
"Mundorf CFC16-0,82","Mundorf CFC16-0,82 | 0,82 mH | 0,31 Ω | 2% | 16,5 AWG",0.82,0.31,16.5,Air Core,https://www.soundimports.eu/en/mundorf-cfc16-082.html,36.95
Intertechnik AT62/082/132,"Intertechnik AT62/082/132 | 0,82 mH | 0,30 Ω | 3% | 16 AWG",0.82,0.3,16.0,Air Core,https://www.soundimports.eu/en/it-intertechnik-at62-082-132.html,36.95
Dayton Audio CF16-82,Dayton Audio CF16-82 | 0.82 mH | 0.31 Ω | 3% | 16 AWG,0.82,0.31,16.0,Air Core,https://www.soundimports.eu/en/dayton-audio-cf16-82.html,44.95
Jantzen Audio 000-6005,"Jantzen Audio 000-6005 | 0,82 mH | 0,03 Ω | 5% | 13 AWG",0.82,0.03,13.0,Air Core,https://www.soundimports.eu/en/jantzen-audio-000-6005.html,46.45
Jantzen Audio 000-7388,"Jantzen Audio 000-7388 | 0,82 mH | 0,23 Ω | 2% | 14 AWG",0.82,0.23,14.0,Air Core,https://www.soundimports.eu/en/jantzen-audio-000-7388.html,46.45
Jantzen Audio 000-8350,"Jantzen Audio 000-8350 | 0,82 mH | 0,23 Ω | 2% | 14 AWG",0.82,0.23,14.0,Air Core,https://www.soundimports.eu/en/jantzen-audio-000-8350.html,49.45
Intertechnik LU92/082/200,"Intertechnik LU92/082/200 | 0,82 mH | 0,15 Ω | 3% | 12 AWG",0.82,0.15,12.0,Air Core,https://www.soundimports.eu/en/it-intertechnik-lu92-082-200.html,52.95
Intertechnik TRI62/082/0.50,"Intertechnik TRI62/082/0.50 | 0,82 mH | 0,319 Ω | 1% | 7 x 24 AWG",0.82,0.319,7.0,Air Core,https://www.soundimports.eu/en/it-intertechnik-tri62-082-0-50.html,55.95
"Mundorf CFC14-0,82","Mundorf CFC14-0,82 | 0,82 mH | 0,22 Ω | 2% | 14 AWG",0.82,0.22,14.0,Air Core,https://www.soundimports.eu/en/mundorf-cfc14-082.html,59.96
Jantzen Audio 000-8082,"Jantzen Audio 000-8082 | 0,82 mH | 0,17 Ω | 2% | 12 AWG",0.82,0.17,12.0,Air Core,https://www.soundimports.eu/en/jantzen-audio-000-8082.html,71.95
Jantzen Audio 000-7065,"Jantzen Audio 000-7065 | 0,82 mH | 0,16 Ω | 2% | 12 AWG",0.82,0.16,12.0,Air Core,https://www.soundimports.eu/en/jantzen-audio-000-7065.html,72.45
Intertechnik TRI92/0.82/0.60,"Intertechnik TRI92/0.82/0.60 | 0,82 mH | 0,231 Ω | 1% | 7 x 23 AWG",0.82,0.231,7.0,Air Core,https://www.soundimports.eu/en/it-intertechnik-tri92-0-82-0-60.html,75.95
Intertechnik TRI92/0.82/0.80,"Intertechnik TRI92/0.82/0.80 | 0,82 mH | 0,15 Ω | 1% | 7 x 20 AWG",0.82,0.15,7.0,Air Core,https://www.soundimports.eu/en/it-intertechnik-tri92-0-82-0-80.html,109.95
Jantzen Audio 000-1565,"Jantzen Audio 000-1565 | 0,83 mH | 0,27 Ω | 3% | 15 AWG",0.83,0.27,15.0,Air Core,https://www.soundimports.eu/en/jantzen-audio-000-1565.html,20.45
Jantzen Audio 000-8621,"Jantzen Audio 000-8621 | 0,83 mH | 0,33 Ω | 2% | 16 AWG",0.83,0.33,16.0,Air Core,https://www.soundimports.eu/en/jantzen-audio-000-8621.html,37.95
Jantzen Audio 000-1284,"Jantzen Audio 000-1284 | 0,85 mH | 0,45 Ω | 3% | 18 AWG",0.85,0.45,18.0,Air Core,https://www.soundimports.eu/en/jantzen-audio-000-1284.html,10.95
Jantzen Audio 000-0930,"Jantzen Audio 000-0930 | 0,85 mH | 0,448 Ω | 3% | 18 AWG",0.85,0.448,18.0,Air Core,https://www.soundimports.eu/en/jantzen-audio-000-0930.html,10.95
Jantzen Audio 000-1430,"Jantzen Audio 000-1430 | 0,85 mH | 0,45 Ω | 3% | 18 AWG",0.85,0.45,18.0,Air Core,https://www.soundimports.eu/en/jantzen-audio-000-1430.html,11.45
Jantzen Audio 000-1784,"Jantzen Audio 000-1784 | 0,85 mH | 0,35 Ω | 3% | 17 AWG",0.85,0.35,17.0,Air Core,https://www.soundimports.eu/en/jantzen-audio-000-1784.html,15.45
Jantzen Audio 000-1445,"Jantzen Audio 000-1445 | 0,85 mH | 0,28 Ω | 3% | 15 AWG",0.85,0.28,15.0,Air Core,https://www.soundimports.eu/en/jantzen-audio-000-1445.html,19.44
Jantzen Audio 000-0015,"Jantzen Audio 000-0015 | 0,85 mH | 0,22 Ω | 3% | 14 AWG",0.85,0.22,14.0,Air Core,https://www.soundimports.eu/en/jantzen-audio-000-0015.html,26.95
Jantzen Audio 000-7800,"Jantzen Audio 000-7800 | 0,85 mH | 0,33 Ω | 2% | 16 AWG",0.85,0.33,16.0,Air Core,https://www.soundimports.eu/en/jantzen-audio-000-7800.html,34.45
Jantzen Audio 000-8353,"Jantzen Audio 000-8353 | 0,85 mH | 0,23 Ω | 2% | 14 AWG",0.85,0.23,14.0,Air Core,https://www.soundimports.eu/en/jantzen-audio-000-8353.html,50.44
Jantzen Audio 000-8085,"Jantzen Audio 000-8085 | 0,85 mH | 0,17 Ω | 2% | 12 AWG",0.85,0.17,12.0,Air Core,https://www.soundimports.eu/en/jantzen-audio-000-8085.html,74.45
Jantzen Audio 000-9085,"Jantzen Audio 000-9085 | 0,85 mH | 0,07 Ω | 2% | 8 AWG",0.85,0.07,8.0,Air Core,https://www.soundimports.eu/en/jantzen-audio-000-9085.html,185.44
Jantzen Audio 000-2077,"Jantzen Audio 000-2077 | 0,87 mH | 0,22 Ω | 3% | 18 AWG",0.87,0.22,18.0,Air Core,https://www.soundimports.eu/en/jantzen-audio-000-2077.html,8.95
Jantzen Audio 000-0170,"Jantzen Audio 000-0170 | 0,87 mH | 0,22 Ω | 3% | 14 AWG",0.87,0.22,14.0,Air Core,https://www.soundimports.eu/en/jantzen-audio-000-0170.html,26.45
Jantzen Audio 000-8087,"Jantzen Audio 000-8087 | 0,87 mH | 0,17 Ω | 2% | 12 AWG",0.87,0.17,12.0,Air Core,https://www.soundimports.eu/en/jantzen-audio-000-8087.html,74.95
Jantzen Audio 000-0818,"Jantzen Audio 000-0818 | 0,875 mH | 0,46 Ω | 3% | 18 AWG",0.875,0.46,18.0,Air Core,https://www.soundimports.eu/en/jantzen-audio-000-0818.html,11.45
Jantzen Audio 000-8354,"Jantzen Audio 000-8354 | 0,88 mH | 0,24 Ω | 2% | 14 AWG",0.88,0.24,14.0,Air Core,https://www.soundimports.eu/en/jantzen-audio-000-8354.html,50.44
Dayton Audio LW18-90,Dayton Audio LW18-90 | 0.90 mH | 0.48 Ω | 3% | 18 AWG,0.9,0.48,18.0,Air Core,https://www.soundimports.eu/en/dayton-audio-lw18-90.html,9.95
Jantzen Audio 000-1953,"Jantzen Audio 000-1953 | 0,90 mH | 0,46 Ω | 3% | 18 AWG",0.9,0.46,18.0,Air Core,https://www.soundimports.eu/en/jantzen-audio-000-1953.html,10.95
Jantzen Audio 000-1969,"Jantzen Audio 000-1969 | 0,90 mH | 0,47 Ω | 3% | 18 AWG",0.9,0.47,18.0,Air Core,https://www.soundimports.eu/en/jantzen-audio-000-1969.html,10.95
Jantzen Audio 000-1647,"Jantzen Audio 000-1647 | 0,90 mH | 0,53 Ω | 3% | 18 AWG",0.9,0.53,18.0,Air Core,https://www.soundimports.eu/en/jantzen-audio-000-1647.html,11.45
Jantzen Audio 000-1657,"Jantzen Audio 000-1657 | 0,90 mH | 0,29 Ω | 3% | 15 AWG",0.9,0.29,15.0,Air Core,https://www.soundimports.eu/en/jantzen-audio-000-1657.html,21.45
Jantzen Audio 000-0016,"Jantzen Audio 000-0016 | 0,9 mH | 0,22 Ω | 3% | 14 AWG",0.9,0.22,14.0,Air Core,https://www.soundimports.eu/en/jantzen-audio-000-0016.html,27.95
Jantzen Audio 000-7809,"Jantzen Audio 000-7809 | 0,9 mH | 0,33 Ω | 2% | 16 AWG",0.9,0.33,16.0,Air Core,https://www.soundimports.eu/en/jantzen-audio-000-7809.html,34.94
Jantzen Audio 000-0116,"Jantzen Audio 000-0116 | 0,9 mH | 0,16 Ω | 3% | 13 AWG",0.9,0.16,13.0,Air Core,https://www.soundimports.eu/en/jantzen-audio-000-0116.html,35.45
Jantzen Audio 000-8625,"Jantzen Audio 000-8625 | 0,9 mH | 0,34 Ω | 2% | 16 AWG",0.9,0.34,16.0,Air Core,https://www.soundimports.eu/en/jantzen-audio-000-8625.html,37.45
Jantzen Audio 000-7396,"Jantzen Audio 000-7396 | 0,90 mH | 0,24 Ω | 2% | 14 AWG",0.9,0.24,14.0,Air Core,https://www.soundimports.eu/en/jantzen-audio-000-7396.html,49.95
Jantzen Audio 000-8355,"Jantzen Audio 000-8355 | 0,90 mH | 0,24 Ω | 2% | 14 AWG",0.9,0.24,14.0,Air Core,https://www.soundimports.eu/en/jantzen-audio-000-8355.html,50.44
Dayton Audio LW14-90,Dayton Audio LW14-90 | 0.90 mH | 0.23 Ω | 3% | 14 AWG,0.9,0.23,14.0,Air Core,https://www.soundimports.eu/en/dayton-audio-lw14-90.html,54.95
Jantzen Audio 000-8090,"Jantzen Audio 000-8090 | 0,90 mH | 0,17 Ω | 2% | 12 AWG",0.9,0.17,12.0,Air Core,https://www.soundimports.eu/en/jantzen-audio-000-8090.html,75.95
Jantzen Audio 000-5202,"Jantzen Audio 000-5202 | 0,91 mH | 0,16 Ω | 3% | 18 AWG",0.91,0.16,18.0,Air Core,https://www.soundimports.eu/en/jantzen-audio-000-5202.html,8.95
Jantzen Audio 000-1862,"Jantzen Audio 000-1862 | 0,91 mH | 0,29 Ω | 3% | 15 AWG",0.91,0.29,15.0,Air Core,https://www.soundimports.eu/en/jantzen-audio-000-1862.html,20.45
Jantzen Audio 000-8626,"Jantzen Audio 000-8626 | 0,91 mH | 0,36 Ω | 2% | 16 AWG",0.91,0.36,16.0,Air Core,https://www.soundimports.eu/en/jantzen-audio-000-8626.html,37.95
Jantzen Audio 000-L-0092,"Jantzen Audio 000-L-0092 | 0,92 mH | 0,33 Ω | 3% | 15 AWG",0.92,0.33,15.0,Air Core,https://www.soundimports.eu/en/jantzen-audio-000-l-0092.html,28.96
Jantzen Audio 000-7815,"Jantzen Audio 000-7815 | 0,92 mH | 0,34 Ω | 2% | 16 AWG",0.92,0.34,16.0,Air Core,https://www.soundimports.eu/en/jantzen-audio-000-7815.html,35.45
Jantzen Audio 000-1081,"Jantzen Audio 000-1081 | 0,93 mH | 0,30 Ω | 3% | 15 AWG",0.93,0.3,15.0,Air Core,https://www.soundimports.eu/en/jantzen-audio-000-1081.html,20.45
Jantzen Audio 000-2113,"Jantzen Audio 000-2113 | 0,95 mH | 0,24 Ω | 3% | 18 AWG",0.95,0.24,18.0,Air Core,https://www.soundimports.eu/en/jantzen-audio-000-2113.html,8.45
Jantzen Audio 000-1954,"Jantzen Audio 000-1954 | 0,95 mH | 0,48 Ω | 3% | 18 AWG",0.95,0.48,18.0,Air Core,https://www.soundimports.eu/en/jantzen-audio-000-1954.html,11.95
Jantzen Audio 000-1970,"Jantzen Audio 000-1970 | 0,95 mH | 0,48 Ω | 3% | 18 AWG",0.95,0.48,18.0,Air Core,https://www.soundimports.eu/en/jantzen-audio-000-1970.html,12.45
Jantzen Audio 000-1077,"Jantzen Audio 000-1077 | 0,95 mH | 0,30 Ω | 3% | 15 AWG",0.95,0.3,15.0,Air Core,https://www.soundimports.eu/en/jantzen-audio-000-1077.html,20.95
Jantzen Audio 000-7820,"Jantzen Audio 000-7820 | 0,95 mH | 0,35 Ω | 2% | 16 AWG",0.95,0.35,16.0,Air Core,https://www.soundimports.eu/en/jantzen-audio-000-7820.html,35.95
Jantzen Audio 000-8095,"Jantzen Audio 000-8095 | 0,95 mH | 0,18 Ω | 2% | 12 AWG",0.95,0.18,12.0,Air Core,https://www.soundimports.eu/en/jantzen-audio-000-8095.html,77.95
Jantzen Audio 000-1374,"Jantzen Audio 000-1374 | 0,96 mH | 0,54 Ω | 3% | 18 AWG",0.96,0.54,18.0,Air Core,https://www.soundimports.eu/en/jantzen-audio-000-1374.html,12.95
Jantzen Audio 000-1337,"Jantzen Audio 000-1337 | 0,96 mH | 0,37 Ω | 3% | 17 AWG",0.96,0.37,17.0,Air Core,https://www.soundimports.eu/en/jantzen-audio-000-1337.html,16.95
Jantzen Audio 000-2151,"Jantzen Audio 000-2151 | 1,0 mH | 0,26 Ω | 3% | 18 AWG",1.0,0.26,18.0,Air Core,https://www.soundimports.eu/en/jantzen-audio-000-2151.html,7.45
Jantzen Audio 000-5090,"Jantzen Audio 000-5090 | 1,0 mH | 0,17 Ω | 3% | 18 AWG",1.0,0.17,18.0,Air Core,https://www.soundimports.eu/en/jantzen-audio-000-5090.html,8.45
Jantzen Audio 000-2086,"Jantzen Audio 000-2086 | 1,0 mH | 0,25 Ω | 3% | 18 AWG",1.0,0.25,18.0,Air Core,https://www.soundimports.eu/en/jantzen-audio-000-2086.html,8.95
Jantzen Audio 000-2199,"Jantzen Audio 000-2199 | 1,0 mH | 0,21 Ω | 3% | 18 AWG",1.0,0.21,18.0,Air Core,https://www.soundimports.eu/en/jantzen-audio-000-2199.html,8.95
Dayton Audio LW181,Dayton Audio LW181 | 1.0 mH | 0.51 Ω | 3% | 18 AWG,1.0,0.51,18.0,Air Core,https://www.soundimports.eu/en/dayton-audio-lw181.html,10.45
Jantzen Audio 000-2376,"Jantzen Audio 000-2376 | 1 mH | 0,19 Ω | 3% | 17 AWG",1.0,0.19,17.0,Air Core,https://www.soundimports.eu/en/jantzen-audio-000-2376.html,10.95
Jantzen Audio 000-2097,"Jantzen Audio 000-2097 | 1 mH | 0,15 Ω | 3% | 17 AWG",1.0,0.15,17.0,Air Core,https://www.soundimports.eu/en/jantzen-audio-000-2097.html,10.95
Jantzen Audio 000-5055,"Jantzen Audio 000-5055 | 1,0 mH | 0,19 Ω | 3% | 18 AWG",1.0,0.19,18.0,Air Core,https://www.soundimports.eu/en/jantzen-audio-000-5055.html,10.95
Dayton Audio IC181,Dayton Audio IC181 | 1.0 mH | 0.19 Ω | 3% | 18 AWG,1.0,0.19,18.0,Air Core,https://www.soundimports.eu/en/dayton-audio-ic181.html,11.45
Jantzen Audio 000-2374,"Jantzen Audio 000-2374 | 1,0 mH | 0,19 Ω | 3% | 17 AWG",1.0,0.19,17.0,Air Core,https://www.soundimports.eu/en/jantzen-audio-000-2374.html,11.45
Jantzen Audio 000-1057,"Jantzen Audio 000-1057 | 1,0 mH | 0,55 Ω | 3% | 18 AWG",1.0,0.55,18.0,Air Core,https://www.soundimports.eu/en/jantzen-audio-000-1057.html,11.95
Jantzen Audio 000-1972,"Jantzen Audio 000-1972 | 1,0 mH | 0,49 Ω | 3% | 18 AWG",1.0,0.49,18.0,Air Core,https://www.soundimports.eu/en/jantzen-audio-000-1972.html,11.95
Jantzen Audio 000-1994,"Jantzen Audio 000-1994 | 1 mH | 0,55 Ω | 3% | 18 AWG",1.0,0.55,18.0,Air Core,https://www.soundimports.eu/en/jantzen-audio-000-1994.html,11.95
Jantzen Audio 000-1239,"Jantzen Audio 000-1239 | 1,0 mH | 0,48 Ω | 3% | 18 AWG",1.0,0.48,18.0,Air Core,https://www.soundimports.eu/en/jantzen-audio-000-1239.html,12.45
Jantzen Audio 000-5056,"Jantzen Audio 000-5056 | 1,0 mH | 0,14 Ω | 3% | 17 AWG",1.0,0.14,17.0,Air Core,https://www.soundimports.eu/en/jantzen-audio-000-5056.html,12.45
"Mundorf P100-1,0","Mundorf P100-1,0 | 1,0 mH | 0,32 Ω | 3% | 18 AWG",1.0,0.32,18.0,Air Core,https://www.soundimports.eu/en/mundorf-p100-10.html,12.95
Jantzen Audio 000-5212,"Jantzen Audio 000-5212 | 1,0 mH | 0,125 Ω | 3% | 17 AWG",1.0,0.125,17.0,Air Core,https://www.soundimports.eu/en/jantzen-audio-000-5212.html,12.95
Jantzen Audio 000-5383,"Jantzen Audio 000-5383 | 1,0 mH | 0,11 Ω | 3% | 15 AWG",1.0,0.11,15.0,Air Core,https://www.soundimports.eu/en/jantzen-audio-000-5383.html,13.46
"Mundorf L100-1,00","Mundorf L100-1,00 | 1,00 mH | 0,49 Ω | 2% | 18 AWG",1.0,0.49,18.0,Air Core,https://www.soundimports.eu/en/mundorf-l100-100.html,13.95
Jantzen Audio 000-5117,"Jantzen Audio 000-5117 | 1,0 mH | 0,10 Ω | 3% | 15 AWG",1.0,0.1,15.0,Air Core,https://www.soundimports.eu/en/jantzen-audio-000-5117.html,14.96
Jantzen Audio 000-1563,"Jantzen Audio 000-1563 | 1 mH | 0,37 Ω | 3% | 17 AWG",1.0,0.37,17.0,Air Core,https://www.soundimports.eu/en/jantzen-audio-000-1563.html,16.46
Jantzen Audio 000-5432,"Jantzen Audio 000-5432 | 1,0 mH | 0,078 Ω | 3% | 14 AWG",1.0,0.078,14.0,Air Core,https://www.soundimports.eu/en/jantzen-audio-000-5432.html,16.95
Jantzen Audio 000-1094,"Jantzen Audio 000-1094 | 1,0 mH | 0,395 Ω | 3% | 17 AWG",1.0,0.395,17.0,Air Core,https://www.soundimports.eu/en/jantzen-audio-000-1094.html,17.94
Intertechnik LU55/1.0/100,"Intertechnik LU55/1.0/100 | 1,0 mH | 0,60 Ω | 3% | 18 AWG",1.0,0.6,18.0,Air Core,https://www.soundimports.eu/en/it-intertechnik-lu55-1-0-100.html,19.44
Jantzen Audio 000-5806,"Jantzen Audio 000-5806 | 1 mH | 0,07 Ω | 3% | 13 AWG",1.0,0.07,13.0,Air Core,https://www.soundimports.eu/en/jantzen-audio-000-5806.html,19.44
Intertechnik HQ40/1.0/112,"Intertechnik HQ40/1.0/112 | 1,0 mH | 0,14 Ω | 5% | 17 AWG",1.0,0.14,17.0,Air Core,https://www.soundimports.eu/en/it-intertechnik-hq40-1-0-112.html,19.95
Intertechnik LUT55/1.0/10,"Intertechnik LUT55/1.0/10 | 1,0 mH | 0,61 Ω | 3% | 18 AWG",1.0,0.61,18.0,Air Core,https://www.soundimports.eu/en/it-intertechnik-lut55-1-0-10.html,20.45
Jantzen Audio 000-1096,"Jantzen Audio 000-1096 | 1,0 mH | 0,285 Ω | 3% | 15 AWG",1.0,0.285,15.0,Air Core,https://www.soundimports.eu/en/jantzen-audio-000-1096.html,22.45
Jantzen Audio 000-1898,"Jantzen Audio 000-1898 | 1 mH | 0,3 Ω | 3% | 15 AWG",1.0,0.3,15.0,Air Core,https://www.soundimports.eu/en/jantzen-audio-000-1898.html,22.95
Intertechnik LU62/1.0/140,"Intertechnik LU62/1.0/140 | 1,0 mH | 0,28 Ω | 3% | 15 AWG",1.0,0.28,15.0,Air Core,https://www.soundimports.eu/en/it-intertechnik-lu62-1-0-140.html,28.96
Audyn CO55/1.00/140,"Audyn CO55/1.00/140 | 1,0 mH | 0,19 Ω | 5% | 15 AWG",1.0,0.19,15.0,Air Core,https://www.soundimports.eu/en/audyn-co55-1-00-140.html,28.96
Jantzen Audio 000-0018,"Jantzen Audio 000-0018 | 1 mH | 0,24 Ω | 3% | 14 AWG",1.0,0.24,14.0,Air Core,https://www.soundimports.eu/en/jantzen-audio-000-0018.html,29.45
Jantzen Audio 000-L-0100,"Jantzen Audio 000-L-0100 | 1,0 mH | 0,35 Ω | 3% | 15 AWG",1.0,0.35,15.0,Air Core,https://www.soundimports.eu/en/jantzen-audio-000-l-0100.html,30.46
Dayton Audio LW141,Dayton Audio LW141 | 1.0 mH | 0.26 Ω | 3% | 14 AWG,1.0,0.26,14.0,Air Core,https://www.soundimports.eu/en/dayton-audio-lw141.html,31.45
Jantzen Audio 000-0118,"Jantzen Audio 000-0118 | 1,0 mH | 0,198 Ω | 3% | 13 AWG",1.0,0.198,13.0,Air Core,https://www.soundimports.eu/en/jantzen-audio-000-0118.html,36.95
Intertechnik DR56/1.0/140,"Intertechnik DR56/1.0/140 | 1,0 mH | 0,10 Ω | 5% | 15 AWG",1.0,0.1,15.0,Air Core,https://www.soundimports.eu/en/it-intertechnik-dr56-1-0-140.html,37.26
Jantzen Audio 000-7825,"Jantzen Audio 000-7825 | 1 mH | 0,44 Ω | 2% | 16 AWG",1.0,0.44,16.0,Air Core,https://www.soundimports.eu/en/jantzen-audio-000-7825.html,37.45
Intertechnik AT62/100/132,"Intertechnik AT62/100/132 | 1,0 mH | 0,34 Ω | 3% | 16 AWG",1.0,0.34,16.0,Air Core,https://www.soundimports.eu/en/it-intertechnik-at62-100-132.html,38.45
Jantzen Audio 000-8630,"Jantzen Audio 000-8630 | 1 mH | 0,36 Ω | 2% | 16 AWG",1.0,0.36,16.0,Air Core,https://www.soundimports.eu/en/jantzen-audio-000-8630.html,39.45
"Mundorf CFC16-1,00","Mundorf CFC16-1,00 | 1,00 mH | 0,37 Ω | 2% | 16,5 AWG",1.0,0.37,16.5,Air Core,https://www.soundimports.eu/en/mundorf-cfc16-100.html,39.95
Dayton Audio CF161,Dayton Audio CF161 | 1.0 mH | 0.37 Ω | 3% | 16 AWG,1.0,0.37,16.0,Air Core,https://www.soundimports.eu/en/dayton-audio-cf161.html,44.95
Jantzen Audio 000-6020,"Jantzen Audio 000-6020 | 1,0 mH | 0,03 Ω | 5% | 13 AWG",1.0,0.03,13.0,Air Core,https://www.soundimports.eu/en/jantzen-audio-000-6020.html,46.95
Jantzen Audio 000-7415,"Jantzen Audio 000-7415 | 1,0 mH | 0,27 Ω | 2% | 14 AWG",1.0,0.27,14.0,Air Core,https://www.soundimports.eu/en/jantzen-audio-000-7415.html,49.45
Jantzen Audio 000-8360,"Jantzen Audio 000-8360 | 1,0 mH | 0,27 Ω | 2% | 14 AWG",1.0,0.27,14.0,Air Core,https://www.soundimports.eu/en/jantzen-audio-000-8360.html,53.95
Intertechnik LU92/1.0/200,"Intertechnik LU92/1.0/200 | 1,0 mH | 0,17 Ω | 3% | 12 AWG",1.0,0.17,12.0,Air Core,https://www.soundimports.eu/en/it-intertechnik-lu92-1-0-200.html,58.46
Intertechnik TRI62/1.0/0.50,"Intertechnik TRI62/1.0/0.50 | 1,0 mH | 0,356 Ω | 1% | 7 x 24 AWG",1.0,0.356,7.0,Air Core,https://www.soundimports.eu/en/it-intertechnik-tri62-1-0-0-50.html,59.96
"Mundorf CFC14-1,00","Mundorf CFC14-1,00 | 1,00 mH | 0,26 Ω | 2% | 14 AWG",1.0,0.26,14.0,Air Core,https://www.soundimports.eu/en/mundorf-cfc14-100.html,64.95
Jantzen Audio 000-7070,"Jantzen Audio 000-7070 | 1,0 mH | 0,184 Ω | 2% | 12 AWG",1.0,0.184,12.0,Air Core,https://www.soundimports.eu/en/jantzen-audio-000-7070.html,73.45
Intertechnik TRI92/1.00/0.60,"Intertechnik TRI92/1.00/0.60 | 1,0 mH | 0,27 Ω | 1% | 7 x 23 AWG",1.0,0.27,7.0,Air Core,https://www.soundimports.eu/en/it-intertechnik-tri92-1-00-0-60.html,82.45
Jantzen Audio 000-8097,"Jantzen Audio 000-8097 | 1,0 mH | 0,19 Ω | 2% | 12 AWG",1.0,0.19,12.0,Air Core,https://www.soundimports.eu/en/jantzen-audio-000-8097.html,84.45
Intertechnik TRI92/1.00/0.80,"Intertechnik TRI92/1.00/0.80 | 1,0 mH | 0,17 Ω | 1% | 7 x 20 AWG",1.0,0.17,7.0,Air Core,https://www.soundimports.eu/en/it-intertechnik-tri92-1-00-0-80.html,132.95
Jantzen Audio 000-1047,"Jantzen Audio 000-1047 | 1,04 mH | 0,29 Ω | 3% | 15 AWG",1.04,0.29,15.0,Air Core,https://www.soundimports.eu/en/jantzen-audio-000-1047.html,22.45
Jantzen Audio 000-8361,"Jantzen Audio 000-8361 | 1,05 mH | 0,27 Ω | 2% | 14 AWG",1.05,0.27,14.0,Air Core,https://www.soundimports.eu/en/jantzen-audio-000-8361.html,54.45
Jantzen Audio 000-2343,"Jantzen Audio 000-2343 | 1,1 mH | 0,21 Ω | 3% | 18 AWG",1.1,0.21,18.0,Air Core,https://www.soundimports.eu/en/jantzen-audio-000-2343.html,8.95
Jantzen Audio 000-2092,"Jantzen Audio 000-2092 | 1,1 mH | 0,16 Ω | 3% | 17 AWG",1.1,0.16,17.0,Air Core,https://www.soundimports.eu/en/jantzen-audio-000-2092.html,10.95
Jantzen Audio 000-1078,"Jantzen Audio 000-1078 | 1,1 mH | 0,57 Ω | 3% | 18 AWG",1.1,0.57,18.0,Air Core,https://www.soundimports.eu/en/jantzen-audio-000-1078.html,12.45
Jantzen Audio 000-2023,"Jantzen Audio 000-2023 | 1,1 mH | 0,20 Ω | 3% | 17 AWG",1.1,0.2,17.0,Air Core,https://www.soundimports.eu/en/jantzen-audio-000-2023.html,12.95
Jantzen Audio 000-1924,"Jantzen Audio 000-1924 | 1,1 mH | 0,41 Ω | 3% | 17 AWG",1.1,0.41,17.0,Air Core,https://www.soundimports.eu/en/jantzen-audio-000-1924.html,17.45
Jantzen Audio 000-1931,"Jantzen Audio 000-1931 | 1,1 mH | 0,31 Ω | 3% | 15 AWG",1.1,0.31,15.0,Air Core,https://www.soundimports.eu/en/jantzen-audio-000-1931.html,21.45
Jantzen Audio 000-0019,"Jantzen Audio 000-0019 | 1,1 mH | 0,26 Ω | 3% | 14 AWG",1.1,0.26,14.0,Air Core,https://www.soundimports.eu/en/jantzen-audio-000-0019.html,30.46
Jantzen Audio 000-7830,"Jantzen Audio 000-7830 | 1,1 mH | 0,38 Ω | 2% | 16 AWG",1.1,0.38,16.0,Air Core,https://www.soundimports.eu/en/jantzen-audio-000-7830.html,37.45
Jantzen Audio 000-0119,"Jantzen Audio 000-0119 | 1,1 mH | 0,21 Ω | 3% | 13 AWG",1.1,0.21,13.0,Air Core,https://www.soundimports.eu/en/jantzen-audio-000-0119.html,38.45
Jantzen Audio 000-8635,"Jantzen Audio 000-8635 | 1,1 mH | 0,38 Ω | 2% | 16 AWG",1.1,0.38,16.0,Air Core,https://www.soundimports.eu/en/jantzen-audio-000-8635.html,40.45
Jantzen Audio 000-8365,"Jantzen Audio 000-8365 | 1,1 mH | 0,27 Ω | 2% | 14 AWG",1.1,0.27,14.0,Air Core,https://www.soundimports.eu/en/jantzen-audio-000-8365.html,55.45
Jantzen Audio 000-6022,"Jantzen Audio 000-6022 | 1,1 mH | 0,03 Ω | 5% | 12 AWG",1.1,0.03,12.0,Air Core,https://www.soundimports.eu/en/jantzen-audio-000-6022.html,59.45
Jantzen Audio 000-1983,"Jantzen Audio 000-1983 | 1,13 mH | 0,43 Ω | 3% | 17 AWG",1.13,0.43,17.0,Air Core,https://www.soundimports.eu/en/jantzen-audio-000-1983.html,18.95
Jantzen Audio 000-1625,"Jantzen Audio 000-1625 | 1,15 mH | 0,59 Ω | 3% | 18 AWG",1.15,0.59,18.0,Air Core,https://www.soundimports.eu/en/jantzen-audio-000-1625.html,13.95
Jantzen Audio 000-1174,"Jantzen Audio 000-1174 | 1,15 mH | 0,43 Ω | 3% | 17 AWG",1.15,0.43,17.0,Air Core,https://www.soundimports.eu/en/jantzen-audio-000-1174.html,19.44
Jantzen Audio 000-8105,"Jantzen Audio 000-8105 | 1,15 mH | 0,20 Ω | 2% | 12 AWG",1.15,0.2,12.0,Air Core,https://www.soundimports.eu/en/jantzen-audio-000-8105.html,88.95
Jantzen Audio 000-2387,"Jantzen Audio 000-2387 | 1,2 mH | 0,23 Ω | 3% | 18 AWG",1.2,0.23,18.0,Air Core,https://www.soundimports.eu/en/jantzen-audio-000-2387.html,8.95
Jantzen Audio 000-2342,"Jantzen Audio 000-2342 | 1,2 mH | 0,23 Ω | 3% | 18 AWG",1.2,0.23,18.0,Air Core,https://www.soundimports.eu/en/jantzen-audio-000-2342.html,8.95
Jantzen Audio 000-5234,"Jantzen Audio 000-5234 | 1,2 mH | 0,19 Ω | 3% | 18 AWG",1.2,0.19,18.0,Air Core,https://www.soundimports.eu/en/jantzen-audio-000-5234.html,9.45
Jantzen Audio 000-5481,"Jantzen Audio 000-5481 | 1,2 mH | 0,17 Ω | 3% | 18 AWG",1.2,0.17,18.0,Air Core,https://www.soundimports.eu/en/jantzen-audio-000-5481.html,10.45
Jantzen Audio 000-5230,"Jantzen Audio 000-5230 | 1,2 mH | 0,13 Ω | 3% | 17 AWG",1.2,0.13,17.0,Air Core,https://www.soundimports.eu/en/jantzen-audio-000-5230.html,10.95
Jantzen Audio 000-1280,"Jantzen Audio 000-1280 | 1,2 mH | 0,555 Ω | 3% | 18 AWG",1.2,0.555,18.0,Air Core,https://www.soundimports.eu/en/jantzen-audio-000-1280.html,11.95
Jantzen Audio 000-1901,"Jantzen Audio 000-1901 | 1,2 mH | 0,60 Ω | 3% | 18 AWG",1.2,0.6,18.0,Air Core,https://www.soundimports.eu/en/jantzen-audio-000-1901.html,12.95
Jantzen Audio 000-1467,"Jantzen Audio 000-1467 | 1,2 mH | 0,55 Ω | 3% | 18 AWG",1.2,0.55,18.0,Air Core,https://www.soundimports.eu/en/jantzen-audio-000-1467.html,13.46
Jantzen Audio 000-2019,"Jantzen Audio 000-2019 | 1,2 mH | 0,21 Ω | 3% | 17 AWG",1.2,0.21,17.0,Air Core,https://www.soundimports.eu/en/jantzen-audio-000-2019.html,13.46
Jantzen Audio 000-5247,"Jantzen Audio 000-5247 | 1,2 mH | 0,16 Ω | 3% | 17 AWG",1.2,0.16,17.0,Air Core,https://www.soundimports.eu/en/jantzen-audio-000-5247.html,13.46
"Mundorf P100-1,2","Mundorf P100-1,2 | 1,2 mH | 0,37 Ω | 3% | 18 AWG",1.2,0.37,18.0,Air Core,https://www.soundimports.eu/en/mundorf-p100-12.html,13.95
Jantzen Audio 000-2408,"Jantzen Audio 000-2408 | 1,2 mH | 0,137 Ω | 3% | 15 AWG",1.2,0.137,15.0,Air Core,https://www.soundimports.eu/en/jantzen-audio-000-2408.html,13.95
Jantzen Audio 000-1995,"Jantzen Audio 000-1995 | 1,2 mH | 0,6 Ω | 3% | 18 AWG",1.2,0.6,18.0,Air Core,https://www.soundimports.eu/en/jantzen-audio-000-1995.html,14.45
"Mundorf L100-1,20","Mundorf L100-1,20 | 1,20 mH | 0,54 Ω | 2% | 18 AWG",1.2,0.54,18.0,Air Core,https://www.soundimports.eu/en/mundorf-l100-120.html,15.95
Jantzen Audio 000-5431,"Jantzen Audio 000-5431 | 1,2 mH | 0,09 Ω | 3% | 14 AWG",1.2,0.09,14.0,Air Core,https://www.soundimports.eu/en/jantzen-audio-000-5431.html,17.45
Jantzen Audio 000-2008,"Jantzen Audio 000-2008 | 1,2 mH | 0,17 Ω | 3% | 15 AWG",1.2,0.17,15.0,Air Core,https://www.soundimports.eu/en/jantzen-audio-000-2008.html,17.45
Jantzen Audio 000-2417,"Jantzen Audio 000-2417 | 1,2 mH | 0,12 Ω | 3% | 14 AWG",1.2,0.12,14.0,Air Core,https://www.soundimports.eu/en/jantzen-audio-000-2417.html,17.94
Intertechnik LU55/1.2/100,"Intertechnik LU55/1.2/100 | 1,2 mH | 0,65 Ω | 3% | 18 AWG",1.2,0.65,18.0,Air Core,https://www.soundimports.eu/en/it-intertechnik-lu55-1-2-100.html,18.25
Jantzen Audio 000-1301,"Jantzen Audio 000-1301 | 1,2 mH | 0,43 Ω | 3% | 17 AWG",1.2,0.43,17.0,Air Core,https://www.soundimports.eu/en/jantzen-audio-000-1301.html,18.45
Intertechnik HQ40/1.2/112,"Intertechnik HQ40/1.2/112 | 1,2 mH | 0,15 Ω | 5% | 17 AWG",1.2,0.15,17.0,Air Core,https://www.soundimports.eu/en/it-intertechnik-hq40-1-2-112.html,19.44
Jantzen Audio 000-5805,"Jantzen Audio 000-5805 | 1,2 mH | 0,08 Ω | 3% | 13 AWG",1.2,0.08,13.0,Air Core,https://www.soundimports.eu/en/jantzen-audio-000-5805.html,20.45
Intertechnik LUT55/1.2/10,"Intertechnik LUT55/1.2/10 | 1,2 mH | 0,67 Ω | 3% | 18 AWG",1.2,0.67,18.0,Air Core,https://www.soundimports.eu/en/it-intertechnik-lut55-1-2-10.html,21.45
Jantzen Audio 000-1899,"Jantzen Audio 000-1899 | 1,2 mH | 0,33 Ω | 3% | 15 AWG",1.2,0.33,15.0,Air Core,https://www.soundimports.eu/en/jantzen-audio-000-1899.html,23.45
Jantzen Audio 000-1336,"Jantzen Audio 000-1336 | 1,2 mH | 0,33 Ω | 3% | 15 AWG",1.2,0.33,15.0,Air Core,https://www.soundimports.eu/en/jantzen-audio-000-1336.html,24.45
Jantzen Audio 000-0984,"Jantzen Audio 000-0984 | 1,2 mH | 0,28 Ω | 3% | 14 AWG",1.2,0.28,14.0,Air Core,https://www.soundimports.eu/en/jantzen-audio-000-0984.html,27.95
Audyn CO55/1.20/140,"Audyn CO55/1.20/140 | 1,2 mH | 0,22 Ω | 5% | 15 AWG",1.2,0.22,15.0,Air Core,https://www.soundimports.eu/en/audyn-co55-1-20-140.html,29.95
Jantzen Audio 000-0020,"Jantzen Audio 000-0020 | 1,2 mH | 0,27 Ω | 3% | 14 AWG",1.2,0.27,14.0,Air Core,https://www.soundimports.eu/en/jantzen-audio-000-0020.html,32.45
Intertechnik LU62/1.2/140,"Intertechnik LU62/1.2/140 | 1,2 mH | 0,30 Ω | 3% | 15 AWG",1.2,0.3,15.0,Air Core,https://www.soundimports.eu/en/it-intertechnik-lu62-1-2-140.html,32.95
Dayton Audio LW141-2,Dayton Audio LW141-2 | 1.2 mH | 0.29 Ω | 5% | 14 AWG,1.2,0.29,14.0,Air Core,https://www.soundimports.eu/en/dayton-audio-lw141-2.html,34.94
Jantzen Audio 000-L-0120,"Jantzen Audio 000-L-0120 | 1,2 mH | 0,39 Ω | 3% | 15 AWG",1.2,0.39,15.0,Air Core,https://www.soundimports.eu/en/jantzen-audio-000-l-0120.html,35.45
Jantzen Audio 000-6025,"Jantzen Audio 000-6025 | 1,2 mH | 0,06 Ω | 5% | 15 AWG",1.2,0.06,15.0,Air Core,https://www.soundimports.eu/en/jantzen-audio-000-6025.html,37.45
Jantzen Audio 000-7835,"Jantzen Audio 000-7835 | 1,2 mH | 0,35 Ω | 2% | 16 AWG",1.2,0.35,16.0,Air Core,https://www.soundimports.eu/en/jantzen-audio-000-7835.html,37.45
Intertechnik DR56/1.2/140,"Intertechnik DR56/1.2/140 | 1,2 mH | 0,12 Ω | 5% | 15 AWG",1.2,0.12,15.0,Air Core,https://www.soundimports.eu/en/it-intertechnik-dr56-1-2-140.html,38.25
Jantzen Audio 000-0120,"Jantzen Audio 000-0120 | 1,2 mH | 0,22 Ω | 3% | 13 AWG",1.2,0.22,13.0,Air Core,https://www.soundimports.eu/en/jantzen-audio-000-0120.html,40.45
Jantzen Audio 000-8645,"Jantzen Audio 000-8645 | 1,2 mH | 0,43 Ω | 2% | 16 AWG",1.2,0.43,16.0,Air Core,https://www.soundimports.eu/en/jantzen-audio-000-8645.html,41.95
Intertechnik AT62/120/132,"Intertechnik AT62/120/132 | 1,2 mH | 0,38 Ω | 3% | 16 AWG",1.2,0.38,16.0,Air Core,https://www.soundimports.eu/en/it-intertechnik-at62-120-132.html,41.95
"Mundorf CFC16-1,20","Mundorf CFC16-1,20 | 1,20 mH | 0,41 Ω | 2% | 16,5 AWG",1.2,0.41,16.5,Air Core,https://www.soundimports.eu/en/mundorf-cfc16-120.html,44.95
Jantzen Audio 000-7437,"Jantzen Audio 000-7437 | 1,2 mH | 0,29 Ω | 2% | 14 AWG",1.2,0.29,14.0,Air Core,https://www.soundimports.eu/en/jantzen-audio-000-7437.html,53.45
Jantzen Audio 000-8375,"Jantzen Audio 000-8375 | 1,2 mH | 0,30 Ω | 2% | 14 AWG",1.2,0.3,14.0,Air Core,https://www.soundimports.eu/en/jantzen-audio-000-8375.html,55.95
Intertechnik LU92/1.2/200,"Intertechnik LU92/1.2/200 | 1,2 mH | 0,18 Ω | 3% | 12 AWG",1.2,0.18,12.0,Air Core,https://www.soundimports.eu/en/it-intertechnik-lu92-1-2-200.html,61.99
Intertechnik TRI55/1.2/0.50,"Intertechnik TRI55/1.2/0.50 | 1,2 mH | 0,394 Ω | 1% | 7 x 24 AWG",1.2,0.394,7.0,Air Core,https://www.soundimports.eu/en/it-intertechnik-tri55-1-2-0-50.html,64.95
Jantzen Audio 000-7080,"Jantzen Audio 000-7080 | 1,2 mH | 0,21 Ω | 2% | 12 AWG",1.2,0.21,12.0,Air Core,https://www.soundimports.eu/en/jantzen-audio-000-7080.html,82.45
Intertechnik TRI92/1.20/0.60,"Intertechnik TRI92/1.20/0.60 | 1,2 mH | 0,29 Ω | 1% | 7 x 23 AWG",1.2,0.29,7.0,Air Core,https://www.soundimports.eu/en/it-intertechnik-tri92-1-20-0-60.html,86.25
Jantzen Audio 000-8110,"Jantzen Audio 000-8110 | 1,2 mH | 0,22 Ω | 2% | 12 AWG",1.2,0.22,12.0,Air Core,https://www.soundimports.eu/en/jantzen-audio-000-8110.html,88.45
Intertechnik TRI120/1.20/0.80,"Intertechnik TRI120/1.20/0.80  | 1,2 mH | 0,21 Ω | 1% | 7 x 20 AWG",1.2,0.21,7.0,Air Core,https://www.soundimports.eu/en/it-intertechnik-tri120-1-20-0-80.html,149.96
Jantzen Audio 000-1626,"Jantzen Audio 000-1626 | 1,25 mH | 0,61 Ω | 3% | 18 AWG",1.25,0.61,18.0,Air Core,https://www.soundimports.eu/en/jantzen-audio-000-1626.html,13.46
Jantzen Audio 000-0149,"Jantzen Audio 000-0149 | 1,25 mH | 0,42 Ω | 3% | 17 AWG",1.25,0.42,17.0,Air Core,https://www.soundimports.eu/en/jantzen-audio-000-0149.html,18.45
Jantzen Audio 000-1656,"Jantzen Audio 000-1656 | 1,25 mH | 0,34 Ω | 3% | 15 AWG",1.25,0.34,15.0,Air Core,https://www.soundimports.eu/en/jantzen-audio-000-1656.html,24.95
Jantzen Audio 000-7841,"Jantzen Audio 000-7841 | 1,25 mH | 0,40 Ω | 2% | 16 AWG",1.25,0.4,16.0,Air Core,https://www.soundimports.eu/en/jantzen-audio-000-7841.html,38.45
Jantzen Audio 000-7083,"Jantzen Audio 000-7083 | 1,25 mH | 0,21 Ω | 2% | 12 AWG",1.25,0.21,12.0,Air Core,https://www.soundimports.eu/en/jantzen-audio-000-7083.html,85.45
Jantzen Audio 000-8379,"Jantzen Audio 000-8379 | 1,28 mH | 0,31 Ω | 2% | 14 AWG",1.28,0.31,14.0,Air Core,https://www.soundimports.eu/en/jantzen-audio-000-8379.html,56.45
Jantzen Audio 000-5005,"Jantzen Audio 000-5005 | 1,3 mH | 0,17 Ω | 3% | 17 AWG",1.3,0.17,17.0,Air Core,https://www.soundimports.eu/en/jantzen-audio-000-5005.html,13.46
Jantzen Audio 000-1048,"Jantzen Audio 000-1048 | 1,3 mH | 0,61 Ω | 3% | 18 AWG",1.3,0.61,18.0,Air Core,https://www.soundimports.eu/en/jantzen-audio-000-1048.html,14.96
Jantzen Audio 000-1083,"Jantzen Audio 000-1083 | 1,3 mH | 0,43 Ω | 3% | 17 AWG",1.3,0.43,17.0,Air Core,https://www.soundimports.eu/en/jantzen-audio-000-1083.html,18.45
Jantzen Audio 000-5814,"Jantzen Audio 000-5814 | 1,3 mH | 0,079 Ω | 3% | 13 AWG",1.3,0.079,13.0,Air Core,https://www.soundimports.eu/en/jantzen-audio-000-5814.html,21.45
Jantzen Audio 000-0021,"Jantzen Audio 000-0021 | 1,3 mH | 0,28 Ω | 3% | 14 AWG",1.3,0.28,14.0,Air Core,https://www.soundimports.eu/en/jantzen-audio-000-0021.html,32.45
Jantzen Audio 000-0121,"Jantzen Audio 000-0121 | 1,3 mH | 0,23 Ω | 3% | 13 AWG",1.3,0.23,13.0,Air Core,https://www.soundimports.eu/en/jantzen-audio-000-0121.html,42.45
Jantzen Audio 000-8650,"Jantzen Audio 000-8650 | 1,3 mH | 0,44 Ω | 2% | 16 AWG",1.3,0.44,16.0,Air Core,https://www.soundimports.eu/en/jantzen-audio-000-8650.html,43.95
Jantzen Audio 000-8380,"Jantzen Audio 000-8380 | 1,3 mH | 0,32 Ω | 2% | 14 AWG",1.3,0.32,14.0,Air Core,https://www.soundimports.eu/en/jantzen-audio-000-8380.html,59.96
Jantzen Audio 000-7852,"Jantzen Audio 000-7852 | 1,33 mH | 0,43 Ω | 2% | 16 AWG",1.33,0.43,16.0,Air Core,https://www.soundimports.eu/en/jantzen-audio-000-7852.html,40.95
Jantzen Audio 000-5420,"Jantzen Audio 000-5420 | 1,35 mH | 0,21 Ω | 3% | 18 AWG",1.35,0.21,18.0,Air Core,https://www.soundimports.eu/en/jantzen-audio-000-5420.html,9.45
Jantzen Audio 000-1375,"Jantzen Audio 000-1375 | 1,35 mH | 0,63 Ω | 3% | 18 AWG",1.35,0.63,18.0,Air Core,https://www.soundimports.eu/en/jantzen-audio-000-1375.html,14.96
Jantzen Audio 000-1142,"Jantzen Audio 000-1142 | 1,35 mH | 0,31 Ω | 3% | 15 AWG",1.35,0.31,15.0,Air Core,https://www.soundimports.eu/en/jantzen-audio-000-1142.html,24.45
Jantzen Audio 000-7855,"Jantzen Audio 000-7855 | 1,35 mH | 0,44 Ω | 2% | 16 AWG",1.35,0.44,16.0,Air Core,https://www.soundimports.eu/en/jantzen-audio-000-7855.html,40.95
Jantzen Audio 000-8117,"Jantzen Audio 000-8117 | 1,35 mH | 0,23 Ω | 2% | 12 AWG",1.35,0.23,12.0,Air Core,https://www.soundimports.eu/en/jantzen-audio-000-8117.html,91.45
Jantzen Audio 000-2388,"Jantzen Audio 000-2388 | 1,4 mH | 0,28 Ω | 3% | 18 AWG",1.4,0.28,18.0,Air Core,https://www.soundimports.eu/en/jantzen-audio-000-2388.html,9.45
Jantzen Audio 000-2069,"Jantzen Audio 000-2069 | 1,4 mH | 0,22 Ω | 3% | 17 AWG",1.4,0.22,17.0,Air Core,https://www.soundimports.eu/en/jantzen-audio-000-2069.html,11.95
Jantzen Audio 000-0272,"Jantzen Audio 000-0272 | 1,4 mH | 0,60 Ω | 3% | 18 AWG",1.4,0.6,18.0,Air Core,https://www.soundimports.eu/en/jantzen-audio-000-0272.html,12.95
Jantzen Audio 000-5072,"Jantzen Audio 000-5072 | 1,4 mH | 0,12 Ω | 3% | 15 AWG",1.4,0.12,15.0,Air Core,https://www.soundimports.eu/en/jantzen-audio-000-5072.html,14.96
Jantzen Audio 000-1955,"Jantzen Audio 000-1955 | 1,4 mH | 0,65 Ω | 3% | 18 AWG",1.4,0.65,18.0,Air Core,https://www.soundimports.eu/en/jantzen-audio-000-1955.html,15.45
Jantzen Audio 000-1470,"Jantzen Audio 000-1470 | 1,4 mH | 0,37 Ω | 3% | 15 AWG",1.4,0.37,15.0,Air Core,https://www.soundimports.eu/en/jantzen-audio-000-1470.html,25.45
Jantzen Audio 000-0022,"Jantzen Audio 000-0022 | 1,4 mH | 0,29 Ω | 3% | 14 AWG",1.4,0.29,14.0,Air Core,https://www.soundimports.eu/en/jantzen-audio-000-0022.html,34.45
Jantzen Audio 000-L-0140,"Jantzen Audio 000-L-0140 | 1,4 mH | 0,45 Ω | 3% | 15 AWG",1.4,0.45,15.0,Air Core,https://www.soundimports.eu/en/jantzen-audio-000-l-0140.html,36.95
Jantzen Audio 000-0122,"Jantzen Audio 000-0122 | 1,4 mH | 0,238 Ω | 3% | 13 AWG",1.4,0.238,13.0,Air Core,https://www.soundimports.eu/en/jantzen-audio-000-0122.html,42.96
Jantzen Audio 000-8655,"Jantzen Audio 000-8655 | 1,4 mH | 0,47 Ω | 2% | 16 AWG",1.4,0.47,16.0,Air Core,https://www.soundimports.eu/en/jantzen-audio-000-8655.html,43.45
Jantzen Audio 000-7466,"Jantzen Audio 000-7466 | 1,4 mH | 0,27 Ω | 2% | 14 AWG",1.4,0.27,14.0,Air Core,https://www.soundimports.eu/en/jantzen-audio-000-7466.html,58.95
Jantzen Audio 000-8385,"Jantzen Audio 000-8385 | 1,4 mH | 0,32 Ω | 2% | 14 AWG",1.4,0.32,14.0,Air Core,https://www.soundimports.eu/en/jantzen-audio-000-8385.html,60.95
Jantzen Audio 000-7087,"Jantzen Audio 000-7087 | 1,4 mH | 0,23 Ω | 2% | 12 AWG",1.4,0.23,12.0,Air Core,https://www.soundimports.eu/en/jantzen-audio-000-7087.html,89.46
Jantzen Audio 000-8120,"Jantzen Audio 000-8120 | 1,4 mH | 0,24 Ω | 2% | 12 AWG",1.4,0.24,12.0,Air Core,https://www.soundimports.eu/en/jantzen-audio-000-8120.html,93.45
Jantzen Audio 000-1649,"Jantzen Audio 000-1649 | 1,45 mH | 0,65 Ω | 3% | 18 AWG",1.45,0.65,18.0,Air Core,https://www.soundimports.eu/en/jantzen-audio-000-1649.html,13.95
Jantzen Audio 000-1140,"Jantzen Audio 000-1140 | 1,45 mH | 0,46 Ω | 3% | 17 AWG",1.45,0.46,17.0,Air Core,https://www.soundimports.eu/en/jantzen-audio-000-1140.html,19.44
Jantzen Audio 000-2171,"Jantzen Audio 000-2171 | 1,5 mH | 0,33 Ω | 3% | 18 AWG",1.5,0.33,18.0,Air Core,https://www.soundimports.eu/en/jantzen-audio-000-2171.html,9.45
Jantzen Audio 000-2341,"Jantzen Audio 000-2341 | 1,5 mH | 0,26 Ω | 3% | 18 AWG",1.5,0.26,18.0,Air Core,https://www.soundimports.eu/en/jantzen-audio-000-2341.html,9.45
Jantzen Audio 000-5003,"Jantzen Audio 000-5003 | 1,5 mH | 0,23 Ω | 3% | 18 AWG",1.5,0.23,18.0,Air Core,https://www.soundimports.eu/en/jantzen-audio-000-5003.html,9.95
Jantzen Audio 000-5094,"Jantzen Audio 000-5094 | 1,5 mH | 0,20 Ω | 3% | 18 AWG",1.5,0.2,18.0,Air Core,https://www.soundimports.eu/en/jantzen-audio-000-5094.html,10.45
Jantzen Audio 000-2090,"Jantzen Audio 000-2090 | 1,5 mH | 0,32 Ω | 3% | 18 AWG",1.5,0.32,18.0,Air Core,https://www.soundimports.eu/en/jantzen-audio-000-2090.html,10.45
Dayton Audio LW181-5,Dayton Audio LW181-5 | 1.5 mH | 0.64 Ω | 3% | 18 AWG,1.5,0.64,18.0,Air Core,https://www.soundimports.eu/en/dayton-audio-lw181-5.html,12.45
Dayton Audio IC181-5,Dayton Audio IC181-5 | 1.5 mH | 0.24 Ω | 3% | 18 AWG,1.5,0.24,18.0,Air Core,https://www.soundimports.eu/en/dayton-audio-ic181-5.html,12.45
Jantzen Audio 000-1283,"Jantzen Audio 000-1283 | 1,5 mH | 0,64 Ω | 3% | 18 AWG",1.5,0.64,18.0,Air Core,https://www.soundimports.eu/en/jantzen-audio-000-1283.html,13.46
Jantzen Audio 000-2091,"Jantzen Audio 000-2091 | 1,5 mH | 0,24 Ω | 3% | 17 AWG",1.5,0.24,17.0,Air Core,https://www.soundimports.eu/en/jantzen-audio-000-2091.html,13.46
Jantzen Audio 000-2020,"Jantzen Audio 000-2020 | 1,5 mH | 0,25 Ω | 3% | 17 AWG",1.5,0.25,17.0,Air Core,https://www.soundimports.eu/en/jantzen-audio-000-2020.html,13.46
Jantzen Audio 000-1999,"Jantzen Audio 000-1999 | 1,5 mH | 0,68 Ω | 3% | 18 AWG",1.5,0.68,18.0,Air Core,https://www.soundimports.eu/en/jantzen-audio-000-1999.html,14.45
Jantzen Audio 000-5130,"Jantzen Audio 000-5130 | 1,5 mH | 0,19 Ω | 3% | 17 AWG",1.5,0.19,17.0,Air Core,https://www.soundimports.eu/en/jantzen-audio-000-5130.html,14.45
Jantzen Audio 000-1087,"Jantzen Audio 000-1087 | 1,5 mH | 0,67 Ω | 3% | 18 AWG",1.5,0.67,18.0,Air Core,https://www.soundimports.eu/en/jantzen-audio-000-1087.html,15.45
Jantzen Audio 000-5204,"Jantzen Audio 000-5204 | 1,5 mH | 0,14 Ω | 3% | 15 AWG",1.5,0.14,15.0,Air Core,https://www.soundimports.eu/en/jantzen-audio-000-5204.html,15.45
Jantzen Audio 000-2166,"Jantzen Audio 000-2166 | 1,5 mH | 0,15 Ω | 3% | 15 AWG",1.5,0.15,15.0,Air Core,https://www.soundimports.eu/en/jantzen-audio-000-2166.html,16.46
"Mundorf P100-1,5","Mundorf P100-1,5 | 1,5 mH | 0,38 Ω | 3% | 18 AWG",1.5,0.38,18.0,Air Core,https://www.soundimports.eu/en/mundorf-p100-15.html,16.95
"Mundorf L100-1,50","Mundorf L100-1,50 | 1,50 mH | 0,62 Ω | 2% | 18 AWG",1.5,0.62,18.0,Air Core,https://www.soundimports.eu/en/mundorf-l100-150.html,17.94
Jantzen Audio 000-5430,"Jantzen Audio 000-5430 | 1,5 mH | 0,1 Ω | 3% | 14 AWG",1.5,0.1,14.0,Air Core,https://www.soundimports.eu/en/jantzen-audio-000-5430.html,19.44
Jantzen Audio 000-2418,"Jantzen Audio 000-2418 | 1,5 mH | 0,13 Ω | 3% | 14 AWG",1.5,0.13,14.0,Air Core,https://www.soundimports.eu/en/jantzen-audio-000-2418.html,19.95
Jantzen Audio 000-1300,"Jantzen Audio 000-1300 | 1,5 mH | 0,52 Ω | 3% | 17 AWG",1.5,0.52,17.0,Air Core,https://www.soundimports.eu/en/jantzen-audio-000-1300.html,20.45
Jantzen Audio 000-5802,"Jantzen Audio 000-5802 | 1,5 mH | 0,09 Ω | 3% | 13 AWG",1.5,0.09,13.0,Air Core,https://www.soundimports.eu/en/jantzen-audio-000-5802.html,22.45
Intertechnik LU55/1.5/100,"Intertechnik LU55/1.5/100 | 1,5 mH | 0,73 Ω | 3% | 18 AWG",1.5,0.73,18.0,Air Core,https://www.soundimports.eu/en/it-intertechnik-lu55-1-5-100.html,22.95
Intertechnik LUT55/1.5/10,"Intertechnik LUT55/1.5/10 | 1,5 mH | 0,76 Ω | 3% | 18 AWG",1.5,0.76,18.0,Air Core,https://www.soundimports.eu/en/it-intertechnik-lut55-1-5-10.html,23.45
Jantzen Audio 000-1095,"Jantzen Audio 000-1095 | 1,5 mH | 0,37 Ω | 3% | 15 AWG",1.5,0.37,15.0,Air Core,https://www.soundimports.eu/en/jantzen-audio-000-1095.html,26.45
Jantzen Audio 000-1469,"Jantzen Audio 000-1469 | 1,5 mH | 0,38 Ω | 3% | 15 AWG",1.5,0.38,15.0,Air Core,https://www.soundimports.eu/en/jantzen-audio-000-1469.html,27.45
Audyn CO62/1.50/140,"Audyn CO62/1.50/140 | 1,5 mH | 0,24 Ω | 5% | 15 AWG",1.5,0.24,15.0,Air Core,https://www.soundimports.eu/en/audyn-co62-1-50-140.html,32.95
Jantzen Audio 000-0023,"Jantzen Audio 000-0023 | 1,5 mH | 0,305 Ω | 3% | 14 AWG",1.5,0.305,14.0,Air Core,https://www.soundimports.eu/en/jantzen-audio-000-0023.html,34.94
Intertechnik HQ58/1.5/160,"Intertechnik HQ58/1.5/160 | 1,5 mH | 0,07 Ω | 5% | 14 AWG",1.5,0.07,14.0,Air Core,https://www.soundimports.eu/en/it-intertechnik-hq58-1-5-160.html,36.45
Intertechnik DR56/1.5/140,"Intertechnik DR56/1.5/140 | 1,5 mH | 0,122 Ω | 5% | 15 AWG",1.5,0.122,15.0,Air Core,https://www.soundimports.eu/en/it-intertechnik-dr56-1-5-140.html,36.95
Intertechnik LU62/1.5/140,"Intertechnik LU62/1.5/140 | 1,5 mH | 0,34 Ω | 3% | 15 AWG",1.5,0.34,15.0,Air Core,https://www.soundimports.eu/en/it-intertechnik-lu62-1-5-140.html,38.45
Jantzen Audio 000-L-0150,"Jantzen Audio 000-L-0150 | 1,5 mH | 0,45 Ω | 3% | 15 AWG",1.5,0.45,15.0,Air Core,https://www.soundimports.eu/en/jantzen-audio-000-l-0150.html,39.45
Intertechnik AT62/150/132,"Intertechnik AT62/150/132 | 1,5 mH | 0,43 Ω | 3% | 16 AWG",1.5,0.43,16.0,Air Core,https://www.soundimports.eu/en/it-intertechnik-at62-150-132.html,44.95
Jantzen Audio 000-0123,"Jantzen Audio 000-0123 | 1,5 mH | 0,245 Ω | 3% | 13 AWG",1.5,0.245,13.0,Air Core,https://www.soundimports.eu/en/jantzen-audio-000-0123.html,45.45
Jantzen Audio 000-7860,"Jantzen Audio 000-7860 | 1,5 mH | 0,44 Ω | 2% | 16 AWG",1.5,0.44,16.0,Air Core,https://www.soundimports.eu/en/jantzen-audio-000-7860.html,45.45
Jantzen Audio 000-8660,"Jantzen Audio 000-8660 | 1,5 mH | 0,48 Ω | 2% | 16 AWG",1.5,0.48,16.0,Air Core,https://www.soundimports.eu/en/jantzen-audio-000-8660.html,46.45
Jantzen Audio 000-6035,"Jantzen Audio 000-6035 | 1,5 mH | 0,05 Ω | 5% | 14 AWG",1.5,0.05,14.0,Air Core,https://www.soundimports.eu/en/jantzen-audio-000-6035.html,47.44
"Mundorf CFC16-1,50","Mundorf CFC16-1,50 | 1,50 mH | 0,47 Ω | 2% | 16,5 AWG",1.5,0.47,16.5,Air Core,https://www.soundimports.eu/en/mundorf-cfc16-150.html,49.95
Dayton Audio LW141-5,Dayton Audio LW141-5 | 1.5 mH | 0.32 Ω | 5% | 14 AWG,1.5,0.32,14.0,Air Core,https://www.soundimports.eu/en/dayton-audio-lw141-5.html,53.45
Jantzen Audio 000-6045,"Jantzen Audio 000-6045 | 1,5 mH | 0,03 Ω | 5% | 12 AWG",1.5,0.03,12.0,Air Core,https://www.soundimports.eu/en/jantzen-audio-000-6045.html,59.45
Jantzen Audio 000-8390,"Jantzen Audio 000-8390 | 1,5 mH | 0,34 Ω | 2% | 14 AWG",1.5,0.34,14.0,Air Core,https://www.soundimports.eu/en/jantzen-audio-000-8390.html,62.45
Jantzen Audio 000-7468,"Jantzen Audio 000-7468 | 1,5 mH | 0,34 Ω | 2% | 14 AWG",1.5,0.34,14.0,Air Core,https://www.soundimports.eu/en/jantzen-audio-000-7468.html,62.45
Intertechnik TRI92/1.5/0.50,"Intertechnik TRI92/1.5/0.50 | 1,5 mH | 0,445 Ω | 1% | 7 x 24 AWG",1.5,0.445,7.0,Air Core,https://www.soundimports.eu/en/it-intertechnik-tri92-1-5-0-50.html,66.95
Intertechnik LU92/1.5/200,"Intertechnik LU92/1.5/200 | 1,5 mH | 0,21 Ω | 3% | 12 AWG",1.5,0.21,12.0,Air Core,https://www.soundimports.eu/en/it-intertechnik-lu92-1-5-200.html,68.95
"Mundorf CFC14-1,50","Mundorf CFC14-1,50 | 1,50 mH | 0,33 Ω | 2% | 14 AWG",1.5,0.33,14.0,Air Core,https://www.soundimports.eu/en/mundorf-cfc14-150.html,79.94
Intertechnik TRI92/1.50/0.60,"Intertechnik TRI92/1.50/0.60 | 1,5 mH | 0,33 Ω | 1% | 7 x 23 AWG",1.5,0.33,7.0,Air Core,https://www.soundimports.eu/en/it-intertechnik-tri92-1-50-0-60.html,93.94
Jantzen Audio 000-7090,"Jantzen Audio 000-7090 | 1,5 mH | 0,24 Ω | 2% | 12 AWG",1.5,0.24,12.0,Air Core,https://www.soundimports.eu/en/jantzen-audio-000-7090.html,99.95
Jantzen Audio 000-8125,"Jantzen Audio 000-8125 | 1,5 mH | 0,25 Ω | 2% | 12 AWG",1.5,0.25,12.0,Air Core,https://www.soundimports.eu/en/jantzen-audio-000-8125.html,102.45
Intertechnik TRI120/1.50/0.80,"Intertechnik TRI120/1.50/0.80 | 1,5 mH | 0,24 Ω | 1% | 7 x 20 AWG",1.5,0.24,7.0,Air Core,https://www.soundimports.eu/en/it-intertechnik-tri120-1-50-0-80.html,159.95
Jantzen Audio 000-2389,"Jantzen Audio 000-2389 | 1,6 mH | 0,3 Ω | 3% | 18 AWG",1.6,0.3,18.0,Air Core,https://www.soundimports.eu/en/jantzen-audio-000-2389.html,9.45
Jantzen Audio 000-5248,"Jantzen Audio 000-5248 | 1,6 mH | 0,21 Ω | 3% | 18 AWG",1.6,0.21,18.0,Air Core,https://www.soundimports.eu/en/jantzen-audio-000-5248.html,10.45
Jantzen Audio 000-2053,"Jantzen Audio 000-2053 | 1,6 mH | 0,23 Ω | 3% | 17 AWG",1.6,0.23,17.0,Air Core,https://www.soundimports.eu/en/jantzen-audio-000-2053.html,12.45
Jantzen Audio 000-1943,"Jantzen Audio 000-1943 | 1,6 mH | 0,65 Ω | 3% | 18 AWG",1.6,0.65,18.0,Air Core,https://www.soundimports.eu/en/jantzen-audio-000-1943.html,15.45
Jantzen Audio 000-5444,"Jantzen Audio 000-5444 | 1,6 mH | 0,13 Ω | 3% | 15 AWG",1.6,0.13,15.0,Air Core,https://www.soundimports.eu/en/jantzen-audio-000-5444.html,16.95
Jantzen Audio 000-1425,"Jantzen Audio 000-1425 | 1,6 mH | 0,52 Ω | 3% | 17 AWG",1.6,0.52,17.0,Air Core,https://www.soundimports.eu/en/jantzen-audio-000-1425.html,19.95
Jantzen Audio 000-1156,"Jantzen Audio 000-1156 | 1,6 mH | 0,40 Ω | 3% | 15 AWG",1.6,0.4,15.0,Air Core,https://www.soundimports.eu/en/jantzen-audio-000-1156.html,26.95
Jantzen Audio 000-0024,"Jantzen Audio 000-0024 | 1,6 mH | 0,31 Ω | 3% | 14 AWG",1.6,0.31,14.0,Air Core,https://www.soundimports.eu/en/jantzen-audio-000-0024.html,37.45
Jantzen Audio 000-7865,"Jantzen Audio 000-7865 | 1,6 mH | 0,49 Ω | 2% | 16 AWG",1.6,0.49,16.0,Air Core,https://www.soundimports.eu/en/jantzen-audio-000-7865.html,45.45
Jantzen Audio 000-8662,"Jantzen Audio 000-8662 | 1,6 mH | 0,50 Ω | 2% | 16 AWG",1.6,0.5,16.0,Air Core,https://www.soundimports.eu/en/jantzen-audio-000-8662.html,47.44
Jantzen Audio 000-8392,"Jantzen Audio 000-8392 | 1,6 mH | 0,36 Ω | 2% | 14 AWG",1.6,0.36,14.0,Air Core,https://www.soundimports.eu/en/jantzen-audio-000-8392.html,62.45
Jantzen Audio 000-7470,"Jantzen Audio 000-7470 | 1,6 mH | 0,33 Ω | 2% | 14 AWG",1.6,0.33,14.0,Air Core,https://www.soundimports.eu/en/jantzen-audio-000-7470.html,64.44
Jantzen Audio 000-8126,"Jantzen Audio 000-8126 | 1,6 mH | 0,25 Ω | 2% | 12 AWG",1.6,0.25,12.0,Air Core,https://www.soundimports.eu/en/jantzen-audio-000-8126.html,100.45
Jantzen Audio 000-7868,"Jantzen Audio 000-7868 | 1,62 mH | 0,50 Ω | 2% | 16 AWG",1.62,0.5,16.0,Air Core,https://www.soundimports.eu/en/jantzen-audio-000-7868.html,45.45
Jantzen Audio 000-1516,"Jantzen Audio 000-1516 | 1,7 mH | 0,72 Ω | 3% | 18 AWG",1.7,0.72,18.0,Air Core,https://www.soundimports.eu/en/jantzen-audio-000-1516.html,14.96
Jantzen Audio 000-0025,"Jantzen Audio 000-0025 | 1,7 mH | 0,332 Ω | 3% | 14 AWG",1.7,0.332,14.0,Air Core,https://www.soundimports.eu/en/jantzen-audio-000-0025.html,38.45
Jantzen Audio 000-7872,"Jantzen Audio 000-7872 | 1,7 mH | 0,51 Ω | 2% | 16 AWG",1.7,0.51,16.0,Air Core,https://www.soundimports.eu/en/jantzen-audio-000-7872.html,45.45
Jantzen Audio 000-0125,"Jantzen Audio 000-0125 | 1,7 mH | 0,27 Ω | 3% | 13 AWG",1.7,0.27,13.0,Air Core,https://www.soundimports.eu/en/jantzen-audio-000-0125.html,46.45
Jantzen Audio 000-8393,"Jantzen Audio 000-8393 | 1,7 mH | 0,37 Ω | 2% | 14 AWG",1.7,0.37,14.0,Air Core,https://www.soundimports.eu/en/jantzen-audio-000-8393.html,62.45
Jantzen Audio 000-8128,"Jantzen Audio 000-8128 | 1,7 mH | 0,26 Ω | 2% | 12 AWG",1.7,0.26,12.0,Air Core,https://www.soundimports.eu/en/jantzen-audio-000-8128.html,104.45
Jantzen Audio 000-5586,"Jantzen Audio 000-5586 | 1,75 mH | 0,24 Ω | 3% | 18 AWG",1.75,0.24,18.0,Air Core,https://www.soundimports.eu/en/jantzen-audio-000-5586.html,9.95
Jantzen Audio 000-0157,"Jantzen Audio 000-0157 | 1,75 mH | 0,69 Ω | 3% | 18 AWG",1.75,0.69,18.0,Air Core,https://www.soundimports.eu/en/jantzen-audio-000-0157.html,15.95
Jantzen Audio 000-5200,"Jantzen Audio 000-5200 | 1,8 mH | 0,26 Ω | 3% | 18 AWG",1.8,0.26,18.0,Air Core,https://www.soundimports.eu/en/jantzen-audio-000-5200.html,9.45
Jantzen Audio 000-2340,"Jantzen Audio 000-2340 | 1,8 mH | 0,293 Ω | 3% | 18 AWG",1.8,0.293,18.0,Air Core,https://www.soundimports.eu/en/jantzen-audio-000-2340.html,10.45
Jantzen Audio 000-5199,"Jantzen Audio 000-5199 | 1,8 mH | 0,22 Ω | 3% | 18 AWG",1.8,0.22,18.0,Air Core,https://www.soundimports.eu/en/jantzen-audio-000-5199.html,10.45
Jantzen Audio 000-2390,"Jantzen Audio 000-2390 | 1,8 mH | 0,33 Ω | 3% | 18 AWG",1.8,0.33,18.0,Air Core,https://www.soundimports.eu/en/jantzen-audio-000-2390.html,10.45
Jantzen Audio 000-5008,"Jantzen Audio 000-5008 | 1,8 mH | 0,27 Ω | 3% | 18 AWG",1.8,0.27,18.0,Air Core,https://www.soundimports.eu/en/jantzen-audio-000-5008.html,12.45
Jantzen Audio 000-5151,"Jantzen Audio 000-5151 | 1,8 mH | 0,17 Ω | 3% | 17 AWG",1.8,0.17,17.0,Air Core,https://www.soundimports.eu/en/jantzen-audio-000-5151.html,12.95
Jantzen Audio 000-2039,"Jantzen Audio 000-2039 | 1,8 mH | 0,23 Ω | 3% | 17 AWG",1.8,0.23,17.0,Air Core,https://www.soundimports.eu/en/jantzen-audio-000-2039.html,13.95
Jantzen Audio 000-5009,"Jantzen Audio 000-5009 | 1,8 mH | 0,20 Ω | 3% | 17 AWG",1.8,0.2,17.0,Air Core,https://www.soundimports.eu/en/jantzen-audio-000-5009.html,14.96
Jantzen Audio 000-1290,"Jantzen Audio 000-1290 | 1,8 mH | 0,70 Ω | 3% | 18 AWG",1.8,0.7,18.0,Air Core,https://www.soundimports.eu/en/jantzen-audio-000-1290.html,14.96
Jantzen Audio 000-1942,"Jantzen Audio 000-1942 | 1,8 mH | 0,71 Ω | 3% | 18 AWG",1.8,0.71,18.0,Air Core,https://www.soundimports.eu/en/jantzen-audio-000-1942.html,15.95
Jantzen Audio 000-1131,"Jantzen Audio 000-1131 | 1,8 mH | 0,74 Ω | 3% | 18 AWG",1.8,0.74,18.0,Air Core,https://www.soundimports.eu/en/jantzen-audio-000-1131.html,16.46
Jantzen Audio 000-5355,"Jantzen Audio 000-5355 | 1,8 mH | 0,13 Ω | 3% | 15 AWG",1.8,0.13,15.0,Air Core,https://www.soundimports.eu/en/jantzen-audio-000-5355.html,17.45
"Mundorf VP100-1,8","Mundorf VP100-1,8 | 1,8 mH | 0,42 Ω | 3% | 18 AWG",1.8,0.42,18.0,Air Core,https://www.soundimports.eu/en/mundorf-vp100-18.html,17.94
"Mundorf L100-1,80","Mundorf L100-1,80 | 1,80 mH | 0,70 Ω | 2% | 18 AWG",1.8,0.7,18.0,Air Core,https://www.soundimports.eu/en/mundorf-l100-180.html,19.95
Jantzen Audio 000-1132,"Jantzen Audio 000-1132 | 1,8 mH | 0,55 Ω | 3% | 17 AWG",1.8,0.55,17.0,Air Core,https://www.soundimports.eu/en/jantzen-audio-000-1132.html,21.45
Jantzen Audio 000-5804,"Jantzen Audio 000-5804 | 1,8 mH | 0,085 Ω | 3% | 13 AWG",1.8,0.085,13.0,Air Core,https://www.soundimports.eu/en/jantzen-audio-000-5804.html,23.45
Intertechnik LUT55/1.8/10,"Intertechnik LUT55/1.8/10 | 1,8 mH | 0,84 Ω | 3% | 18 AWG",1.8,0.84,18.0,Air Core,https://www.soundimports.eu/en/it-intertechnik-lut55-1-8-10.html,23.95
Intertechnik LU55/1.8/100,"Intertechnik LU55/1.8/100 | 1,8 mH | 0,79 Ω | 3% | 18 AWG",1.8,0.79,18.0,Air Core,https://www.soundimports.eu/en/it-intertechnik-lu55-1-8-100.html,24.45
Jantzen Audio 000-1484,"Jantzen Audio 000-1484 | 1,8 mH | 0,42 Ω | 3% | 15 AWG",1.8,0.42,15.0,Air Core,https://www.soundimports.eu/en/jantzen-audio-000-1484.html,28.45
Jantzen Audio 000-0935,"Jantzen Audio 000-0935 | 1,8 mH | 0,44 Ω | 3% | 15 AWG",1.8,0.44,15.0,Air Core,https://www.soundimports.eu/en/jantzen-audio-000-0935.html,31.45
Jantzen Audio 000-L-0180,"Jantzen Audio 000-L-0180 | 1,8 mH | 0,49 Ω | 3% | 15 AWG",1.8,0.49,15.0,Air Core,https://www.soundimports.eu/en/jantzen-audio-000-l-0180.html,35.45
Intertechnik HQ58/1.8/160,"Intertechnik HQ58/1.8/160 | 1,8 mH | 0,08 Ω | 5% | 14 AWG",1.8,0.08,14.0,Air Core,https://www.soundimports.eu/en/it-intertechnik-hq58-1-8-160.html,37.45
Audyn CO62/1.80/140,"Audyn CO62/1.80/140 | 1,8 mH | 0,27 Ω | 5% | 15 AWG",1.8,0.27,15.0,Air Core,https://www.soundimports.eu/en/audyn-co62-1-80-140.html,38.45
Jantzen Audio 000-0026,"Jantzen Audio 000-0026 | 1,8 mH | 0,33 Ω | 3% | 14 AWG",1.8,0.33,14.0,Air Core,https://www.soundimports.eu/en/jantzen-audio-000-0026.html,39.45
Intertechnik DR56/1.8/140,"Intertechnik DR56/1.8/140 | 1,8 mH | 0,138 Ω | 5% | 15 AWG",1.8,0.138,15.0,Air Core,https://www.soundimports.eu/en/it-intertechnik-dr56-1-8-140.html,39.95
Intertechnik LU62/1.8/140,"Intertechnik LU62/1.8/140 | 1,8 mH | 0,38 Ω | 3% | 15 AWG",1.8,0.38,15.0,Air Core,https://www.soundimports.eu/en/it-intertechnik-lu62-1-8-140.html,41.95
Jantzen Audio 000-7875,"Jantzen Audio 000-7875 | 1,8 mH | 0,48 Ω | 2% | 16 AWG",1.8,0.48,16.0,Air Core,https://www.soundimports.eu/en/jantzen-audio-000-7875.html,46.45
Jantzen Audio 000-0126,"Jantzen Audio 000-0126 | 1,8 mH | 0,28 Ω | 3% | 13 AWG",1.8,0.28,13.0,Air Core,https://www.soundimports.eu/en/jantzen-audio-000-0126.html,46.95
Jantzen Audio 000-8665,"Jantzen Audio 000-8665 | 1,8 mH | 0,53 Ω | 2% | 16 AWG",1.8,0.53,16.0,Air Core,https://www.soundimports.eu/en/jantzen-audio-000-8665.html,48.45
Intertechnik AT62/180/132,"Intertechnik AT62/180/132 | 1,8 mH | 0,47 Ω | 3% | 16 AWG",1.8,0.47,16.0,Air Core,https://www.soundimports.eu/en/it-intertechnik-at62-180-132.html,51.95
"Mundorf CFC16-1,80","Mundorf CFC16-1,80 | 1,80 mH | 0,50 Ω | 2% | 16,5 AWG",1.8,0.5,16.5,Air Core,https://www.soundimports.eu/en/mundorf-cfc16-180.html,54.95
Jantzen Audio 000-7476,"Jantzen Audio 000-7476 | 1,8 mH | 0,36 Ω | 2% | 14 AWG",1.8,0.36,14.0,Air Core,https://www.soundimports.eu/en/jantzen-audio-000-7476.html,59.96
Jantzen Audio 000-8395,"Jantzen Audio 000-8395 | 1,8 mH | 0,38 Ω | 2% | 14 AWG",1.8,0.38,14.0,Air Core,https://www.soundimports.eu/en/jantzen-audio-000-8395.html,64.44
Intertechnik TRI92/1.8/0.50,"Intertechnik TRI92/1.8/0.50 | 1,8 mH | 0,494 Ω | 1% | 7 x 24 AWG",1.8,0.494,7.0,Air Core,https://www.soundimports.eu/en/it-intertechnik-tri92-1-8-0-50.html,70.95
"Mundorf CFC14-1,80","Mundorf CFC14-1,80 | 1,80 mH | 0,36 Ω | 2% | 14 AWG",1.8,0.36,14.0,Air Core,https://www.soundimports.eu/en/mundorf-cfc14-180.html,89.95
Intertechnik TRI92/1.80/0.60,"Intertechnik TRI92/1.80/0.60 | 1,8 mH | 0,37 Ω | 1% | 7 x 23 AWG",1.8,0.37,7.0,Air Core,https://www.soundimports.eu/en/it-intertechnik-tri92-1-80-0-60.html,97.95
Intertechnik LU120/1.8/20,"Intertechnik LU120/1.8/20 | 1,8 mH | 0,25 Ω | 3% | 12 AWG",1.8,0.25,12.0,Air Core,https://www.soundimports.eu/en/it-intertechnik-lu120-1-8-20.html,102.45
Jantzen Audio 000-7095,"Jantzen Audio 000-7095 | 1,8 mH | 0,26 Ω | 2% | 12 AWG",1.8,0.26,12.0,Air Core,https://www.soundimports.eu/en/jantzen-audio-000-7095.html,103.95
Jantzen Audio 000-8130,"Jantzen Audio 000-8130 | 1,8 mH | 0,26 Ω | 2% | 12 AWG",1.8,0.26,12.0,Air Core,https://www.soundimports.eu/en/jantzen-audio-000-8130.html,104.96
Intertechnik TRI120/1.80/0.80,"Intertechnik TRI120/1.80/0.80 | 1,8 mH | 0,27 Ω | 1% | 7 x 20 AWG",1.8,0.27,7.0,Air Core,https://www.soundimports.eu/en/it-intertechnik-tri120-1-80-0-80.html,169.94
Jantzen Audio 000-0160,"Jantzen Audio 000-0160 | 1,85 mH | 0,45 Ω | 3% | 15 AWG",1.85,0.45,15.0,Air Core,https://www.soundimports.eu/en/jantzen-audio-000-0160.html,31.96
Jantzen Audio 000-1377,"Jantzen Audio 000-1377 | 1,87 mH | 0,76 Ω | 3% | 18 AWG",1.87,0.76,18.0,Air Core,https://www.soundimports.eu/en/jantzen-audio-000-1377.html,15.95
Jantzen Audio 000-2038,"Jantzen Audio 000-2038 | 1,9 mH | 0,23 Ω | 3% | 17 AWG",1.9,0.23,17.0,Air Core,https://www.soundimports.eu/en/jantzen-audio-000-2038.html,14.45
Jantzen Audio 000-2412,"Jantzen Audio 000-2412 | 1,9 mH | 0,181 Ω | 3% | 15 AWG",1.9,0.181,15.0,Air Core,https://www.soundimports.eu/en/jantzen-audio-000-2412.html,16.46
Jantzen Audio 000-0127,"Jantzen Audio 000-0127 | 1,9 mH | 0,32 Ω | 3% | 13 AWG",1.9,0.32,13.0,Air Core,https://www.soundimports.eu/en/jantzen-audio-000-0127.html,53.45
Jantzen Audio 000-2379,"Jantzen Audio 000-2379 | 2,0 mH | 0,40 Ω | 3% | 18 AWG",2.0,0.4,18.0,Air Core,https://www.soundimports.eu/en/jantzen-audio-000-2379.html,11.45
Jantzen Audio 000-5275,"Jantzen Audio 000-5275 | 2,0 mH | 0,28 Ω | 3% | 18 AWG",2.0,0.28,18.0,Air Core,https://www.soundimports.eu/en/jantzen-audio-000-5275.html,12.45
Dayton Audio IC182,Dayton Audio IC182 | 2.0 mH| 0.29 Ω | 3% | 18 AWG,2.0,0.29,18.0,Air Core,https://www.soundimports.eu/en/dayton-audio-ic182.html,13.95
Jantzen Audio 000-2095,"Jantzen Audio 000-2095 | 2,0 mH | 0,30 Ω | 3% | 17 AWG",2.0,0.3,17.0,Air Core,https://www.soundimports.eu/en/jantzen-audio-000-2095.html,14.45
Jantzen Audio 000-5276,"Jantzen Audio 000-5276 | 2 mH | 0,22 Ω | 3% | 17 AWG",2.0,0.22,17.0,Air Core,https://www.soundimports.eu/en/jantzen-audio-000-5276.html,15.45
Jantzen Audio 000-1063,"Jantzen Audio 000-1063 | 2 mH | 0,81 Ω | 3% | 18 AWG",2.0,0.81,18.0,Air Core,https://www.soundimports.eu/en/jantzen-audio-000-1063.html,16.46
Jantzen Audio 000-2068,"Jantzen Audio 000-2068 | 2,0 mH | 0,185 Ω | 3% | 15 AWG",2.0,0.185,15.0,Air Core,https://www.soundimports.eu/en/jantzen-audio-000-2068.html,17.94
"Mundorf VP100-2,0","Mundorf VP100-2,0 | 2,0 mH | 0,45 Ω | 3% | 18 AWG",2.0,0.45,18.0,Air Core,https://www.soundimports.eu/en/mundorf-vp100-20.html,18.45
Dayton Audio LW182,Dayton Audio LW182 | 2.0 mH | 0.79 Ω | 3% | 18 AWG,2.0,0.79,18.0,Air Core,https://www.soundimports.eu/en/dayton-audio-lw182.html,18.45
"Mundorf L100-2,00","Mundorf L100-2,00 | 2,00 mH | 0,74 Ω | 2% | 18 AWG",2.0,0.74,18.0,Air Core,https://www.soundimports.eu/en/mundorf-l100-200.html,18.45
Jantzen Audio 000-1946,"Jantzen Audio 000-1946 | 2 mH | 0,58 Ω | 3% | 17 AWG",2.0,0.58,17.0,Air Core,https://www.soundimports.eu/en/jantzen-audio-000-1946.html,21.95
Jantzen Audio 000-5811,"Jantzen Audio 000-5811 | 2 mH | 0,1 Ω | 3% | 13 AWG",2.0,0.1,13.0,Air Core,https://www.soundimports.eu/en/jantzen-audio-000-5811.html,24.95
Jantzen Audio 000-1245,"Jantzen Audio 000-1245 | 2,0 mH | 0,444 Ω | 3% | 15 AWG",2.0,0.444,15.0,Air Core,https://www.soundimports.eu/en/jantzen-audio-000-1245.html,30.95
Jantzen Audio 000-1097,"Jantzen Audio 000-1097 | 2 mH | 0,45 Ω | 3% | 15 AWG",2.0,0.45,15.0,Air Core,https://www.soundimports.eu/en/jantzen-audio-000-1097.html,30.95
Jantzen Audio 000-1166,"Jantzen Audio 000-1166 | 2,0 mH | 0,50 Ω | 3% | 15 AWG",2.0,0.5,15.0,Air Core,https://www.soundimports.eu/en/jantzen-audio-000-1166.html,35.45
Jantzen Audio 000-0027,"Jantzen Audio 000-0027 | 2,0 mH | 0,363 Ω | 3% | 14 AWG",2.0,0.363,14.0,Air Core,https://www.soundimports.eu/en/jantzen-audio-000-0027.html,41.45
Intertechnik LU78/2.0/140,"Intertechnik LU78/2.0/140 | 2,0 mH | 0,41 Ω | 3% | 15 AWG",2.0,0.41,15.0,Air Core,https://www.soundimports.eu/en/it-intertechnik-lu78-2-0-140.html,43.45
Jantzen Audio 000-7880,"Jantzen Audio 000-7880 | 2,0 mH | 0,53 Ω | 2% | 16 AWG",2.0,0.53,16.0,Air Core,https://www.soundimports.eu/en/jantzen-audio-000-7880.html,46.45
Jantzen Audio 000-8675,"Jantzen Audio 000-8675 | 2,0 mH | 0,57 Ω | 2% | 16 AWG",2.0,0.57,16.0,Air Core,https://www.soundimports.eu/en/jantzen-audio-000-8675.html,49.0
Jantzen Audio 000-0128,"Jantzen Audio 000-0128 | 2 mH | 0,33 Ω | 3% | 13 AWG",2.0,0.33,13.0,Air Core,https://www.soundimports.eu/en/jantzen-audio-000-0128.html,55.45
Dayton Audio LW142,Dayton Audio LW142 | 2.0 mH | 0.38 Ω | 5% | 14 AWG,2.0,0.38,14.0,Air Core,https://www.soundimports.eu/en/dayton-audio-lw142.html,56.95
Jantzen Audio 000-7482,"Jantzen Audio 000-7482 | 2 mH | 0,38 Ω | 2% | 14 AWG",2.0,0.38,14.0,Air Core,https://www.soundimports.eu/en/jantzen-audio-000-7482.html,71.45
Jantzen Audio 000-8405,"Jantzen Audio 000-8405 | 2,0 mH | 0,40 Ω | 2% | 14 AWG",2.0,0.4,14.0,Air Core,https://www.soundimports.eu/en/jantzen-audio-000-8405.html,73.45
Intertechnik TRI92/2.00/0.60,"Intertechnik TRI92/2.00/0.60 | 2,0 mH | 0,40 Ω | 1% | 7 x 23 AWG",2.0,0.4,7.0,Air Core,https://www.soundimports.eu/en/it-intertechnik-tri92-2-00-0-60.html,108.45
Jantzen Audio 000-8140,"Jantzen Audio 000-8140 | 2,0 mH | 0,28 Ω | 2% | 12 AWG",2.0,0.28,12.0,Air Core,https://www.soundimports.eu/en/jantzen-audio-000-8140.html,120.46
Intertechnik TRI92/2.0/0.50,"Intertechnik TRI92/2.0/0.50 | 2,0 mH | 0,50 Ω | 1% | 7 x 24 AWG",2.0,0.5,7.0,Air Core,https://www.soundimports.eu/en/it-intertechnik-tri92-2-0-0-50.html,121.25
Intertechnik TRI120/2.00/0.80,"Intertechnik TRI120/2.00/0.80 | 2,0 mH | 0,29 Ω | 1% | 7 x 20 AWG",2.0,0.29,7.0,Air Core,https://www.soundimports.eu/en/it-intertechnik-tri120-2-00-0-80.html,179.95
Jantzen Audio 000-2361,"Jantzen Audio 000-2361 | 2,1 mH | 0,38 Ω | 3% | 18 AWG",2.1,0.38,18.0,Air Core,https://www.soundimports.eu/en/jantzen-audio-000-2361.html,11.45
Jantzen Audio 000-2415,"Jantzen Audio 000-2415 | 2,1 mH | 0,19 Ω | 3% | 15 AWG",2.1,0.19,15.0,Air Core,https://www.soundimports.eu/en/jantzen-audio-000-2415.html,18.45
Jantzen Audio 000-1844,"Jantzen Audio 000-1844 | 2,1 mH | 0,60 Ω | 3% | 17 AWG",2.1,0.6,17.0,Air Core,https://www.soundimports.eu/en/jantzen-audio-000-1844.html,22.45
Jantzen Audio 000-8680,"Jantzen Audio 000-8680 | 2,1 mH | 0,57 Ω | 2% | 16 AWG",2.1,0.57,16.0,Air Core,https://www.soundimports.eu/en/jantzen-audio-000-8680.html,49.45
Jantzen Audio 000-8410,"Jantzen Audio 000-8410 | 2,1 mH | 0,41 Ω | 2% | 14 AWG",2.1,0.41,14.0,Air Core,https://www.soundimports.eu/en/jantzen-audio-000-8410.html,74.45
Jantzen Audio 000-8145,"Jantzen Audio 000-8145 | 2,1 mH | 0,29 Ω | 2% | 12 AWG",2.1,0.29,12.0,Air Core,https://www.soundimports.eu/en/jantzen-audio-000-8145.html,123.44
Jantzen Audio 000-5224,"Jantzen Audio 000-5224 | 2,2 mH | 0,26 Ω | 3% | 18 AWG",2.2,0.26,18.0,Air Core,https://www.soundimports.eu/en/jantzen-audio-000-5224.html,10.45
Jantzen Audio 000-2339,"Jantzen Audio 000-2339 | 2,2 mH | 0,34 Ω | 3% | 18 AWG",2.2,0.34,18.0,Air Core,https://www.soundimports.eu/en/jantzen-audio-000-2339.html,10.45
Jantzen Audio 000-2060,"Jantzen Audio 000-2060 | 2,2 mH | 0,40 Ω | 3% | 18 AWG",2.2,0.4,18.0,Air Core,https://www.soundimports.eu/en/jantzen-audio-000-2060.html,11.45
Jantzen Audio 000-5263,"Jantzen Audio 000-5263 | 2,2 mH | 0,26 Ω | 3% | 18 AWG",2.2,0.26,18.0,Air Core,https://www.soundimports.eu/en/jantzen-audio-000-5263.html,11.95
Jantzen Audio 000-5279,"Jantzen Audio 000-5279 | 2,2 mH | 0,24 Ω | 3% | 17 AWG",2.2,0.24,17.0,Air Core,https://www.soundimports.eu/en/jantzen-audio-000-5279.html,14.45
Jantzen Audio 000-1065,"Jantzen Audio 000-1065 | 2,2 mH | 0,84 Ω | 3% | 18 AWG",2.2,0.84,18.0,Air Core,https://www.soundimports.eu/en/jantzen-audio-000-1065.html,16.95
Jantzen Audio 000-1941,"Jantzen Audio 000-1941 | 2,2 mH | 0,8 Ω | 3% | 18 AWG",2.2,0.8,18.0,Air Core,https://www.soundimports.eu/en/jantzen-audio-000-1941.html,17.45
Jantzen Audio 000-5010,"Jantzen Audio 000-5010 | 2,2 mH | 0,15 Ω | 3% | 15 AWG",2.2,0.15,15.0,Air Core,https://www.soundimports.eu/en/jantzen-audio-000-5010.html,18.45
Jantzen Audio 000-2067,"Jantzen Audio 000-2067 | 2,2 mH | 0,2 Ω | 3% | 15 AWG",2.2,0.2,15.0,Air Core,https://www.soundimports.eu/en/jantzen-audio-000-2067.html,18.45
"Mundorf VP100-2,2","Mundorf VP100-2,2 | 2,2 mH | 0,47 Ω | 3% | 18 AWG",2.2,0.47,18.0,Air Core,https://www.soundimports.eu/en/mundorf-vp100-22.html,19.95
Jantzen Audio 000-5428,"Jantzen Audio 000-5428 | 2,2 mH | 0,12 Ω | 3% | 14 AWG",2.2,0.12,14.0,Air Core,https://www.soundimports.eu/en/jantzen-audio-000-5428.html,20.95
"Mundorf L100-2,20","Mundorf L100-2,20 | 2,20 mH | 0,77 Ω | 2% | 18 AWG",2.2,0.77,18.0,Air Core,https://www.soundimports.eu/en/mundorf-l100-220.html,21.95
Monacor LSI-22T,"Monacor LSI-22T | 2,2 mH | 0,10 Ω | 5% | 18 AWG",2.2,0.1,18.0,Air Core,https://www.soundimports.eu/en/monacor-lsi-22t.html,23.95
Jantzen Audio 000-1299,"Jantzen Audio 000-1299 | 2,2 mH | 0,63 Ω | 3% | 17 AWG",2.2,0.63,17.0,Air Core,https://www.soundimports.eu/en/jantzen-audio-000-1299.html,24.45
Jantzen Audio 000-5803,"Jantzen Audio 000-5803 | 2,2 mH | 0,10 Ω | 3% | 13 AWG",2.2,0.1,13.0,Air Core,https://www.soundimports.eu/en/jantzen-audio-000-5803.html,25.45
Intertechnik LU55/2.2/100,"Intertechnik LU55/2.2/100 | 2,2 mH | 0,89 Ω | 3% | 18 AWG",2.2,0.89,18.0,Air Core,https://www.soundimports.eu/en/it-intertechnik-lu55-2-2-100.html,26.45
Jantzen Audio 000-1314,"Jantzen Audio 000-1314 | 2,2 mH | 0,49 Ω | 3% | 15 AWG",2.2,0.49,15.0,Air Core,https://www.soundimports.eu/en/jantzen-audio-000-1314.html,30.95
Jantzen Audio 000-1638,"Jantzen Audio 000-1638 | 2,2 mH | 0,49 Ω | 3% | 15 AWG",2.2,0.49,15.0,Air Core,https://www.soundimports.eu/en/jantzen-audio-000-1638.html,32.95
Jantzen Audio 000-1246,"Jantzen Audio 000-1246 | 2,2 mH | 0,47 Ω | 3% | 15 AWG",2.2,0.47,15.0,Air Core,https://www.soundimports.eu/en/jantzen-audio-000-1246.html,32.95
Jantzen Audio 000-1495,"Jantzen Audio 000-1495 | 2,2 mH | 0,52 Ω | 3% | 15 AWG",2.2,0.52,15.0,Air Core,https://www.soundimports.eu/en/jantzen-audio-000-1495.html,35.45
Jantzen Audio 000-L-0220,"Jantzen Audio 000-L-0220 | 2,2 mH | 0,55 Ω | 3% | 15 AWG",2.2,0.55,15.0,Air Core,https://www.soundimports.eu/en/jantzen-audio-000-l-0220.html,38.45
Intertechnik HQ58/2.2/160,"Intertechnik HQ58/2.2/160 | 2,2 mH | 0,10 Ω | 5% | 14 AWG",2.2,0.1,14.0,Air Core,https://www.soundimports.eu/en/it-intertechnik-hq58-2-2-160.html,40.95
Intertechnik DR56/2.2/140,"Intertechnik DR56/2.2/140 | 2,2 mH | 0,16 Ω | 5% | 15 AWG",2.2,0.16,15.0,Air Core,https://www.soundimports.eu/en/it-intertechnik-dr56-2-2-140.html,41.95
Jantzen Audio 000-0028,"Jantzen Audio 000-0028 | 2,2 mH | 0,37 Ω | 3% | 14 AWG",2.2,0.37,14.0,Air Core,https://www.soundimports.eu/en/jantzen-audio-000-0028.html,43.45
Audyn CO62/2.20/140,"Audyn CO62/2.20/140 | 2,2 mH | 0,29 Ω | 5% | 15 AWG",2.2,0.29,15.0,Air Core,https://www.soundimports.eu/en/audyn-co62-2-20-140.html,43.95
Jantzen Audio 000-0985,"Jantzen Audio 000-0985 | 2,2 mH | 0,39 Ω | 3% | 14 AWG",2.2,0.39,14.0,Air Core,https://www.soundimports.eu/en/jantzen-audio-000-0985.html,44.46
Intertechnik LU78/2.2/140,"Intertechnik LU78/2.2/140 | 2,2 mH | 0,46 Ω | 3% | 15 AWG",2.2,0.46,15.0,Air Core,https://www.soundimports.eu/en/it-intertechnik-lu78-2-2-140.html,44.95
Jantzen Audio 000-6085,"Jantzen Audio 000-6085 | 2,2 mH | 0,06 Ω | 5% | 14 AWG",2.2,0.06,14.0,Air Core,https://www.soundimports.eu/en/jantzen-audio-000-6085.html,45.45
Jantzen Audio 000-7885,"Jantzen Audio 000-7885 | 2,2 mH | 0,57 Ω | 2% | 16 AWG",2.2,0.57,16.0,Air Core,https://www.soundimports.eu/en/jantzen-audio-000-7885.html,49.45
Mundorf BS140-2.2,Mundorf BS140-2.2 | 2.2 mH | 0.15 Ω | 3% | 15 AWG,2.2,0.15,15.0,Air Core,https://www.soundimports.eu/en/mundorf-bs140-2-2.html,49.95
Jantzen Audio 000-8685,"Jantzen Audio 000-8685 | 2,2 mH | 0,59 Ω | 2% | 16 AWG",2.2,0.59,16.0,Air Core,https://www.soundimports.eu/en/jantzen-audio-000-8685.html,53.0
Jantzen Audio 000-6090,"Jantzen Audio 000-6090 | 2,2 mH | 0,06 Ω | 5% | 14 AWG",2.2,0.06,14.0,Air Core,https://www.soundimports.eu/en/jantzen-audio-000-6090.html,53.45
Jantzen Audio 000-0130,"Jantzen Audio 000-0130 | 2,2 mH | 0,34 Ω | 3% | 13 AWG",2.2,0.34,13.0,Air Core,https://www.soundimports.eu/en/jantzen-audio-000-0130.html,57.45
Intertechnik AT62/220/132,"Intertechnik AT62/220/132 | 2,2 mH | 0,52 Ω | 3% | 16 AWG",2.2,0.52,16.0,Air Core,https://www.soundimports.eu/en/it-intertechnik-at62-220-132.html,57.95
"Mundorf CFC16-2,20","Mundorf CFC16-2,20 | 2,20 mH | 0,58 Ω | 2% | 16,5 AWG",2.2,0.58,16.5,Air Core,https://www.soundimports.eu/en/mundorf-cfc16-220.html,59.96
Jantzen Audio 000-6095,"Jantzen Audio 000-6095 | 2,2 mH | 0,04 Ω | 5% | 12 AWG",2.2,0.04,12.0,Air Core,https://www.soundimports.eu/en/jantzen-audio-000-6095.html,60.95
Jantzen Audio 000-7486,"Jantzen Audio 000-7486 | 2,2 mH | 0,4 Ω | 2% | 14 AWG",2.2,0.4,14.0,Air Core,https://www.soundimports.eu/en/jantzen-audio-000-7486.html,73.45
Jantzen Audio 000-8415,"Jantzen Audio 000-8415 | 2,2 mH | 0,42 Ω | 2% | 14 AWG",2.2,0.42,14.0,Air Core,https://www.soundimports.eu/en/jantzen-audio-000-8415.html,75.46
Intertechnik TRI92/2.2/0.50,"Intertechnik TRI92/2.2/0.50 | 2,2 mH | 0,546 Ω | 1% | 7 x 24 AWG",2.2,0.546,7.0,Air Core,https://www.soundimports.eu/en/it-intertechnik-tri92-2-2-0-50.html,76.45
"Mundorf CFC14-2,20","Mundorf CFC14-2,20 | 2,20 mH | 0,41 Ω | 2% | 14 AWG",2.2,0.41,14.0,Air Core,https://www.soundimports.eu/en/mundorf-cfc14-220.html,99.95
Intertechnik LU120/2.2/20,"Intertechnik LU120/2.2/20 | 2,2 mH | 0,28 Ω | 3% | 12 AWG",2.2,0.28,12.0,Air Core,https://www.soundimports.eu/en/it-intertechnik-lu120-2-2-20.html,111.45
Jantzen Audio 000-7105,"Jantzen Audio 000-7105 | 2,2 mH | 0,30 Ω | 2% | 12 AWG",2.2,0.3,12.0,Air Core,https://www.soundimports.eu/en/jantzen-audio-000-7105.html,114.95
Jantzen Audio 000-8150,"Jantzen Audio 000-8150 | 2,2 mH | 0,3 Ω | 2% | 12 AWG",2.2,0.3,12.0,Air Core,https://www.soundimports.eu/en/jantzen-audio-000-8150.html,126.44
Intertechnik TRI92/2.20/0.60,"Intertechnik TRI92/2.20/0.60 | 2,2 mH | 0,42 Ω | 1% | 7 x 23 AWG",2.2,0.42,7.0,Air Core,https://www.soundimports.eu/en/it-intertechnik-tri92-2-20-0-60.html,129.95
Intertechnik TRI120/2.20/0.80,"Intertechnik TRI120/2.20/0.80 | 2,2 mH | 0,32 Ω | 1% | 7 x 20 AWG",2.2,0.32,7.0,Air Core,https://www.soundimports.eu/en/it-intertechnik-tri120-2-20-0-80.html,189.95
Jantzen Audio 000-1730,"Jantzen Audio 000-1730 | 2,25 mH | 0,64 Ω | 3% | 17 AWG",2.25,0.64,17.0,Air Core,https://www.soundimports.eu/en/jantzen-audio-000-1730.html,24.45
Jantzen Audio 000-8690,"Jantzen Audio 000-8690 | 2,3 mH | 0,59 Ω | 2% | 16 AWG",2.3,0.59,16.0,Air Core,https://www.soundimports.eu/en/jantzen-audio-000-8690.html,54.45
Jantzen Audio 000-8420,"Jantzen Audio 000-8420 | 2,3 mH | 0,42 Ω | 2% | 14 AWG",2.3,0.42,14.0,Air Core,https://www.soundimports.eu/en/jantzen-audio-000-8420.html,75.95
Jantzen Audio 000-1623,"Jantzen Audio 000-1623 | 2,37 mH | 0,85 Ω | 3% | 18 AWG",2.37,0.85,18.0,Air Core,https://www.soundimports.eu/en/jantzen-audio-000-1623.html,17.45
Jantzen Audio 000-1473,"Jantzen Audio 000-1473 | 2,4 mH | 0,64 Ω | 3% | 17 AWG",2.4,0.64,17.0,Air Core,https://www.soundimports.eu/en/jantzen-audio-000-1473.html,24.45
Jantzen Audio 000-5808,"Jantzen Audio 000-5808 | 2,4 mH | 0,11 Ω | 3% | 13 AWG",2.4,0.11,13.0,Air Core,https://www.soundimports.eu/en/jantzen-audio-000-5808.html,25.45
Audyn CO62/2.4/140,"Audyn CO62/2.4/140 | 2,4 mH | 0,33 Ω | 5% | 15 AWG",2.4,0.33,15.0,Air Core,https://www.soundimports.eu/en/audyn-co62-2-4-140.html,39.95
Jantzen Audio 000-0029,"Jantzen Audio 000-0029 | 2,4 mH | 0,41 Ω | 3% | 14 AWG",2.4,0.41,14.0,Air Core,https://www.soundimports.eu/en/jantzen-audio-000-0029.html,45.0
Jantzen Audio 000-8695,"Jantzen Audio 000-8695 | 2,4 mH | 0,62 Ω | 2% | 16 AWG",2.4,0.62,16.0,Air Core,https://www.soundimports.eu/en/jantzen-audio-000-8695.html,55.95
Jantzen Audio 000-8425,"Jantzen Audio 000-8425 | 2,4 mH | 0,42 Ω | 2% | 14 AWG",2.4,0.42,14.0,Air Core,https://www.soundimports.eu/en/jantzen-audio-000-8425.html,76.96
Jantzen Audio 000-8160,"Jantzen Audio 000-8160 | 2,4 mH | 0,32 Ω | 2% | 12 AWG",2.4,0.32,12.0,Air Core,https://www.soundimports.eu/en/jantzen-audio-000-8160.html,130.45
Intertechnik TRI92/2.4/0.50,"Intertechnik TRI92/2.4/0.50 | 2,4 mH | 0,59 Ω | 1% | 7 x 24 AWG",2.4,0.59,7.0,Air Core,https://www.soundimports.eu/en/it-intertechnik-tri92-2-4-0-50.html,132.45
Jantzen Audio 000-5096,"Jantzen Audio 000-5096 | 2,5 mH | 0,28 Ω | 3% | 18 AWG",2.5,0.28,18.0,Air Core,https://www.soundimports.eu/en/jantzen-audio-000-5096.html,11.45
Jantzen Audio 000-2045,"Jantzen Audio 000-2045 | 2,5 mH | 0,44 Ω | 3% | 18 AWG",2.5,0.44,18.0,Air Core,https://www.soundimports.eu/en/jantzen-audio-000-2045.html,11.45
Dayton Audio IC182-5,Dayton Audio IC182-5 | 2.5 mH | 0.31 Ω | 3% | 18 AWG,2.5,0.31,18.0,Air Core,https://www.soundimports.eu/en/dayton-audio-ic182-5.html,14.45
Jantzen Audio 000-5097,"Jantzen Audio 000-5097 | 2,5 mH | 0,23 Ω | 3% | 17 AWG",2.5,0.23,17.0,Air Core,https://www.soundimports.eu/en/jantzen-audio-000-5097.html,14.45
Jantzen Audio 000-5283,"Jantzen Audio 000-5283 | 2,5 mH | 0,25 Ω | 3% | 17 AWG",2.5,0.25,17.0,Air Core,https://www.soundimports.eu/en/jantzen-audio-000-5283.html,15.45
Jantzen Audio 000-1940,"Jantzen Audio 000-1940 | 2,5 mH | 0,87 Ω | 3% | 18 AWG",2.5,0.87,18.0,Air Core,https://www.soundimports.eu/en/jantzen-audio-000-1940.html,18.45
Jantzen Audio 000-1088,"Jantzen Audio 000-1088 | 2,5 mH | 0,88 Ω | 3% | 18 AWG",2.5,0.88,18.0,Air Core,https://www.soundimports.eu/en/jantzen-audio-000-1088.html,18.45
Dayton Audio LW182-5,Dayton Audio LW182-5 | 2.5 mH | 0.91 Ω | 3% | 18 AWG,2.5,0.91,18.0,Air Core,https://www.soundimports.eu/en/dayton-audio-lw182-5.html,19.95
Jantzen Audio 000-1673,"Jantzen Audio 000-1673 | 2,5 mH | 0,65 Ω | 3% | 17 AWG",2.5,0.65,17.0,Air Core,https://www.soundimports.eu/en/jantzen-audio-000-1673.html,24.95
Jantzen Audio 000-5807,"Jantzen Audio 000-5807 | 2,5 mH | 0,11 Ω | 3% | 13 AWG",2.5,0.11,13.0,Air Core,https://www.soundimports.eu/en/jantzen-audio-000-5807.html,26.45
Jantzen Audio 000-1098,"Jantzen Audio 000-1098 | 2,5 mH | 0,52 Ω | 3% | 15 AWG",2.5,0.52,15.0,Air Core,https://www.soundimports.eu/en/jantzen-audio-000-1098.html,33.95
Jantzen Audio 000-0030,"Jantzen Audio 000-0030 | 2,5 mH | 0,41 Ω | 3% | 14 AWG",2.5,0.41,14.0,Air Core,https://www.soundimports.eu/en/jantzen-audio-000-0030.html,46.45
Jantzen Audio 000-8700,"Jantzen Audio 000-8700 | 2,5 mH | 0,64 Ω | 2% | 16 AWG",2.5,0.64,16.0,Air Core,https://www.soundimports.eu/en/jantzen-audio-000-8700.html,56.95
Jantzen Audio 000-0133,"Jantzen Audio 000-0133 | 2,5 mH | 0,37 Ω | 3% | 13 AWG",2.5,0.37,13.0,Air Core,https://www.soundimports.eu/en/jantzen-audio-000-0133.html,61.95
Dayton Audio LW142-5,Dayton Audio LW142-5 | 2.5 mH | 0.43 Ω | 5% | 14 AWG,2.5,0.43,14.0,Air Core,https://www.soundimports.eu/en/dayton-audio-lw142-5.html,70.45
Jantzen Audio 000-7493,"Jantzen Audio 000-7493 | 2,5 mH | 0,44 Ω | 2% | 14 AWG",2.5,0.44,14.0,Air Core,https://www.soundimports.eu/en/jantzen-audio-000-7493.html,74.45
Jantzen Audio 000-8430,"Jantzen Audio 000-8430 | 2,5 mH | 0,44 Ω | 2% | 14 AWG",2.5,0.44,14.0,Air Core,https://www.soundimports.eu/en/jantzen-audio-000-8430.html,79.94
Jantzen Audio 000-8165,"Jantzen Audio 000-8165 | 2,5 mH | 0,32 Ω | 2% | 12 AWG",2.5,0.32,12.0,Air Core,https://www.soundimports.eu/en/jantzen-audio-000-8165.html,129.95
Jantzen Audio 000-L-0250-2,"Jantzen Audio 000-L-0250-2 | 2,52 mH | 0,57 Ω | 3% | 15 AWG",2.52,0.57,15.0,Air Core,https://www.soundimports.eu/en/jantzen-audio-000-l-0250-2.html,39.45
Jantzen Audio 000-1298,"Jantzen Audio 000-1298 | 2,55 mH | 0,66 Ω | 3% | 17 AWG",2.55,0.66,17.0,Air Core,https://www.soundimports.eu/en/jantzen-audio-000-1298.html,26.45
Jantzen Audio 000-5192,"Jantzen Audio 000-5192 | 2,6 mH | 0,29 Ω | 3% | 18 AWG",2.6,0.29,18.0,Air Core,https://www.soundimports.eu/en/jantzen-audio-000-5192.html,11.95
Jantzen Audio 000-5486,"Jantzen Audio 000-5486 | 2,6 mH | 0,22 Ω | 3% | 17 AWG",2.6,0.22,17.0,Air Core,https://www.soundimports.eu/en/jantzen-audio-000-5486.html,14.96
Jantzen Audio 000-1889,"Jantzen Audio 000-1889 | 2,6 mH | 0,69 Ω | 3% | 17 AWG",2.6,0.69,17.0,Air Core,https://www.soundimports.eu/en/jantzen-audio-000-1889.html,24.95
Jantzen Audio 000-0031,"Jantzen Audio 000-0031 | 2,6 mH | 0,41 Ω | 3% | 14 AWG",2.6,0.41,14.0,Air Core,https://www.soundimports.eu/en/jantzen-audio-000-0031.html,47.44
Jantzen Audio 000-0134,"Jantzen Audio 000-0134 | 2,6 mH | 0,37 Ω | 3% | 13 AWG",2.6,0.37,13.0,Air Core,https://www.soundimports.eu/en/jantzen-audio-000-0134.html,62.45
Jantzen Audio 000-5354,"Jantzen Audio 000-5354 | 2,7 mH | 0,295 Ω | 3% | 18 AWG",2.7,0.295,18.0,Air Core,https://www.soundimports.eu/en/jantzen-audio-000-5354.html,11.45
Jantzen Audio 000-2338,"Jantzen Audio 000-2338 | 2,7 mH | 0,385 Ω | 3% | 18 AWG",2.7,0.385,18.0,Air Core,https://www.soundimports.eu/en/jantzen-audio-000-2338.html,11.45
Jantzen Audio 000-2198,"Jantzen Audio 000-2198 | 2,7 mH | 0,49 Ω | 3% | 18 AWG",2.7,0.49,18.0,Air Core,https://www.soundimports.eu/en/jantzen-audio-000-2198.html,12.45
Monacor LSI-27T,"Monacor LSI-27T | 2,7 mH | 0,12 Ω | 5% | 18 AWG",2.7,0.12,18.0,Air Core,https://www.soundimports.eu/en/monacor-lsi-27t.html,18.95
Jantzen Audio 000-1307,"Jantzen Audio 000-1307 | 2,7 mH | 0,92 Ω | 3% | 18 AWG",2.7,0.92,18.0,Air Core,https://www.soundimports.eu/en/jantzen-audio-000-1307.html,18.95
Jantzen Audio 000-1939,"Jantzen Audio 000-1939 | 2,7 mH | 0,90 Ω | 3% | 18 AWG",2.7,0.9,18.0,Air Core,https://www.soundimports.eu/en/jantzen-audio-000-1939.html,19.44
Jantzen Audio 000-5118,"Jantzen Audio 000-5118 | 2,7 mH | 0,16 Ω | 3% | 15 AWG",2.7,0.16,15.0,Air Core,https://www.soundimports.eu/en/jantzen-audio-000-5118.html,19.95
Jantzen Audio 000-5371,"Jantzen Audio 000-5371 | 2,7 mH | 0,18 Ω | 3% | 15 AWG",2.7,0.18,15.0,Air Core,https://www.soundimports.eu/en/jantzen-audio-000-5371.html,19.95
"Mundorf VP100-2,7","Mundorf VP100-2,7 | 2,7 mH | 0,53 Ω | 3% | 18 AWG",2.7,0.53,18.0,Air Core,https://www.soundimports.eu/en/mundorf-vp100-27.html,21.95
Jantzen Audio 000-5427,"Jantzen Audio 000-5427 | 2,7 mH | 0,13 Ω | 3% | 14 AWG",2.7,0.13,14.0,Air Core,https://www.soundimports.eu/en/jantzen-audio-000-5427.html,22.45
"Mundorf L100-2,70","Mundorf L100-2,70 | 2,70 mH | 0,90 Ω | 2% | 18 AWG",2.7,0.9,18.0,Air Core,https://www.soundimports.eu/en/mundorf-l100-270.html,23.95
Jantzen Audio 000-2445,"Jantzen Audio 000-2445 | 2,7 mH | 0,18 Ω | 3% | 14 AWG",2.7,0.18,14.0,Air Core,https://www.soundimports.eu/en/jantzen-audio-000-2445.html,24.45
Jantzen Audio 000-1041,"Jantzen Audio 000-1041 | 2,7 mH | 0,7 Ω | 3% | 17 AWG",2.7,0.7,17.0,Air Core,https://www.soundimports.eu/en/jantzen-audio-000-1041.html,25.45
Intertechnik LU62/2.7/100,"Intertechnik LU62/2.7/100 | 2,7 mH | 0,97 Ω | 3% | 18 AWG",2.7,0.97,18.0,Air Core,https://www.soundimports.eu/en/it-intertechnik-lu62-2-7-100.html,28.96
Jantzen Audio 000-1247,"Jantzen Audio 000-1247 | 2,7 mH | 0,525 Ω | 3% | 15 AWG",2.7,0.525,15.0,Air Core,https://www.soundimports.eu/en/jantzen-audio-000-1247.html,36.45
Intertechnik DR56/2.7/140,"Intertechnik DR56/2.7/140 | 2,7 mH | 0,18 Ω | 5% | 15 AWG",2.7,0.18,15.0,Air Core,https://www.soundimports.eu/en/it-intertechnik-dr56-2-7-140.html,38.25
Jantzen Audio 000-6103,"Jantzen Audio 000-6103 | 2,7 mH | 0,09 Ω | 5% | 17 AWG",2.7,0.09,17.0,Air Core,https://www.soundimports.eu/en/jantzen-audio-000-6103.html,38.45
Jantzen Audio 000-1802,"Jantzen Audio 000-1802 | 2,7 mH | 0,59 Ω | 3% | 15 AWG",2.7,0.59,15.0,Air Core,https://www.soundimports.eu/en/jantzen-audio-000-1802.html,38.95
Intertechnik HQ58/2.7/160,"Intertechnik HQ58/2.7/160 | 2,7 mH | 0,11 Ω | 5% | 14 AWG",2.7,0.11,14.0,Air Core,https://www.soundimports.eu/en/it-intertechnik-hq58-2-7-160.html,42.45
Jantzen Audio 000-L-0270,"Jantzen Audio 000-L-0270 | 2,7 mH | 0,60 Ω | 3% | 15 AWG",2.7,0.6,15.0,Air Core,https://www.soundimports.eu/en/jantzen-audio-000-l-0270.html,43.45
Jantzen Audio 000-0032,"Jantzen Audio 000-0032 | 2,7 mH | 0,42 Ω | 3% | 14 AWG",2.7,0.42,14.0,Air Core,https://www.soundimports.eu/en/jantzen-audio-000-0032.html,45.45
Jantzen Audio 000-6105,"Jantzen Audio 000-6105 | 2,7 mH | 0,07 Ω | 5% | 14 AWG",2.7,0.07,14.0,Air Core,https://www.soundimports.eu/en/jantzen-audio-000-6105.html,45.96
Audyn CO62/2.7/140,"Audyn CO62/2.7/140 | 2,7 mH | 0,34 Ω | 5% | 15 AWG",2.7,0.34,15.0,Air Core,https://www.soundimports.eu/en/audyn-co62-2-7-140.html,45.96
Intertechnik LU78/2.7/140,"Intertechnik LU78/2.7/140 | 2,7 mH | 0,53 Ω | 3% | 15 AWG",2.7,0.53,15.0,Air Core,https://www.soundimports.eu/en/it-intertechnik-lu78-2-7-140.html,49.45
Jantzen Audio 000-7900,"Jantzen Audio 000-7900 | 2,7 mH | 0,65 Ω | 2% | 16 AWG",2.7,0.65,16.0,Air Core,https://www.soundimports.eu/en/jantzen-audio-000-7900.html,51.95
Jantzen Audio 000-8710,"Jantzen Audio 000-8710 | 2,7 mH | 0,67 Ω | 2% | 16 AWG",2.7,0.67,16.0,Air Core,https://www.soundimports.eu/en/jantzen-audio-000-8710.html,58.46
Jantzen Audio 000-6110,"Jantzen Audio 000-6110 | 2,7 mH | 0,04 Ω | 5% | 12 AWG",2.7,0.04,12.0,Air Core,https://www.soundimports.eu/en/jantzen-audio-000-6110.html,61.46
Jantzen Audio 000-0135,"Jantzen Audio 000-0135 | 2,7 mH | 0,38 Ω | 3% | 13 AWG",2.7,0.38,13.0,Air Core,https://www.soundimports.eu/en/jantzen-audio-000-0135.html,64.44
"Mundorf CFC16-2,70","Mundorf CFC16-2,70 | 2,70 mH | 0,65 Ω | 2% | 16,5 AWG",2.7,0.65,16.5,Air Core,https://www.soundimports.eu/en/mundorf-cfc16-270.html,64.95
Jantzen Audio 000-7495,"Jantzen Audio 000-7495 | 2,7 mH | 0,46 Ω | 2% | 14 AWG",2.7,0.46,14.0,Air Core,https://www.soundimports.eu/en/jantzen-audio-000-7495.html,77.95
Intertechnik TRI92/2.7/0.50,"Intertechnik TRI92/2.7/0.50 | 2,7 mH | 0,632 Ω | 1% | 7 x 24 AWG",2.7,0.632,7.0,Air Core,https://www.soundimports.eu/en/it-intertechnik-tri92-2-7-0-50.html,79.94
Jantzen Audio 000-8440,"Jantzen Audio 000-8440 | 2,7 mH | 0,46 Ω | 2% | 14 AWG",2.7,0.46,14.0,Air Core,https://www.soundimports.eu/en/jantzen-audio-000-8440.html,86.45
"Mundorf CFC14-2,70","Mundorf CFC14-2,70 | 2,70 mH | 0,46 Ω | 2% | 14 AWG",2.7,0.46,14.0,Air Core,https://www.soundimports.eu/en/mundorf-cfc14-270.html,109.95
Intertechnik LU120/2.7/20,"Intertechnik LU120/2.7/20 | 2,7 mH | 0,31 Ω | 3% | 12 AWG",2.7,0.31,12.0,Air Core,https://www.soundimports.eu/en/it-intertechnik-lu120-2-7-20.html,124.45
Jantzen Audio 000-7110,"Jantzen Audio 000-7110 | 2,7 mH | 0,33 Ω | 2% | 12 AWG",2.7,0.33,12.0,Air Core,https://www.soundimports.eu/en/jantzen-audio-000-7110.html,126.44
Jantzen Audio 000-8175,"Jantzen Audio 000-8175 | 2,7 mH | 0,34 Ω | 2% | 12 AWG",2.7,0.34,12.0,Air Core,https://www.soundimports.eu/en/jantzen-audio-000-8175.html,139.45
Intertechnik TRI92/270/0.60,"Intertechnik TRI92/270/0.60 | 2,7 mH | 0,46 Ω | 1% | 7 x 23 AWG",2.7,0.46,7.0,Air Core,https://www.soundimports.eu/en/it-intertechnik-tri92-270-0-60.html,146.95
"Mundorf CFC12-2,7","Mundorf CFC12-2,7 | 2,70 mH | 0,32 Ω | 2% | 12 AWG",2.7,0.32,12.0,Air Core,https://www.soundimports.eu/en/mundorf-cfc12-27.html,169.94
Intertechnik TRI120/2.70/0.80,"Intertechnik TRI120/2.70/0.80 | 2,7 mH | 0,35 Ω | 1% | 7 x 20 AWG",2.7,0.35,7.0,Air Core,https://www.soundimports.eu/en/it-intertechnik-tri120-2-70-0-80.html,199.95
Jantzen Audio 000-5526,"Jantzen Audio 000-5526 | 2,8 mH | 0,18 Ω | 3% | 15 AWG",2.8,0.18,15.0,Air Core,https://www.soundimports.eu/en/jantzen-audio-000-5526.html,19.44
Jantzen Audio 000-0938,"Jantzen Audio 000-0938 | 2,8 mH | 0,72 Ω | 3% | 17 AWG",2.8,0.72,17.0,Air Core,https://www.soundimports.eu/en/jantzen-audio-000-0938.html,26.45
Jantzen Audio 000-611128,"Jantzen Audio 000-611128 | 2,8 mH | 0,05 Ω | 5% | 12 AWG",2.8,0.05,12.0,Air Core,https://www.soundimports.eu/en/jantzen-audio-000-611128.html,61.46
Jantzen Audio 000-7111,"Jantzen Audio 000-7111 | 2,8 mH | 0,34 Ω | 2% | 12 AWG",2.8,0.34,12.0,Air Core,https://www.soundimports.eu/en/jantzen-audio-000-7111.html,129.45
Jantzen Audio 000-0990,"Jantzen Audio 000-0990 | 2,9 mH | 0,95 Ω | 3% | 18 AWG",2.9,0.95,18.0,Air Core,https://www.soundimports.eu/en/jantzen-audio-000-0990.html,19.44
Jantzen Audio 000-0865,"Jantzen Audio 000-0865 | 2,9 mH | 0,72 Ω | 3% | 17 AWG",2.9,0.72,17.0,Air Core,https://www.soundimports.eu/en/jantzen-audio-000-0865.html,26.45
Jantzen Audio 000-0900,"Jantzen Audio 000-0900 | 2,9 mH | 0,63 Ω | 3% | 15 AWG",2.9,0.63,15.0,Air Core,https://www.soundimports.eu/en/jantzen-audio-000-0900.html,40.45
Jantzen Audio 000-0062,"Jantzen Audio 000-0062 | 2,9 mH | 0,45 Ω | 3% | 14 AWG",2.9,0.45,14.0,Air Core,https://www.soundimports.eu/en/jantzen-audio-000-0062.html,47.44
Jantzen Audio 000-5122,"Jantzen Audio 000-5122 | 3,0 mH | 0,313 Ω | 3% | 18 AWG",3.0,0.313,18.0,Air Core,https://www.soundimports.eu/en/jantzen-audio-000-5122.html,11.95
Jantzen Audio 000-2334,"Jantzen Audio 000-2334 | 3 mH | 0,5 Ω | 3% | 18 AWG",3.0,0.5,18.0,Air Core,https://www.soundimports.eu/en/jantzen-audio-000-2334.html,12.45
Jantzen Audio 000-5024,"Jantzen Audio 000-5024 | 3,0 mH | 0,23 Ω | 3% | 17 AWG",3.0,0.23,17.0,Air Core,https://www.soundimports.eu/en/jantzen-audio-000-5024.html,15.45
Jantzen Audio 000-2455,"Jantzen Audio 000-2455 | 3 mH | 0,37 Ω | 3% | 17 AWG",3.0,0.37,17.0,Air Core,https://www.soundimports.eu/en/jantzen-audio-000-2455.html,17.45
Dayton Audio IC183,Dayton Audio IC183 | 3.0 mH | 0.36 Ω | 3% | 18 AWG,3.0,0.36,18.0,Air Core,https://www.soundimports.eu/en/dayton-audio-ic183.html,17.94
Jantzen Audio 000-1068,"Jantzen Audio 000-1068 | 3,0 mH | 0,99 Ω | 3% | 18 AWG",3.0,0.99,18.0,Air Core,https://www.soundimports.eu/en/jantzen-audio-000-1068.html,19.44
Jantzen Audio 000-5441,"Jantzen Audio 000-5441 | 3,0 mH | 0,17 Ω | 3% | 15 AWG",3.0,0.17,15.0,Air Core,https://www.soundimports.eu/en/jantzen-audio-000-5441.html,19.44
Jantzen Audio 000-2478,"Jantzen Audio 000-2478 | 3,0 mH | 0,23 Ω | 3% | 15 AWG",3.0,0.23,15.0,Air Core,https://www.soundimports.eu/en/jantzen-audio-000-2478.html,19.44
Jantzen Audio 000-5012,"Jantzen Audio 000-5012 | 3,0 mH | 0,19 Ω | 3% | 15 AWG",3.0,0.19,15.0,Air Core,https://www.soundimports.eu/en/jantzen-audio-000-5012.html,19.95
Dayton Audio LW183,Dayton Audio LW183 | 3.0 mH | 1.0 Ω | 3% | 18 AWG,3.0,1.0,18.0,Air Core,https://www.soundimports.eu/en/dayton-audio-lw183.html,20.45
Intertechnik LU62/3.0/100,"Intertechnik LU62/3.0/100 | 3,0 mH | 1,1 Ω | 3% | 18 AWG",3.0,1.1,18.0,Air Core,https://www.soundimports.eu/en/it-intertechnik-lu62-3-0-100.html,29.95
Jantzen Audio 000-0947,"Jantzen Audio 000-0947 | 3 mH | 0,57 Ω | 3% | 15 AWG",3.0,0.57,15.0,Air Core,https://www.soundimports.eu/en/jantzen-audio-000-0947.html,37.45
Intertechnik HQ58/3.0/150,"Intertechnik HQ58/3.0/150 | 3,0 mH | 0,13 Ω | 5% | 15 AWG",3.0,0.13,15.0,Air Core,https://www.soundimports.eu/en/it-intertechnik-hq58-3-0-150.html,39.95
Intertechnik DR56/3.0/140,"Intertechnik DR56/3.0/140 | 3,0 mH | 0,20 Ω | 5% | 15 AWG",3.0,0.2,15.0,Air Core,https://www.soundimports.eu/en/it-intertechnik-dr56-3-0-140.html,40.95
Jantzen Audio 000-1894,"Jantzen Audio 000-1894 | 3,0 mH | 0,64 Ω | 3% | 15 AWG",3.0,0.64,15.0,Air Core,https://www.soundimports.eu/en/jantzen-audio-000-1894.html,42.45
Jantzen Audio 000-6115,"Jantzen Audio 000-6115 | 3,0 mH | 0,07 Ω | 5% | 14 AWG",3.0,0.07,14.0,Air Core,https://www.soundimports.eu/en/jantzen-audio-000-6115.html,46.95
Audyn CO62/3.0/140,"Audyn CO62/3.0/140 | 3,0 mH | 0,36 Ω | 5% | 15 AWG",3.0,0.36,15.0,Air Core,https://www.soundimports.eu/en/audyn-co62-3-0-140.html,47.95
Jantzen Audio 000-0033,"Jantzen Audio 000-0033 | 3 mH | 0,46 Ω | 3% | 14 AWG",3.0,0.46,14.0,Air Core,https://www.soundimports.eu/en/jantzen-audio-000-0033.html,48.45
Jantzen Audio 000-7910,"Jantzen Audio 000-7910 | 3,0 mH | 0,70 Ω | 2% | 16 AWG",3.0,0.7,16.0,Air Core,https://www.soundimports.eu/en/jantzen-audio-000-7910.html,53.45
Intertechnik LU78/3.0/140,"Intertechnik LU78/3.0/140 | 3,0 mH | 0,60 Ω | 3% | 15 AWG",3.0,0.6,15.0,Air Core,https://www.soundimports.eu/en/it-intertechnik-lu78-3-0-140.html,54.45
Jantzen Audio 000-6120,"Jantzen Audio 000-6120 | 3,0 mH | 0,07 Ω | 5% | 13 AWG",3.0,0.07,13.0,Air Core,https://www.soundimports.eu/en/jantzen-audio-000-6120.html,56.45
Jantzen Audio 000-0136,"Jantzen Audio 000-0136 | 3,0 mH | 0,40 Ω | 3% | 13 AWG",3.0,0.4,13.0,Air Core,https://www.soundimports.eu/en/jantzen-audio-000-0136.html,66.95
Jantzen Audio 000-7502,"Jantzen Audio 000-7502 | 3 mH | 0,47 Ω | 2% | 14 AWG",3.0,0.47,14.0,Air Core,https://www.soundimports.eu/en/jantzen-audio-000-7502.html,79.45
Jantzen Audio 000-8445,"Jantzen Audio 000-8445 | 3,0 mH | 0,52 Ω | 2% | 14 AWG",3.0,0.52,14.0,Air Core,https://www.soundimports.eu/en/jantzen-audio-000-8445.html,89.95
Intertechnik LU120/3.0/20,"Intertechnik LU120/3.0/20 | 3,0 mH | 0,33 Ω | 3% | 12 AWG",3.0,0.33,12.0,Air Core,https://www.soundimports.eu/en/it-intertechnik-lu120-3-0-20.html,133.45
Jantzen Audio 000-7113,"Jantzen Audio 000-7113 | 3,0 mH | 0,36 Ω | 2% | 12 AWG",3.0,0.36,12.0,Air Core,https://www.soundimports.eu/en/jantzen-audio-000-7113.html,133.95
Jantzen Audio 000-8180,"Jantzen Audio 000-8180 | 3,0 mH | 0,37 Ω | 2% | 12 AWG",3.0,0.37,12.0,Air Core,https://www.soundimports.eu/en/jantzen-audio-000-8180.html,150.45
Intertechnik TRI120/3.00/0.60,"Intertechnik TRI120/3.00/0.60 | 3,0 mH | 0,50 Ω | 1% | 7 x 23 AWG",3.0,0.5,7.0,Air Core,https://www.soundimports.eu/en/it-intertechnik-tri120-3-00-0-60.html,159.95
Intertechnik TRI120/3.00/0.80,"Intertechnik TRI120/3.00/0.80 | 3,0 mH | 0,35 Ω | 1% | 7 x 20 AWG",3.0,0.35,7.0,Air Core,https://www.soundimports.eu/en/it-intertechnik-tri120-3-00-0-80.html,219.95
Jantzen Audio 000-5373,"Jantzen Audio 000-5373 | 3,2 mH | 0,326 Ω | 3% | 18 AWG",3.2,0.326,18.0,Air Core,https://www.soundimports.eu/en/jantzen-audio-000-5373.html,12.45
Jantzen Audio 000-1422,"Jantzen Audio 000-1422 | 3,2 mH | 0,78 Ω | 3% | 17 AWG",3.2,0.78,17.0,Air Core,https://www.soundimports.eu/en/jantzen-audio-000-1422.html,26.95
Jantzen Audio 000-5161,"Jantzen Audio 000-5161 | 3,3 mH | 0,36 Ω | 3% | 18 AWG",3.3,0.36,18.0,Air Core,https://www.soundimports.eu/en/jantzen-audio-000-5161.html,11.45
Jantzen Audio 000-2337,"Jantzen Audio 000-2337 | 3,3 mH | 0,44 Ω | 3% | 18 AWG",3.3,0.44,18.0,Air Core,https://www.soundimports.eu/en/jantzen-audio-000-2337.html,11.95
Jantzen Audio 000-5372,"Jantzen Audio 000-5372 | 3,3 mH | 0,33 Ω | 3% | 18 AWG",3.3,0.33,18.0,Air Core,https://www.soundimports.eu/en/jantzen-audio-000-5372.html,12.45
Jantzen Audio 000-5252,"Jantzen Audio 000-5252 | 3,3 mH | 0,29 Ω | 3% | 18 AWG",3.3,0.29,18.0,Air Core,https://www.soundimports.eu/en/jantzen-audio-000-5252.html,14.45
Jantzen Audio 000-5292,"Jantzen Audio 000-5292 | 3,3 mH | 0,25 Ω | 3% | 17 AWG",3.3,0.25,17.0,Air Core,https://www.soundimports.eu/en/jantzen-audio-000-5292.html,17.45
Jantzen Audio 000-1070,"Jantzen Audio 000-1070 | 3,3 mH | 1,04 Ω | 3% | 18 AWG",3.3,1.04,18.0,Air Core,https://www.soundimports.eu/en/jantzen-audio-000-1070.html,19.44
Jantzen Audio 000-2109,"Jantzen Audio 000-2109 | 3,3 mH | 0,255 Ω | 3% | 15 AWG",3.3,0.255,15.0,Air Core,https://www.soundimports.eu/en/jantzen-audio-000-2109.html,19.44
Jantzen Audio 000-5229,"Jantzen Audio 000-5229 | 3,3 mH | 0,17 Ω | 3% | 15 AWG",3.3,0.17,15.0,Air Core,https://www.soundimports.eu/en/jantzen-audio-000-5229.html,19.95
Jantzen Audio 000-5227,"Jantzen Audio 000-5227 | 3,3 mH | 0,21 Ω | 3% | 15 AWG",3.3,0.21,15.0,Air Core,https://www.soundimports.eu/en/jantzen-audio-000-5227.html,20.95
"Mundorf VP100-3,3","Mundorf VP100-3,3 | 3,3 mH | 0,64 Ω | 3% | 18 AWG",3.3,0.64,18.0,Air Core,https://www.soundimports.eu/en/mundorf-vp100-33.html,23.95
Jantzen Audio 000-5426,"Jantzen Audio 000-5426 | 3,3 mH | 0,15 Ω | 3% | 14 AWG",3.3,0.15,14.0,Air Core,https://www.soundimports.eu/en/jantzen-audio-000-5426.html,25.45
"Mundorf L100-3,30","Mundorf L100-3,30 | 3,30 mH | 1,00 Ω | 2% | 18 AWG",3.3,1.0,18.0,Air Core,https://www.soundimports.eu/en/mundorf-l100-330.html,25.95
Monacor LSI-33T,"Monacor LSI-33T | 3,3 mH | 0,13 Ω | 5% | 18 AWG",3.3,0.13,18.0,Air Core,https://www.soundimports.eu/en/monacor-lsi-33t.html,26.45
Jantzen Audio 000-1025,"Jantzen Audio 000-1025 | 3,3 mH | 0,78 Ω | 3% | 17 AWG",3.3,0.78,17.0,Air Core,https://www.soundimports.eu/en/jantzen-audio-000-1025.html,28.45
Intertechnik LU62/3.3/100,"Intertechnik LU62/3.3/100 | 3,3 mH | 1,15 Ω | 3% | 18 AWG",3.3,1.15,18.0,Air Core,https://www.soundimports.eu/en/it-intertechnik-lu62-3-3-100.html,30.95
Jantzen Audio 000-1199,"Jantzen Audio 000-1199 | 3,3 mH | 0,615 Ω | 3% | 15 AWG",3.3,0.615,15.0,Air Core,https://www.soundimports.eu/en/jantzen-audio-000-1199.html,38.95
Intertechnik HQ56/3.3/150,"Intertechnik HQ56/3.3/150 | 3,3 mH | 0,14 Ω | 5% | 15 AWG",3.3,0.14,15.0,Air Core,https://www.soundimports.eu/en/it-intertechnik-hq56-3-3-150.html,41.95
Intertechnik DR56/3.3/132,"Intertechnik DR56/3.3/132 | 3,3 mH | 0,22 Ω | 5% | 16 AWG",3.3,0.22,16.0,Air Core,https://www.soundimports.eu/en/it-intertechnik-dr56-3-3-132.html,42.45
Jantzen Audio 000-1494,"Jantzen Audio 000-1494 | 3,3 mH | 0,66 Ω | 3% | 15 AWG",3.3,0.66,15.0,Air Core,https://www.soundimports.eu/en/jantzen-audio-000-1494.html,43.45
Jantzen Audio 000-6125,"Jantzen Audio 000-6125 | 3,3 mH | 0,07 Ω | 5% | 14 AWG",3.3,0.07,14.0,Air Core,https://www.soundimports.eu/en/jantzen-audio-000-6125.html,47.44
Audyn CO62/3.3/140,"Audyn CO62/3.3/140 | 3,3 mH | 0,38 Ω | 5% | 15 AWG",3.3,0.38,15.0,Air Core,https://www.soundimports.eu/en/audyn-co62-3-3-140.html,48.94
Jantzen Audio 000-0034,"Jantzen Audio 000-0034 | 3,3 mH | 0,48 Ω | 3% | 14 AWG",3.3,0.48,14.0,Air Core,https://www.soundimports.eu/en/jantzen-audio-000-0034.html,51.45
Intertechnik LU92/3.3/140,"Intertechnik LU92/3.3/140 | 3,3 mH | 0,60 Ω | 3% | 15 AWG",3.3,0.6,15.0,Air Core,https://www.soundimports.eu/en/it-intertechnik-lu92-3-3-140.html,57.95
Jantzen Audio 000-8720,"Jantzen Audio 000-8720 | 3,3 mH | 0,75 Ω | 2% | 16 AWG",3.3,0.75,16.0,Air Core,https://www.soundimports.eu/en/jantzen-audio-000-8720.html,65.45
Intertechnik AT92/330/132,"Intertechnik AT92/330/132 | 3,3 mH | 0,66 Ω | 3% | 16 AWG",3.3,0.66,16.0,Air Core,https://www.soundimports.eu/en/it-intertechnik-at92-330-132.html,67.45
"Mundorf CFC16-3,30","Mundorf CFC16-3,30 | 3,30 mH | 0,74 Ω | 2% | 16,5 AWG",3.3,0.74,16.5,Air Core,https://www.soundimports.eu/en/mundorf-cfc16-330.html,69.95
Jantzen Audio 000-7505,"Jantzen Audio 000-7505 | 3,3 mH | 0,51 Ω | 2% | 14 AWG",3.3,0.51,14.0,Air Core,https://www.soundimports.eu/en/jantzen-audio-000-7505.html,86.45
Intertechnik TRI92/3.3/0.50,"Intertechnik TRI92/3.3/0.50 | 3,3 mH | 0,71 Ω | 1% | 7 x 24 AWG",3.3,0.71,7.0,Air Core,https://www.soundimports.eu/en/it-intertechnik-tri92-3-3-0-50.html,88.45
"Mundorf CFC14-3,30","Mundorf CFC14-3,30 | 3,30 mH | 0,50 Ω | 2% | 14 AWG",3.3,0.5,14.0,Air Core,https://www.soundimports.eu/en/mundorf-cfc14-330.html,119.95
Jantzen Audio 000-7115,"Jantzen Audio 000-7115 | 3,3 mH | 0,37 Ω | 2% | 12 AWG",3.3,0.37,12.0,Air Core,https://www.soundimports.eu/en/jantzen-audio-000-7115.html,133.95
Intertechnik LU120/3.3/20,"Intertechnik LU120/3.3/20 | 3,3 mH | 0,35 Ω | 3% | 12 AWG",3.3,0.35,12.0,Air Core,https://www.soundimports.eu/en/it-intertechnik-lu120-3-3-20.html,136.45
Intertechnik TRI/120/3.30/0.60,"Intertechnik TRI/120/3.30/0.60 | 3,3 mH | 0,53 Ω | 1% | 7 x 23 AWG",3.3,0.53,7.0,Air Core,https://www.soundimports.eu/en/it-intertechnik-tri-120-3-30-0-60.html,169.94
Jantzen Audio 000-5186,"Jantzen Audio 000-5186 | 3,5 mH | 0,40 Ω | 3% | 18 AWG",3.5,0.4,18.0,Air Core,https://www.soundimports.eu/en/jantzen-audio-000-5186.html,14.45
Dayton Audio IC183 -5,Dayton Audio IC183 -5 | 3.5 mH | 0.39 Ω | 3% | 18 AWG,3.5,0.39,18.0,Air Core,https://www.soundimports.eu/en/dayton-audio-ic183-5.html,14.65
Jantzen Audio 000-1975,"Jantzen Audio 000-1975 | 3,5 mH | 1,10 Ω | 3% | 18 AWG",3.5,1.1,18.0,Air Core,https://www.soundimports.eu/en/jantzen-audio-000-1975.html,19.95
Jantzen Audio 000-5402,"Jantzen Audio 000-5402 | 3,5 mH | 0,22 Ω | 3% | 15 AWG",3.5,0.22,15.0,Air Core,https://www.soundimports.eu/en/jantzen-audio-000-5402.html,19.95
Jantzen Audio 000-2407,"Jantzen Audio 000-2407 | 3,5 mH | 0,21 Ω | 3% | 14 AWG",3.5,0.21,14.0,Air Core,https://www.soundimports.eu/en/jantzen-audio-000-2407.html,27.95
Jantzen Audio 000-5826,"Jantzen Audio 000-5826 | 3,5 mH | 0,15 Ω | 3% | 13 AWG",3.5,0.15,13.0,Air Core,https://www.soundimports.eu/en/jantzen-audio-000-5826.html,32.45
Jantzen Audio 000-1493,"Jantzen Audio 000-1493 | 3,5 mH | 0,68 Ω | 3% | 15 AWG",3.5,0.68,15.0,Air Core,https://www.soundimports.eu/en/jantzen-audio-000-1493.html,44.46
Jantzen Audio 000-8724,"Jantzen Audio 000-8724 | 3,5 mH | 0,79 Ω | 2% | 16 AWG",3.5,0.79,16.0,Air Core,https://www.soundimports.eu/en/jantzen-audio-000-8724.html,65.45
Jantzen Audio 000-8454,"Jantzen Audio 000-8454 | 3,5 mH | 0,54 Ω | 2% | 14 AWG",3.5,0.54,14.0,Air Core,https://www.soundimports.eu/en/jantzen-audio-000-8454.html,98.95
Jantzen Audio 000-8187,"Jantzen Audio 000-8187 | 3,5 mH | 0,39 Ω | 2% | 12 AWG",3.5,0.39,12.0,Air Core,https://www.soundimports.eu/en/jantzen-audio-000-8187.html,157.45
Jantzen Audio 000-1996,"Jantzen Audio 000-1996 | 3,58 mH | 0,81 Ω | 3% | 17 AWG",3.58,0.81,17.0,Air Core,https://www.soundimports.eu/en/jantzen-audio-000-1996.html,29.45
Jantzen Audio 000-0167,"Jantzen Audio 000-0167 | 3,6 mH | 1,08 Ω | 3% | 18 AWG",3.6,1.08,18.0,Air Core,https://www.soundimports.eu/en/jantzen-audio-000-0167.html,20.45
Jantzen Audio 000-7924,"Jantzen Audio 000-7924 | 3,6 mH | 0,78 Ω | 2% | 16 AWG",3.6,0.78,16.0,Air Core,https://www.soundimports.eu/en/jantzen-audio-000-7924.html,57.95
Jantzen Audio 000-5120,"Jantzen Audio 000-5120 | 3,7 mH | 0,35 Ω | 3% | 18 AWG",3.7,0.35,18.0,Air Core,https://www.soundimports.eu/en/jantzen-audio-000-5120.html,12.45
Jantzen Audio 000-5011,"Jantzen Audio 000-5011 | 3,8 mH | 0,28 Ω | 3% | 17 AWG",3.8,0.28,17.0,Air Core,https://www.soundimports.eu/en/jantzen-audio-000-5011.html,18.45
Jantzen Audio 000-5478,"Jantzen Audio 000-5478 | 3,9 mH | 0,36 Ω | 3% | 18 AWG",3.9,0.36,18.0,Air Core,https://www.soundimports.eu/en/jantzen-audio-000-5478.html,12.45
Jantzen Audio 000-5013,"Jantzen Audio 000-5013 | 3,9 mH | 0,28 Ω | 3% | 17 AWG",3.9,0.28,17.0,Air Core,https://www.soundimports.eu/en/jantzen-audio-000-5013.html,16.95
Jantzen Audio 000-5228,"Jantzen Audio 000-5228 | 3,9 mH | 0,19 Ω | 3% | 15 AWG",3.9,0.19,15.0,Air Core,https://www.soundimports.eu/en/jantzen-audio-000-5228.html,21.45
Jantzen Audio 000-1930,"Jantzen Audio 000-1930 | 3,9 mH | 1,25 Ω | 3% | 18 AWG",3.9,1.25,18.0,Air Core,https://www.soundimports.eu/en/jantzen-audio-000-1930.html,22.45
Monacor LSI-39T,"Monacor LSI-39T | 3,9 mH | 0,16 Ω | 5% | 18 AWG",3.9,0.16,18.0,Air Core,https://www.soundimports.eu/en/monacor-lsi-39t.html,23.45
"Mundorf VP100-3,9","Mundorf VP100-3,9 | 3,9 mH | 0,71 Ω | 3% | 18 AWG",3.9,0.71,18.0,Air Core,https://www.soundimports.eu/en/mundorf-vp100-39.html,25.95
Jantzen Audio 000-5425,"Jantzen Audio 000-5425 | 3,9 mH | 0,18 Ω | 3% | 14 AWG",3.9,0.18,14.0,Air Core,https://www.soundimports.eu/en/jantzen-audio-000-5425.html,26.95
"Mundorf L100-3,90","Mundorf L100-3,90 | 3,90 mH | 1,13 Ω | 2% | 18 AWG",3.9,1.13,18.0,Air Core,https://www.soundimports.eu/en/mundorf-l100-390.html,27.95
Jantzen Audio 000-1713,"Jantzen Audio 000-1713 | 3,9 mH | 0,85 Ω | 3% | 17 AWG",3.9,0.85,17.0,Air Core,https://www.soundimports.eu/en/jantzen-audio-000-1713.html,31.96
Jantzen Audio 000-6155,"Jantzen Audio 000-6155 | 3,9 mH | 0,08 Ω | 5% | 15 AWG",3.9,0.08,15.0,Air Core,https://www.soundimports.eu/en/jantzen-audio-000-6155.html,42.45
Jantzen Audio 000-1241,"Jantzen Audio 000-1241 | 3,9 mH | 0,66 Ω | 3% | 15 AWG",3.9,0.66,15.0,Air Core,https://www.soundimports.eu/en/jantzen-audio-000-1241.html,43.45
Intertechnik DR56/3.9/132,"Intertechnik DR56/3.9/132 | 3,9 mH | 0,25 Ω | 5% | 16 AWG",3.9,0.25,16.0,Air Core,https://www.soundimports.eu/en/it-intertechnik-dr56-3-9-132.html,44.46
Jantzen Audio 000-6160,"Jantzen Audio 000-6160 | 3,9 mH | 0,08 Ω | 5% | 14 AWG",3.9,0.08,14.0,Air Core,https://www.soundimports.eu/en/jantzen-audio-000-6160.html,49.0
Intertechnik DR56/3.9/140,"Intertechnik DR56/3.9/140 | 3,9 mH | 0,206 Ω | 5% | 15 AWG",3.9,0.206,15.0,Air Core,https://www.soundimports.eu/en/it-intertechnik-dr56-3-9-140.html,49.95
Audyn CO62/3.9/140,"Audyn CO62/3.9/140 | 3,9 mH | 0,42 Ω | 5% | 15 AWG",3.9,0.42,15.0,Air Core,https://www.soundimports.eu/en/audyn-co62-3-9-140.html,52.45
Mundorf BS140-3.9,Mundorf BS140-3.9 | 3.9 mH | 0.20 Ω | 3% | 15 AWG,3.9,0.2,15.0,Air Core,https://www.soundimports.eu/en/mundorf-bs140-39.html,58.95
Jantzen Audio 000-6180,"Jantzen Audio 000-6180 | 3,9 mH | 0,07 Ω | 5% | 13 AWG",3.9,0.07,13.0,Air Core,https://www.soundimports.eu/en/jantzen-audio-000-6180.html,59.45
Jantzen Audio 000-0036,"Jantzen Audio 000-0036 | 3,9 mH | 0,58 Ω | 3% | 14 AWG",3.9,0.58,14.0,Air Core,https://www.soundimports.eu/en/jantzen-audio-000-0036.html,59.45
Jantzen Audio 000-6170,"Jantzen Audio 000-6170 | 3,9 mH | 0,07 Ω | 5% | 14 AWG",3.9,0.07,14.0,Air Core,https://www.soundimports.eu/en/jantzen-audio-000-6170.html,60.45
Intertechnik LU92/3.9/140,"Intertechnik LU92/3.9/140 | 3,9 mH | 0,67 Ω | 3% | 15 AWG",3.9,0.67,15.0,Air Core,https://www.soundimports.eu/en/it-intertechnik-lu92-3-9-140.html,63.45
Jantzen Audio 000-7935,"Jantzen Audio 000-7935 | 3,9 mH | 0,82 Ω | 2% | 16 AWG",3.9,0.82,16.0,Air Core,https://www.soundimports.eu/en/jantzen-audio-000-7935.html,63.45
Jantzen Audio 000-6190,"Jantzen Audio 000-6190 | 3,9 mH | 0,05 Ω | 5% | 12 AWG",3.9,0.05,12.0,Air Core,https://www.soundimports.eu/en/jantzen-audio-000-6190.html,64.95
Jantzen Audio 000-8730,"Jantzen Audio 000-8730 | 3,9 mH | 0,83 Ω | 2% | 16 AWG",3.9,0.83,16.0,Air Core,https://www.soundimports.eu/en/jantzen-audio-000-8730.html,71.45
Intertechnik AT92/390/132,"Intertechnik AT92/390/132 | 3,9 mH | 0,72 Ω | 3% | 16 AWG",3.9,0.72,16.0,Air Core,https://www.soundimports.eu/en/it-intertechnik-at92-390-132.html,72.45
"Mundorf CFC16-3,90","Mundorf CFC16-3,90 | 3,90 mH | 0,84 Ω | 2% | 16,5 AWG",3.9,0.84,16.5,Air Core,https://www.soundimports.eu/en/mundorf-cfc16-390.html,79.94
Jantzen Audio 000-7512,"Jantzen Audio 000-7512 | 3,9 mH | 0,53 Ω | 2% | 14 AWG",3.9,0.53,14.0,Air Core,https://www.soundimports.eu/en/jantzen-audio-000-7512.html,92.46
Intertechnik TRI92/3.9/0.50,"Intertechnik TRI92/3.9/0.50 | 3,9 mH | 0,78 Ω | 1% | 7 x 24 AWG",3.9,0.78,7.0,Air Core,https://www.soundimports.eu/en/it-intertechnik-tri92-3-9-0-50.html,96.45
Jantzen Audio 000-8460,"Jantzen Audio 000-8460 | 3,9 mH | 0,60 Ω | 2% | 14 AWG",3.9,0.6,14.0,Air Core,https://www.soundimports.eu/en/jantzen-audio-000-8460.html,101.45
"Mundorf CFC14-3,90","Mundorf CFC14-3,90 | 3,90 mH | 0,55 Ω | 2% | 14 AWG",3.9,0.55,14.0,Air Core,https://www.soundimports.eu/en/mundorf-cfc14-390.html,129.95
Intertechnik LU120/3.9/20,"Intertechnik LU120/3.9/20 | 3,9 mH | 0,39 Ω | 3% | 12 AWG",3.9,0.39,12.0,Air Core,https://www.soundimports.eu/en/it-intertechnik-lu120-3-9-20.html,144.95
Jantzen Audio 000-7120,"Jantzen Audio 000-7120 | 3,9 mH | 0,42 Ω | 2% | 12 AWG",3.9,0.42,12.0,Air Core,https://www.soundimports.eu/en/jantzen-audio-000-7120.html,154.44
Intertechnik TRI/120/3.90/0.60,"Intertechnik TRI/120/3.90/0.60 | 3,9 mH | 0,58 Ω | 1% | 7 x 23 AWG",3.9,0.58,7.0,Air Core,https://www.soundimports.eu/en/it-intertechnik-tri-120-3-90-0-60.html,174.95
Intertechnik TRI120/3.90/0.80,"Intertechnik TRI120/3.90/0.80 | 3,9 mH | 0,39 Ω | 1% | 7 x 20 AWG",3.9,0.39,7.0,Air Core,https://www.soundimports.eu/en/it-intertechnik-tri120-3-90-0-80.html,249.95
Jantzen Audio 000-5211,"Jantzen Audio 000-5211 | 4,0 mH | 0,37 Ω | 3% | 18 AWG",4.0,0.37,18.0,Air Core,https://www.soundimports.eu/en/jantzen-audio-000-5211.html,12.95
Jantzen Audio 000-5154,"Jantzen Audio 000-5154 | 4,0 mH | 0,425 Ω | 3% | 18 AWG",4.0,0.425,18.0,Air Core,https://www.soundimports.eu/en/jantzen-audio-000-5154.html,14.96
Dayton Audio IC184,Dayton Audio IC184 | 4.0 mH | 0.46 Ω | 3% | 18 AWG,4.0,0.46,18.0,Air Core,https://www.soundimports.eu/en/dayton-audio-ic184.html,17.45
Jantzen Audio 000-5170,"Jantzen Audio 000-5170 | 4 mH | 0,29 Ω | 3% | 17 AWG",4.0,0.29,17.0,Air Core,https://www.soundimports.eu/en/jantzen-audio-000-5170.html,17.94
Jantzen Audio 000-5447,"Jantzen Audio 000-5447 | 4,0 mH | 0,20 Ω | 3% | 15 AWG",4.0,0.2,15.0,Air Core,https://www.soundimports.eu/en/jantzen-audio-000-5447.html,20.45
Jantzen Audio 000-1956,"Jantzen Audio 000-1956 | 4 mH | 1,27 Ω | 3% | 18 AWG",4.0,1.27,18.0,Air Core,https://www.soundimports.eu/en/jantzen-audio-000-1956.html,22.45
Dayton Audio LW184,Dayton Audio LW184 | 4.0 mH | 1.20 Ω | 3% | 18 AWG,4.0,1.2,18.0,Air Core,https://www.soundimports.eu/en/dayton-audio-lw184.html,25.95
Jantzen Audio 000-0181,"Jantzen Audio 000-0181 | 4,0 mH | 0,83 Ω | 3% | 17 AWG",4.0,0.83,17.0,Air Core,https://www.soundimports.eu/en/jantzen-audio-000-0181.html,30.95
Jantzen Audio 000-6200,"Jantzen Audio 000-6200 | 4,0 mH | 0,08 Ω | 5% | 15 AWG",4.0,0.08,15.0,Air Core,https://www.soundimports.eu/en/jantzen-audio-000-6200.html,39.95
Jantzen Audio 000-1099,"Jantzen Audio 000-1099 | 4 mH | 0,73 Ω | 3% | 15 AWG",4.0,0.73,15.0,Air Core,https://www.soundimports.eu/en/jantzen-audio-000-1099.html,47.44
Jantzen Audio 000-0047,"Jantzen Audio 000-0047 | 4 mH | 0,6 Ω | 3% | 14 AWG",4.0,0.6,14.0,Air Core,https://www.soundimports.eu/en/jantzen-audio-000-0047.html,62.45
Jantzen Audio 000-7940,"Jantzen Audio 000-7940 | 4,0 mH | 0,83 Ω | 2% | 16 AWG",4.0,0.83,16.0,Air Core,https://www.soundimports.eu/en/jantzen-audio-000-7940.html,65.45
Jantzen Audio 000-7513,"Jantzen Audio 000-7513 | 4,0 mH | 0,60 Ω | 2% | 14 AWG",4.0,0.6,14.0,Air Core,https://www.soundimports.eu/en/jantzen-audio-000-7513.html,94.45
Jantzen Audio 000-8200,"Jantzen Audio 000-8200 | 4,0 mH | 0,43 Ω | 2% | 12 AWG",4.0,0.43,12.0,Air Core,https://www.soundimports.eu/en/jantzen-audio-000-8200.html,171.95
Jantzen Audio 000-8462-5,"Jantzen Audio 000-8462-5 | 4,05 mH | 0,60 Ω | 2% | 14 AWG",4.05,0.6,14.0,Air Core,https://www.soundimports.eu/en/jantzen-audio-000-8462-5.html,102.45
Jantzen Audio 000-5103,"Jantzen Audio 000-5103 | 4,1 mH | 0,37 Ω | 3% | 18 AWG",4.1,0.37,18.0,Air Core,https://www.soundimports.eu/en/jantzen-audio-000-5103.html,14.96
Jantzen Audio 000-8733,"Jantzen Audio 000-8733 | 4,2 mH | 0,87 Ω | 2% | 16 AWG",4.2,0.87,16.0,Air Core,https://www.soundimports.eu/en/jantzen-audio-000-8733.html,66.95
Jantzen Audio 000-5023,"Jantzen Audio 000-5023 | 4,3 mH | 0,40 Ω | 3% | 18 AWG",4.3,0.4,18.0,Air Core,https://www.soundimports.eu/en/jantzen-audio-000-5023.html,13.46
Jantzen Audio 000-8735,"Jantzen Audio 000-8735 | 4,3 mH | 0,88 Ω | 2% | 16 AWG",4.3,0.88,16.0,Air Core,https://www.soundimports.eu/en/jantzen-audio-000-8735.html,70.45
Jantzen Audio 000-8205,"Jantzen Audio 000-8205 | 4,3 mH | 0,45 Ω | 2% | 12 AWG",4.3,0.45,12.0,Air Core,https://www.soundimports.eu/en/jantzen-audio-000-8205.html,163.45
Jantzen Audio 000-0059,"Jantzen Audio 000-0059 | 4,4 mH | 0,51 Ω | 3% | 13 AWG",4.4,0.51,13.0,Air Core,https://www.soundimports.eu/en/jantzen-audio-000-0059.html,80.95
Jantzen Audio 000-1043,"Jantzen Audio 000-1043 | 4,43 mH | 1,29 Ω | 3% | 18 AWG",4.43,1.29,18.0,Air Core,https://www.soundimports.eu/en/jantzen-audio-000-1043.html,22.45
Jantzen Audio 000-5045,"Jantzen Audio 000-5045 | 4,5 mH | 0,47 Ω | 3% | 18 AWG",4.5,0.47,18.0,Air Core,https://www.soundimports.eu/en/jantzen-audio-000-5045.html,13.95
Jantzen Audio 000-5245,"Jantzen Audio 000-5245 | 4,5 mH | 0,39 Ω | 3% | 18 AWG",4.5,0.39,18.0,Air Core,https://www.soundimports.eu/en/jantzen-audio-000-5245.html,14.96
Dayton Audio IC184-5,Dayton Audio IC184-5 | 4.5 mH | 0.46 Ω | 3% | 18 AWG,4.5,0.46,18.0,Air Core,https://www.soundimports.eu/en/dayton-audio-ic184-5.html,18.95
Jantzen Audio 000-1957,"Jantzen Audio 000-1957 | 4,5 mH | 1,25 Ω | 3% | 18 AWG",4.5,1.25,18.0,Air Core,https://www.soundimports.eu/en/jantzen-audio-000-1957.html,23.95
Jantzen Audio 000-0923,"Jantzen Audio 000-0923 | 4,5 mH | 0,93 Ω | 3% | 17 AWG",4.5,0.93,17.0,Air Core,https://www.soundimports.eu/en/jantzen-audio-000-0923.html,33.44
Jantzen Audio 000-1468,"Jantzen Audio 000-1468 | 4,5 mH | 0,8 Ω | 3% | 15 AWG",4.5,0.8,15.0,Air Core,https://www.soundimports.eu/en/jantzen-audio-000-1468.html,49.95
Jantzen Audio 000-5477,"Jantzen Audio 000-5477 | 4,7 mH | 0,41 Ω | 3% | 18 AWG",4.7,0.41,18.0,Air Core,https://www.soundimports.eu/en/jantzen-audio-000-5477.html,13.46
Jantzen Audio 000-5251,"Jantzen Audio 000-5251 | 4,7 mH | 0,35 Ω | 3% | 18 AWG",4.7,0.35,18.0,Air Core,https://www.soundimports.eu/en/jantzen-audio-000-5251.html,15.45
Jantzen Audio 000-5104,"Jantzen Audio 000-5104 | 4,7 mH | 0,40 Ω | 3% | 18 AWG",4.7,0.4,18.0,Air Core,https://www.soundimports.eu/en/jantzen-audio-000-5104.html,15.45
Dayton Audio IC184-7,Dayton Audio IC184-7 | 4.7 mH | 0.47 Ω | 3% | 18 AWG,4.7,0.47,18.0,Air Core,https://www.soundimports.eu/en/dayton-audio-ic184-7.html,19.44
Jantzen Audio 000-2437,"Jantzen Audio 000-2437 | 4,7 mH | 0,38 Ω | 3% | 17 AWG",4.7,0.38,17.0,Air Core,https://www.soundimports.eu/en/jantzen-audio-000-2437.html,19.44
Jantzen Audio 000-5301,"Jantzen Audio 000-5301 | 4,7 mH | 0,31 Ω | 3% | 17 AWG",4.7,0.31,17.0,Air Core,https://www.soundimports.eu/en/jantzen-audio-000-5301.html,19.44
Jantzen Audio 000-5119,"Jantzen Audio 000-5119 | 4,7 mH | 0,23 Ω | 3% | 15 AWG",4.7,0.23,15.0,Air Core,https://www.soundimports.eu/en/jantzen-audio-000-5119.html,23.45
Jantzen Audio 000-5043,"Jantzen Audio 000-5043 | 4,7 mH | 0,26 Ω | 3% | 15 AWG",4.7,0.26,15.0,Air Core,https://www.soundimports.eu/en/jantzen-audio-000-5043.html,23.45
Jantzen Audio 000-1240,"Jantzen Audio 000-1240 | 4,7 mH | 1,33 Ω | 3% | 18 AWG",4.7,1.33,18.0,Air Core,https://www.soundimports.eu/en/jantzen-audio-000-1240.html,24.45
"Mundorf VP100-4,7","Mundorf VP100-4,7 | 4,7 mH | 0,80 Ω | 3% | 18 AWG",4.7,0.8,18.0,Air Core,https://www.soundimports.eu/en/mundorf-vp100-47.html,27.95
Monacor LSI-47T,"Monacor LSI-47T | 4,7 mH | 0,14 Ω | 5% | 17 AWG",4.7,0.14,17.0,Air Core,https://www.soundimports.eu/en/monacor-lsi-47t.html,28.96
Jantzen Audio 000-5424,"Jantzen Audio 000-5424 | 4,7 mH | 0,2 Ω | 3% | 14 AWG",4.7,0.2,14.0,Air Core,https://www.soundimports.eu/en/jantzen-audio-000-5424.html,29.45
"Mundorf L100-4,70","Mundorf L100-4,70 | 4,70 mH | 1,22 Ω | 2% | 18 AWG",4.7,1.22,18.0,Air Core,https://www.soundimports.eu/en/mundorf-l100-470.html,29.95
Jantzen Audio 000-1714,"Jantzen Audio 000-1714 | 4,7 mH | 0,97 Ω | 3% | 17 AWG",4.7,0.97,17.0,Air Core,https://www.soundimports.eu/en/jantzen-audio-000-1714.html,35.45
Intertechnik HQ58/4.7/140,"Intertechnik HQ58/4.7/140 | 4,7 mH | 0,19 Ω | 5% | 15 AWG",4.7,0.19,15.0,Air Core,https://www.soundimports.eu/en/it-intertechnik-hq58-4-7-140.html,41.95
Intertechnik DR56/4.7/118,"Intertechnik DR56/4.7/118 | 4,7 mH | 0,33 Ω | 5% | 17 AWG",4.7,0.33,17.0,Air Core,https://www.soundimports.eu/en/it-intertechnik-dr56-4-7-118.html,43.25
Jantzen Audio 000-1187,"Jantzen Audio 000-1187 | 4,7 mH | 0,76 Ω | 3% | 15 AWG",4.7,0.76,15.0,Air Core,https://www.soundimports.eu/en/jantzen-audio-000-1187.html,46.95
Intertechnik DR56/4.7/140,"Intertechnik DR56/4.7/140 | 4,7 mH | 0,229 Ω | 5% | 15 AWG",4.7,0.229,15.0,Air Core,https://www.soundimports.eu/en/it-intertechnik-dr56-4-7-140.html,47.25
Jantzen Audio 000-6225,"Jantzen Audio 000-6225 | 4,7 mH | 0,07 Ω | 5% | 14 AWG",4.7,0.07,14.0,Air Core,https://www.soundimports.eu/en/jantzen-audio-000-6225.html,61.46
Jantzen Audio 000-6245,"Jantzen Audio 000-6245 | 4,7 mH | 0,05 Ω | 5% | 12 AWG",4.7,0.05,12.0,Air Core,https://www.soundimports.eu/en/jantzen-audio-000-6245.html,66.95
Jantzen Audio 000-7948,"Jantzen Audio 000-7948 | 4,7 mH | 0,84 Ω | 2% | 16 AWG",4.7,0.84,16.0,Air Core,https://www.soundimports.eu/en/jantzen-audio-000-7948.html,66.95
Jantzen Audio 000-0037,"Jantzen Audio 000-0037 | 4,7 mH | 0,65 Ω | 3% | 14 AWG",4.7,0.65,14.0,Air Core,https://www.soundimports.eu/en/jantzen-audio-000-0037.html,67.45
Audyn CO92/4.7/140,"Audyn CO92/4.7/140 | 4,7 mH | 0,52 Ω | 5% | 15 AWG",4.7,0.52,15.0,Air Core,https://www.soundimports.eu/en/audyn-co92-4-7-140.html,68.45
Intertechnik LU92/4.7/140,"Intertechnik LU92/4.7/140 | 4,7 mH | 0,74 Ω | 3% | 15 AWG",4.7,0.74,15.0,Air Core,https://www.soundimports.eu/en/it-intertechnik-lu92-4-7-140.html,68.95
Jantzen Audio 000-8740,"Jantzen Audio 000-8740 | 4,7 mH | 0,92 Ω | 2% | 16 AWG",4.7,0.92,16.0,Air Core,https://www.soundimports.eu/en/jantzen-audio-000-8740.html,72.45
Intertechnik AT92/470/132,"Intertechnik AT92/470/132 | 4,7 mH | 0,81 Ω | 3% | 16 AWG",4.7,0.81,16.0,Air Core,https://www.soundimports.eu/en/it-intertechnik-at92-470-132.html,77.95
"Mundorf CFC16-4,70","Mundorf CFC16-4,70 | 4,70 mH | 0,93 Ω | 2% | 16,5 AWG",4.7,0.93,16.5,Air Core,https://www.soundimports.eu/en/mundorf-cfc16-470.html,89.95
Intertechnik TRI92/4.7/0.50,"Intertechnik TRI92/4.7/0.50 | 4,7 mH | 0,88 Ω | 1% | 7 x 24 AWG",4.7,0.88,7.0,Air Core,https://www.soundimports.eu/en/it-intertechnik-tri92-4-7-0-50.html,104.96
"Mundorf CFC14-4,70","Mundorf CFC14-4,70 | 4,70 mH | 0,62 Ω | 2% | 14 AWG",4.7,0.62,14.0,Air Core,https://www.soundimports.eu/en/mundorf-cfc14-470.html,139.95
Intertechnik LU120/4.7/20,"Intertechnik LU120/4.7/20 | 4,7 mH | 0,43 Ω | 3% | 12 AWG",4.7,0.43,12.0,Air Core,https://www.soundimports.eu/en/it-intertechnik-lu120-4-7-20.html,152.96
Jantzen Audio 000-7125,"Jantzen Audio 000-7125 | 4,7 mH | 0,47 Ω | 2% | 12 AWG",4.7,0.47,12.0,Air Core,https://www.soundimports.eu/en/jantzen-audio-000-7125.html,166.96
Intertechnik TRI120/4.7/0.80,"Intertechnik TRI120/4.7/0.80 | 4,7 mH | 0,43 Ω | 1% | 7 x 20 AWG",4.7,0.43,7.0,Air Core,https://www.soundimports.eu/en/it-intertechnik-tri120-4-7-0-80.html,259.94
Dayton Audio IC185,Dayton Audio IC185 | 5.0 mH | 0.49 Ω | 3% | 18 AWG,5.0,0.49,18.0,Air Core,https://www.soundimports.eu/en/dayton-audio-ic185.html,18.95
Jantzen Audio 000-5464,"Jantzen Audio 000-5464 | 5 mH | 0,36 Ω | 3% | 17 AWG",5.0,0.36,17.0,Air Core,https://www.soundimports.eu/en/jantzen-audio-000-5464.html,19.44
Jantzen Audio 000-5164,"Jantzen Audio 000-5164 | 5,0 mH | 0,24 Ω | 3% | 15 AWG",5.0,0.24,15.0,Air Core,https://www.soundimports.eu/en/jantzen-audio-000-5164.html,23.45
Jantzen Audio 000-1892,"Jantzen Audio 000-1892 | 5 mH | 1,36 Ω | 3% | 18 AWG",5.0,1.36,18.0,Air Core,https://www.soundimports.eu/en/jantzen-audio-000-1892.html,23.45
Dayton Audio LW185,Dayton Audio LW185 | 5.0 mH | 1.33 Ω | 3% | 18 AWG,5.0,1.33,18.0,Air Core,https://www.soundimports.eu/en/dayton-audio-lw185.html,28.96
Jantzen Audio 000-6260,"Jantzen Audio 000-6260 | 5,0 mH | 0,10 Ω | 5% | 15 AWG",5.0,0.1,15.0,Air Core,https://www.soundimports.eu/en/jantzen-audio-000-6260.html,44.46
Jantzen Audio 000-6265,"Jantzen Audio 000-6265 | 5,0 mH | 0,07 Ω | 5% | 13 AWG",5.0,0.07,13.0,Air Core,https://www.soundimports.eu/en/jantzen-audio-000-6265.html,66.45
Jantzen Audio 000-7953,"Jantzen Audio 000-7953 | 5,0 mH | 0,94 Ω | 2% | 16 AWG",5.0,0.94,16.0,Air Core,https://www.soundimports.eu/en/jantzen-audio-000-7953.html,72.45
Jantzen Audio 000-0138,"Jantzen Audio 000-0138 | 5,0 mH | 0,54 Ω | 3% | 13 AWG",5.0,0.54,13.0,Air Core,https://www.soundimports.eu/en/jantzen-audio-000-0138.html,86.95
Jantzen Audio 000-8473,"Jantzen Audio 000-8473 | 5,0 mH | 0,67 Ω | 2% | 14 AWG",5.0,0.67,14.0,Air Core,https://www.soundimports.eu/en/jantzen-audio-000-8473.html,112.95
Jantzen Audio 000-0937,"Jantzen Audio 000-0937 | 5,1 mH | 1,01 Ω | 3% | 17 AWG",5.1,1.01,17.0,Air Core,https://www.soundimports.eu/en/jantzen-audio-000-0937.html,36.45
Jantzen Audio 000-5338,"Jantzen Audio 000-5338 | 5,2 mH | 0,44 Ω | 3% | 18 AWG",5.2,0.44,18.0,Air Core,https://www.soundimports.eu/en/jantzen-audio-000-5338.html,15.45
Jantzen Audio 000-5159,"Jantzen Audio 000-5159 | 5,2 mH | 0,34 Ω | 3% | 17 AWG",5.2,0.34,17.0,Air Core,https://www.soundimports.eu/en/jantzen-audio-000-5159.html,19.44
Jantzen Audio 000-5423,"Jantzen Audio 000-5423 | 5,2 mH | 0,22 Ω | 3% | 14 AWG",5.2,0.22,14.0,Air Core,https://www.soundimports.eu/en/jantzen-audio-000-5423.html,30.46
Jantzen Audio 000-6275,"Jantzen Audio 000-6275 | 5,2 mH | 0,07 Ω | 5% | 13 AWG",5.2,0.07,13.0,Air Core,https://www.soundimports.eu/en/jantzen-audio-000-6275.html,67.45
Jantzen Audio 000-8475,"Jantzen Audio 000-8475 | 5,2 mH | 0,67 Ω | 2% | 14 AWG",5.2,0.67,14.0,Air Core,https://www.soundimports.eu/en/jantzen-audio-000-8475.html,114.45
Jantzen Audio 000-8215,"Jantzen Audio 000-8215 | 5,2 mH | 0,50 Ω | 2% | 12 AWG",5.2,0.5,12.0,Air Core,https://www.soundimports.eu/en/jantzen-audio-000-8215.html,187.45
Jantzen Audio 000-0805,"Jantzen Audio 000-0805 | 5,4 mH | 1,33 Ω | 3% | 18 AWG",5.4,1.33,18.0,Air Core,https://www.soundimports.eu/en/jantzen-audio-000-0805.html,25.45
Jantzen Audio 000-5107,"Jantzen Audio 000-5107 | 5,5 mH | 0,445 Ω | 3% | 18 AWG",5.5,0.445,18.0,Air Core,https://www.soundimports.eu/en/jantzen-audio-000-5107.html,15.95
Dayton Audio IC185-5,Dayton Audio IC185-5 | 5.5 mH | 0.50 Ω | 3% | 18 AWG,5.5,0.5,18.0,Air Core,https://www.soundimports.eu/en/dayton-audio-ic185-5.html,22.45
Dayton Audio LW185-5,Dayton Audio LW185-5 | 5.5 mH | 1.47 Ω | 3% | 18 AWG,5.5,1.47,18.0,Air Core,https://www.soundimports.eu/en/dayton-audio-lw185-5.html,32.45
Jantzen Audio 000-5250,"Jantzen Audio 000-5250 | 5,6 mH | 0,40 Ω | 3% | 18 AWG",5.6,0.4,18.0,Air Core,https://www.soundimports.eu/en/jantzen-audio-000-5250.html,16.46
Jantzen Audio 000-5254,"Jantzen Audio 000-5254 | 5,6 mH | 0,51 Ω | 3% | 18 AWG",5.6,0.51,18.0,Air Core,https://www.soundimports.eu/en/jantzen-audio-000-5254.html,16.46
Jantzen Audio 000-5176,"Jantzen Audio 000-5176 | 5,6 mH | 0,25 Ω | 3% | 15 AWG",5.6,0.25,15.0,Air Core,https://www.soundimports.eu/en/jantzen-audio-000-5176.html,24.45
Jantzen Audio 000-1538,"Jantzen Audio 000-1538 | 5,6 mH | 1,40 Ω | 3% | 18 AWG",5.6,1.4,18.0,Air Core,https://www.soundimports.eu/en/jantzen-audio-000-1538.html,25.45
"Mundorf L100-5,60","Mundorf L100-5,60 | 5,60 mH | 1,35 Ω | 2% | 18 AWG",5.6,1.35,18.0,Air Core,https://www.soundimports.eu/en/mundorf-l100-560.html,32.95
Monacor LSI-56T,"Monacor LSI-56T | 5,6 mH | 0,15 Ω | 5% | 17 AWG",5.6,0.15,17.0,Air Core,https://www.soundimports.eu/en/monacor-lsi-56t.html,34.94
Jantzen Audio 000-6285,"Jantzen Audio 000-6285 | 5,6 mH | 0,11 Ω | 5% | 15 AWG",5.6,0.11,15.0,Air Core,https://www.soundimports.eu/en/jantzen-audio-000-6285.html,41.95
Intertechnik DR56/5.6/118,"Intertechnik DR56/5.6/118 | 5,6 mH | 0,37 Ω | 5% | 17 AWG",5.6,0.37,17.0,Air Core,https://www.soundimports.eu/en/it-intertechnik-dr56-5-6-118.html,42.96
Intertechnik HQ58/5.6/140,"Intertechnik HQ58/5.6/140 | 5,6 mH | 0,22 Ω | 5% | 15 AWG",5.6,0.22,15.0,Air Core,https://www.soundimports.eu/en/it-intertechnik-hq58-5-6-140.html,43.45
Jantzen Audio 000-1546,"Jantzen Audio 000-1546 | 5,6 mH | 0,87 Ω | 3% | 15 AWG",5.6,0.87,15.0,Air Core,https://www.soundimports.eu/en/jantzen-audio-000-1546.html,54.45
Intertechnik DR56/5.6/140,"Intertechnik DR56/5.6/140 | 5,6 mH | 0,256 Ω | 5% | 15 AWG",5.6,0.256,15.0,Air Core,https://www.soundimports.eu/en/it-intertechnik-dr56-5-6-140.html,55.95
Jantzen Audio 000-6295,"Jantzen Audio 000-6295 | 5,6 mH | 0,09 Ω | 5% | 14 AWG",5.6,0.09,14.0,Air Core,https://www.soundimports.eu/en/jantzen-audio-000-6295.html,62.45
Jantzen Audio 000-L-0560,"Jantzen Audio 000-L-0560 | 5,6 mH | 1,05 Ω | 3% | 15 AWG",5.6,1.05,15.0,Air Core,https://www.soundimports.eu/en/jantzen-audio-000-l-0560.html,69.95
Audyn CO92/5.6/140,"Audyn CO92/5.6/140 | 5,6 mH | 0,56 Ω | 5% | 15 AWG",5.6,0.56,15.0,Air Core,https://www.soundimports.eu/en/audyn-co92-5-6-140.html,72.45
Jantzen Audio 000-0038,"Jantzen Audio 000-0038 | 5,6 mH | 0,70 Ω | 3% | 14 AWG",5.6,0.7,14.0,Air Core,https://www.soundimports.eu/en/jantzen-audio-000-0038.html,72.45
Intertechnik LU92/5.6/140,"Intertechnik LU92/5.6/140 | 5,6 mH | 0,83 Ω | 3% | 15 AWG",5.6,0.83,15.0,Air Core,https://www.soundimports.eu/en/it-intertechnik-lu92-5-6-140.html,74.95
Jantzen Audio 000-8755,"Jantzen Audio 000-8755 | 5,6 mH | 0,98 Ω | 2% | 16 AWG",5.6,0.98,16.0,Air Core,https://www.soundimports.eu/en/jantzen-audio-000-8755.html,86.45
"Mundorf CFC16-5,60","Mundorf CFC16-5,60 | 5,60 mH | 1,05 Ω | 2% | 16,5 AWG",5.6,1.05,16.5,Air Core,https://www.soundimports.eu/en/mundorf-cfc16-560.html,99.95
Intertechnik TRI120/5.60/0.50,"Intertechnik TRI120/5.60/0.50 | 5,6 mH | 0,99 Ω | 1% | 7 x 24 AWG",5.6,0.99,7.0,Air Core,https://www.soundimports.eu/en/it-intertechnik-tri120-5-60-0-50.html,108.45
Jantzen Audio 000-8485,"Jantzen Audio 000-8485 | 5,6 mH | 0,7 Ω | 2% | 14 AWG",5.6,0.7,14.0,Air Core,https://www.soundimports.eu/en/jantzen-audio-000-8485.html,128.45
"Mundorf CFC14-5,60","Mundorf CFC14-5,60 | 5,60 mH | 0,68 Ω | 2% | 14 AWG",5.6,0.68,14.0,Air Core,https://www.soundimports.eu/en/mundorf-cfc14-560.html,149.96
Intertechnik LU120/5.6/20,"Intertechnik LU120/5.6/20 | 5,6 mH | 0,47 Ω | 3% | 12 AWG",5.6,0.47,12.0,Air Core,https://www.soundimports.eu/en/it-intertechnik-lu120-5-6-20.html,169.94
Jantzen Audio 000-8225,"Jantzen Audio 000-8225 | 5,6 mH | 0,52 Ω | 2% | 12 AWG",5.6,0.52,12.0,Air Core,https://www.soundimports.eu/en/jantzen-audio-000-8225.html,189.95
Jantzen Audio 000-7135,"Jantzen Audio 000-7135 | 5,6 mH | 0,47 Ω | 2% | 12 AWG",5.6,0.47,12.0,Air Core,https://www.soundimports.eu/en/jantzen-audio-000-7135.html,194.96
Intertechnik TRI/120/5.60/0.60,"Intertechnik TRI/120/5.60/0.60 | 5,6 mH | 0,71 Ω | 1% | 7 x 23 AWG",5.6,0.71,7.0,Air Core,https://www.soundimports.eu/en/it-intertechnik-tri-120-5-60-0-60.html,199.95
Intertechnik TRI120/5.60/0.80,"Intertechnik TRI120/5.60/0.80 | 5,6 mH | 0,49 Ω | 1% | 7 x 20 AWG",5.6,0.49,7.0,Air Core,https://www.soundimports.eu/en/it-intertechnik-tri120-5-60-0-80.html,269.95
Jantzen Audio 000-5830,"Jantzen Audio 000-5830 | 5,7 mH | 0,48 Ω | 3% | 18 AWG",5.7,0.48,18.0,Air Core,https://www.soundimports.eu/en/jantzen-audio-000-5830.html,15.95
Jantzen Audio 000-2111,"Jantzen Audio 000-2111 | 6 mH | 0,61 Ω | 3% | 18 AWG",6.0,0.61,18.0,Air Core,https://www.soundimports.eu/en/jantzen-audio-000-2111.html,14.45
Jantzen Audio 000-5029,"Jantzen Audio 000-5029 | 6,0 mH | 0,37 Ω | 3% | 17 AWG",6.0,0.37,17.0,Air Core,https://www.soundimports.eu/en/jantzen-audio-000-5029.html,19.44
Dayton Audio IC186,Dayton Audio IC186 | 6.0 mH | 0.55 Ω | 3% | 18 AWG,6.0,0.55,18.0,Air Core,https://www.soundimports.eu/en/dayton-audio-ic186.html,23.45
Jantzen Audio 000-5163,"Jantzen Audio 000-5163 | 6,0 mH | 0,27 Ω | 3% | 15 AWG",6.0,0.27,15.0,Air Core,https://www.soundimports.eu/en/jantzen-audio-000-5163.html,24.95
Jantzen Audio 000-1958,"Jantzen Audio 000-1958 | 6,0 mH | 1,45 Ω | 3% | 18 AWG",6.0,1.45,18.0,Air Core,https://www.soundimports.eu/en/jantzen-audio-000-1958.html,27.45
Dayton Audio LW186,Dayton Audio LW186 | 6.0 mH | 1.48 Ω | 3% | 18 AWG,6.0,1.48,18.0,Air Core,https://www.soundimports.eu/en/dayton-audio-lw186.html,32.45
Jantzen Audio 000-6315,"Jantzen Audio 000-6315 | 6 mH | 0,12 Ω | 5% | 15 AWG",6.0,0.12,15.0,Air Core,https://www.soundimports.eu/en/jantzen-audio-000-6315.html,42.45
Jantzen Audio 000-5378,"Jantzen Audio 000-5378 | 6,2 mH | 0,49 Ω | 3% | 18 AWG",6.2,0.49,18.0,Air Core,https://www.soundimports.eu/en/jantzen-audio-000-5378.html,16.46
Jantzen Audio 000-6320,"Jantzen Audio 000-6320 | 6,2 mH | 0,09 Ω | 5% | 14 AWG",6.2,0.09,14.0,Air Core,https://www.soundimports.eu/en/jantzen-audio-000-6320.html,61.95
Jantzen Audio 000-0039,"Jantzen Audio 000-0039 | 6,2 mH | 0,75 Ω | 3% | 14 AWG",6.2,0.75,14.0,Air Core,https://www.soundimports.eu/en/jantzen-audio-000-0039.html,76.45
Jantzen Audio 000-8765,"Jantzen Audio 000-8765 | 6,2 mH | 1,16 Ω | 2% | 16 AWG",6.2,1.16,16.0,Air Core,https://www.soundimports.eu/en/jantzen-audio-000-8765.html,89.95
Jantzen Audio 000-1768,"Jantzen Audio 000-1768 | 6,4 mH | 1,54 Ω | 3% | 18 AWG",6.4,1.54,18.0,Air Core,https://www.soundimports.eu/en/jantzen-audio-000-1768.html,27.45
Jantzen Audio 000-5505,"Jantzen Audio 000-5505 | 6,5 mH | 0,29 Ω | 3% | 15 AWG",6.5,0.29,15.0,Air Core,https://www.soundimports.eu/en/jantzen-audio-000-5505.html,25.95
Jantzen Audio 000-5413,"Jantzen Audio 000-5413 | 6,6 mH | 0,29 Ω | 3% | 15 AWG",6.6,0.29,15.0,Air Core,https://www.soundimports.eu/en/jantzen-audio-000-5413.html,25.45
Jantzen Audio 000-6350,"Jantzen Audio 000-6350 | 6,6 mH | 0,10 Ω | 5% | 14 AWG",6.6,0.1,14.0,Air Core,https://www.soundimports.eu/en/jantzen-audio-000-6350.html,62.94
Jantzen Audio 000-7203,"Jantzen Audio 000-7203 | 6,6 mH | 0,56 Ω | 2% | 12 AWG",6.6,0.56,12.0,Air Core,https://www.soundimports.eu/en/jantzen-audio-000-7203.html,199.95
Jantzen Audio 000-2040,"Jantzen Audio 000-2040 | 6,8 mH | 0,85 Ω | 3% | 18 AWG",6.8,0.85,18.0,Air Core,https://www.soundimports.eu/en/jantzen-audio-000-2040.html,18.45
Jantzen Audio 000-5210,"Jantzen Audio 000-5210 | 6,8 mH | 0,35 Ω | 3% | 17 AWG",6.8,0.35,17.0,Air Core,https://www.soundimports.eu/en/jantzen-audio-000-5210.html,21.45
Jantzen Audio 000-5305,"Jantzen Audio 000-5305 | 6,8 mH | 0,40 Ω | 3% | 17 AWG",6.8,0.4,17.0,Air Core,https://www.soundimports.eu/en/jantzen-audio-000-5305.html,21.45
Jantzen Audio 000-5173,"Jantzen Audio 000-5173 | 6,8 mH | 0,29 Ω | 3% | 15 AWG",6.8,0.29,15.0,Air Core,https://www.soundimports.eu/en/jantzen-audio-000-5173.html,26.95
Jantzen Audio 000-1707,"Jantzen Audio 000-1707 | 6,8 mH | 1,59 Ω | 3% | 18 AWG",6.8,1.59,18.0,Air Core,https://www.soundimports.eu/en/jantzen-audio-000-1707.html,27.95
Monacor LSI-68T,"Monacor LSI-68T | 6,8 mH | 0,16 Ω | 5% | 17 AWG",6.8,0.16,17.0,Air Core,https://www.soundimports.eu/en/monacor-lsi-68t.html,32.95
Jantzen Audio 000-5601,"Jantzen Audio 000-5601 | 6,8 mH | 0,23 Ω | 3% | 14 AWG",6.8,0.23,14.0,Air Core,https://www.soundimports.eu/en/jantzen-audio-000-5601.html,33.44
"Mundorf L100-6,80","Mundorf L100-6,80 | 6,80 mH | 1,56 Ω | 2% | 18 AWG",6.8,1.56,18.0,Air Core,https://www.soundimports.eu/en/mundorf-l100-680.html,35.95
Jantzen Audio 000-6355,"Jantzen Audio 000-6355 | 6,8 mH | 0,17 Ω | 5% | 17 AWG",6.8,0.17,17.0,Air Core,https://www.soundimports.eu/en/jantzen-audio-000-6355.html,42.45
Jantzen Audio 000-6360,"Jantzen Audio 000-6360 | 6,8 mH | 0,12 Ω | 5% | 15 AWG",6.8,0.12,15.0,Air Core,https://www.soundimports.eu/en/jantzen-audio-000-6360.html,43.45
Intertechnik HQ58/6.8/132,"Intertechnik HQ58/6.8/132 | 6,8 mH | 0,26 Ω | 5% | 16 AWG",6.8,0.26,16.0,Air Core,https://www.soundimports.eu/en/it-intertechnik-hq58-6-8-132.html,44.95
Intertechnik DR56/6.8/118,"Intertechnik DR56/6.8/118 | 6,8 mH | 0,42 Ω | 5% | 17 AWG",6.8,0.42,17.0,Air Core,https://www.soundimports.eu/en/it-intertechnik-dr56-6-8-118.html,45.25
Intertechnik DR56/6.8/140,"Intertechnik DR56/6.8/140 | 6,8 mH | 0,285 Ω | 5% | 15 AWG",6.8,0.285,15.0,Air Core,https://www.soundimports.eu/en/it-intertechnik-dr56-6-8-140.html,58.25
Jantzen Audio 000-1547,"Jantzen Audio 000-1547 | 6,8 mH | 0,94 Ω | 3% | 15 AWG",6.8,0.94,15.0,Air Core,https://www.soundimports.eu/en/jantzen-audio-000-1547.html,60.45
Jantzen Audio 000-6370,"Jantzen Audio 000-6370 | 6,8 mH | 0,10 Ω | 5% | 14 AWG",6.8,0.1,14.0,Air Core,https://www.soundimports.eu/en/jantzen-audio-000-6370.html,63.0
Audyn CO92/6.8/140,"Audyn CO92/6.8/140 | 6,8 mH | 0,66 Ω | 5% | 15 AWG",6.8,0.66,15.0,Air Core,https://www.soundimports.eu/en/audyn-co92-6-8-140.html,78.44
Jantzen Audio 000-0040,"Jantzen Audio 000-0040 | 6,8 mH | 0,78 Ω | 3% | 14 AWG",6.8,0.78,14.0,Air Core,https://www.soundimports.eu/en/jantzen-audio-000-0040.html,80.45
Intertechnik LU92/6.8/140,"Intertechnik LU92/6.8/140 | 6,8 mH | 0,93 Ω | 3% | 15 AWG",6.8,0.93,15.0,Air Core,https://www.soundimports.eu/en/it-intertechnik-lu92-6-8-140.html,81.95
Jantzen Audio 000-6390,"Jantzen Audio 000-6390 | 6,8 mH | 0,07 Ω | 5% | 12 AWG",6.8,0.07,12.0,Air Core,https://www.soundimports.eu/en/jantzen-audio-000-6390.html,90.45
"Mundorf CFC16-6,80","Mundorf CFC16-6,80 | 6,80 mH | 1,18 Ω | 2% | 16,5 AWG",6.8,1.18,16.5,Air Core,https://www.soundimports.eu/en/mundorf-cfc16-680.html,109.95
Intertechnik TRI120/6.80/0.50,"Intertechnik TRI120/6.80/0.50 | 6,8 mH | 1,11 Ω | 1% | 7 x 24 AWG",6.8,1.11,7.0,Air Core,https://www.soundimports.eu/en/it-intertechnik-tri120-6-80-0-50.html,109.95
Jantzen Audio 000-7554,"Jantzen Audio 000-7554 | 6,8 mH | 0,77 Ω | 2% | 14 AWG",6.8,0.77,14.0,Air Core,https://www.soundimports.eu/en/jantzen-audio-000-7554.html,124.45
"Mundorf CFC14-6,80","Mundorf CFC14-6,80 | 6,80 mH | 0,78 Ω | 2% | 14 AWG",6.8,0.78,14.0,Air Core,https://www.soundimports.eu/en/mundorf-cfc14-680.html,169.94
Intertechnik LU120/6.8/20,"Intertechnik LU120/6.8/20 | 6,8 mH | 0,53 Ω | 3% | 12 AWG",6.8,0.53,12.0,Air Core,https://www.soundimports.eu/en/it-intertechnik-lu120-6-8-20.html,186.94
Jantzen Audio 000-8245,"Jantzen Audio 000-8245 | 6,8 mH | 0,58 Ω | 2% | 12 AWG",6.8,0.58,12.0,Air Core,https://www.soundimports.eu/en/jantzen-audio-000-8245.html,209.95
Intertechnik TRI/120/6.80/0.60,"Intertechnik TRI/120/6.80/0.60 | 6,8 mH | 0,79 Ω | 1% | 7 x 23 AWG",6.8,0.79,7.0,Air Core,https://www.soundimports.eu/en/it-intertechnik-tri-120-6-80-0-60.html,229.95
Jantzen Audio 000-9680,"Jantzen Audio 000-9680 | 6,8 mH | 0,24 Ω | 2% | 8 AWG",6.8,0.24,8.0,Air Core,https://www.soundimports.eu/en/jantzen-audio-000-9680.html,629.95
Dayton Audio IC187,Dayton Audio IC187 | 7.0 mH | 0.61 Ω | 3% | 18 AWG,7.0,0.61,18.0,Air Core,https://www.soundimports.eu/en/dayton-audio-ic187.html,24.45
Jantzen Audio 000-5379,"Jantzen Audio 000-5379 | 7,0 mH | 0,30 Ω | 3% | 15 AWG",7.0,0.3,15.0,Air Core,https://www.soundimports.eu/en/jantzen-audio-000-5379.html,26.45
Jantzen Audio 000-1959,"Jantzen Audio 000-1959 | 7,0 mH | 1,60 Ω | 3% | 18 AWG",7.0,1.6,18.0,Air Core,https://www.soundimports.eu/en/jantzen-audio-000-1959.html,29.45
Dayton Audio LW187,Dayton Audio LW187 | 7.0 mH | 1.62 Ω | 3% | 18 AWG,7.0,1.62,18.0,Air Core,https://www.soundimports.eu/en/dayton-audio-lw187.html,35.45
Jantzen Audio 000-1506,"Jantzen Audio 000-1506 | 7 mH | 1,04 Ω | 3% | 15 AWG",7.0,1.04,15.0,Air Core,https://www.soundimports.eu/en/jantzen-audio-000-1506.html,59.45
Jantzen Audio 000-5472,"Jantzen Audio 000-5472 | 7,4 mH | 0,31 Ω | 3% | 15 AWG",7.4,0.31,15.0,Air Core,https://www.soundimports.eu/en/jantzen-audio-000-5472.html,26.45
Jantzen Audio 000-2037,"Jantzen Audio 000-2037 | 7,5 mH | 0,90 Ω | 3% | 18 AWG",7.5,0.9,18.0,Air Core,https://www.soundimports.eu/en/jantzen-audio-000-2037.html,19.44
Jantzen Audio 000-2103,"Jantzen Audio 000-2103 | 7,7 mH | 0,94 Ω | 3% | 18 AWG",7.7,0.94,18.0,Air Core,https://www.soundimports.eu/en/jantzen-audio-000-2103.html,20.45
Jantzen Audio 000-5363,"Jantzen Audio 000-5363 | 8,0 mH | 0,56 Ω | 3% | 18 AWG",8.0,0.56,18.0,Air Core,https://www.soundimports.eu/en/jantzen-audio-000-5363.html,17.45
Dayton Audio IC188,Dayton Audio IC188 | 8.0 mH | 0.66 Ω | 3% | 18 AWG,8.0,0.66,18.0,Air Core,https://www.soundimports.eu/en/dayton-audio-ic188.html,26.95
Jantzen Audio 000-5325,"Jantzen Audio 000-5325 | 8,0 mH | 0,34 Ω | 3% | 15 AWG",8.0,0.34,15.0,Air Core,https://www.soundimports.eu/en/jantzen-audio-000-5325.html,28.45
Jantzen Audio 000-1960,"Jantzen Audio 000-1960 | 8,0 mH | 1,75 Ω | 3% | 18 AWG",8.0,1.75,18.0,Air Core,https://www.soundimports.eu/en/jantzen-audio-000-1960.html,30.95
Dayton Audio LW188,Dayton Audio LW188 | 8.0 mH | 1.80 Ω | 3% | 18 AWG,8.0,1.8,18.0,Air Core,https://www.soundimports.eu/en/dayton-audio-lw188.html,37.45
Jantzen Audio 000-1502,"Jantzen Audio 000-1502 | 8,0 mH | 1,42 Ω | 3% | 17 AWG",8.0,1.42,17.0,Air Core,https://www.soundimports.eu/en/jantzen-audio-000-1502.html,47.44
Jantzen Audio 000-1427,"Jantzen Audio 000-1427 | 8,0 mH | 1,24 Ω | 3% | 15 AWG",8.0,1.24,15.0,Air Core,https://www.soundimports.eu/en/jantzen-audio-000-1427.html,69.95
Jantzen Audio 000-7978,"Jantzen Audio 000-7978 | 8,0 mH | 1,27 Ω | 2% | 16 AWG",8.0,1.27,16.0,Air Core,https://www.soundimports.eu/en/jantzen-audio-000-7978.html,93.94
Jantzen Audio 000-5249,"Jantzen Audio 000-5249 | 8,2 mH | 0,50 Ω | 3% | 18 AWG",8.2,0.5,18.0,Air Core,https://www.soundimports.eu/en/jantzen-audio-000-5249.html,17.94
Jantzen Audio 000-5149,"Jantzen Audio 000-5149 | 8,2 mH | 0,58 Ω | 3% | 18 AWG",8.2,0.58,18.0,Air Core,https://www.soundimports.eu/en/jantzen-audio-000-5149.html,17.94
Jantzen Audio 000-5155,"Jantzen Audio 000-5155 | 8,2 mH | 0,39 Ω | 3% | 17 AWG",8.2,0.39,17.0,Air Core,https://www.soundimports.eu/en/jantzen-audio-000-5155.html,22.45
Jantzen Audio 000-5329,"Jantzen Audio 000-5329 | 8,2 mH | 0,33 Ω | 3% | 15 AWG",8.2,0.33,15.0,Air Core,https://www.soundimports.eu/en/jantzen-audio-000-5329.html,27.95
Intertechnik DR56/8.2/140,"Intertechnik DR56/8.2/140 | 8,2 mH | 0,33 Ω | 5% | 15 AWG",8.2,0.33,15.0,Air Core,https://www.soundimports.eu/en/it-intertechnik-dr56-8-2-140.html,27.95
Jantzen Audio 000-1238,"Jantzen Audio 000-1238 | 8,2 mH | 1,78 Ω | 3% | 18 AWG",8.2,1.78,18.0,Air Core,https://www.soundimports.eu/en/jantzen-audio-000-1238.html,30.95
Jantzen Audio 000-5602,"Jantzen Audio 000-5602 | 8,2 mH | 0,25 Ω | 3% | 14 AWG",8.2,0.25,14.0,Air Core,https://www.soundimports.eu/en/jantzen-audio-000-5602.html,36.95
Monacor LSI-82T,"Monacor LSI-82T | 8,2 mH | 0,17 Ω | 5% | 17 AWG",8.2,0.17,17.0,Air Core,https://www.soundimports.eu/en/monacor-lsi-82t.html,37.95
"Mundorf L100-8,20","Mundorf L100-8,20 | 8,20 mH | 1,69 Ω | 2% | 18 AWG",8.2,1.69,18.0,Air Core,https://www.soundimports.eu/en/mundorf-l100-820.html,39.95
Jantzen Audio 000-6415,"Jantzen Audio 000-6415 | 8,2 mH | 0,19 Ω | 5% | 17 AWG",8.2,0.19,17.0,Air Core,https://www.soundimports.eu/en/jantzen-audio-000-6415.html,43.95
Intertechnik HQ58/8.2/132,"Intertechnik HQ58/8.2/132 | 8,2 mH | 0,30 Ω | 5% | 16 AWG",8.2,0.3,16.0,Air Core,https://www.soundimports.eu/en/it-intertechnik-hq58-8-2-132.html,46.95
Jantzen Audio 000-6430,"Jantzen Audio 000-6430 | 8,2 mH | 0,11 Ω | 5% | 14 AWG",8.2,0.11,14.0,Air Core,https://www.soundimports.eu/en/jantzen-audio-000-6430.html,63.95
Jantzen Audio 000-1602,"Jantzen Audio 000-1602 | 8,2 mH | 1,10 Ω | 3% | 15 AWG",8.2,1.1,15.0,Air Core,https://www.soundimports.eu/en/jantzen-audio-000-1602.html,67.45
Jantzen Audio 000-6440,"Jantzen Audio 000-6440 | 8,2 mH | 0,10 Ω | 5% | 13 AWG",8.2,0.1,13.0,Air Core,https://www.soundimports.eu/en/jantzen-audio-000-6440.html,70.95
Jantzen Audio 000-0042,"Jantzen Audio 000-0042 | 8,2 mH | 0,87 Ω | 3% | 14 AWG",8.2,0.87,14.0,Air Core,https://www.soundimports.eu/en/jantzen-audio-000-0042.html,88.45
Audyn CO92/8.2/140,"Audyn CO92/8.2/140 | 8,2 mH | 0,75 Ω | 5% | 15 AWG",8.2,0.75,15.0,Air Core,https://www.soundimports.eu/en/audyn-co92-8-2-140.html,93.45
Intertechnik TRI120/8.2/0.50,"Intertechnik TRI120/8.2/0.50 | 8,2 mH | 1,23 Ω | 1% | 7 x 24 AWG",8.2,1.23,7.0,Air Core,https://www.soundimports.eu/en/it-intertechnik-tri120-8-2-0-50.html,114.95
"Mundorf CFC16-8,20","Mundorf CFC16-8,20 | 8,20 mH | 1,31 Ω | 2% | 16,5 AWG",8.2,1.31,16.5,Air Core,https://www.soundimports.eu/en/mundorf-cfc16-820.html,119.95
"Mundorf CFC14-8,20","Mundorf CFC14-8,20 | 8,20 mH | 0,86 Ω | 2% | 14 AWG",8.2,0.86,14.0,Air Core,https://www.soundimports.eu/en/mundorf-cfc14-820.html,194.96
Intertechnik LU120/8.2/20,"Intertechnik LU120/8.2/20 | 8,2 mH | 0,62 Ω | 3% | 12 AWG",8.2,0.62,12.0,Air Core,https://www.soundimports.eu/en/it-intertechnik-lu120-8-2-20.html,204.45
Intertechnik TRI/120/8.20/0.60,"Intertechnik TRI/120/8.20/0.60 | 8,2 mH | 0,89 Ω | 1% | 7 x 23 AWG",8.2,0.89,7.0,Air Core,https://www.soundimports.eu/en/it-intertechnik-tri-120-8-20-0-60.html,249.95
Jantzen Audio 000-8255,"Jantzen Audio 000-8255 | 8,2 mH | 0,65 Ω | 2% | 12 AWG",8.2,0.65,12.0,Air Core,https://www.soundimports.eu/en/jantzen-audio-000-8255.html,260.95
Jantzen Audio 000-2466,"Jantzen Audio 000-2466 | 8,5 mH | 0,73 Ω | 3% | 18 AWG",8.5,0.73,18.0,Air Core,https://www.soundimports.eu/en/jantzen-audio-000-2466.html,18.45
Jantzen Audio 000-5124,"Jantzen Audio 000-5124 | 8,5 mH | 0,61 Ω | 3% | 18 AWG",8.5,0.61,18.0,Air Core,https://www.soundimports.eu/en/jantzen-audio-000-5124.html,18.45
Jantzen Audio 000-5347,"Jantzen Audio 000-5347 | 8,6 mH | 0,59 Ω | 3% | 18 AWG",8.6,0.59,18.0,Air Core,https://www.soundimports.eu/en/jantzen-audio-000-5347.html,17.45
Dayton Audio IC189,Dayton Audio IC189 | 9.0 mH | 0.72 Ω | 3% | 18 AWG,9.0,0.72,18.0,Air Core,https://www.soundimports.eu/en/dayton-audio-ic189.html,29.95
Jantzen Audio 000-5327,"Jantzen Audio 000-5327 | 9,0 mH | 0,36 Ω | 3% | 15 AWG",9.0,0.36,15.0,Air Core,https://www.soundimports.eu/en/jantzen-audio-000-5327.html,30.95
Jantzen Audio 000-8258,"Jantzen Audio 000-8258 | 9,2 mH | 0,68 Ω | 2% | 12 AWG",9.2,0.68,12.0,Air Core,https://www.soundimports.eu/en/jantzen-audio-000-8258.html,252.45
Jantzen Audio 000-5063,"Jantzen Audio 000-5063 | 10 mH | 0,564 Ω | 3% | 18 AWG",10.0,0.564,18.0,Air Core,https://www.soundimports.eu/en/jantzen-audio-000-5063.html,18.95
Jantzen Audio 000-5080,"Jantzen Audio 000-5080 | 10 mH | 0,47 Ω | 3% | 17 AWG",10.0,0.47,17.0,Air Core,https://www.soundimports.eu/en/jantzen-audio-000-5080.html,23.45
Dayton Audio IC1810,Dayton Audio IC1810 | 10.0 mH | 0.78 Ω | 3% | 18 AWG,10.0,0.78,18.0,Air Core,https://www.soundimports.eu/en/dayton-audio-ic1810.html,31.96
Jantzen Audio 000-5387,"Jantzen Audio 000-5387 | 10 mH | 0,4 Ω | 3% | 15 AWG",10.0,0.4,15.0,Air Core,https://www.soundimports.eu/en/jantzen-audio-000-5387.html,32.95
Jantzen Audio 000-1962,"Jantzen Audio 000-1962 | 10 mH | 2,08 Ω | 3% | 18 AWG",10.0,2.08,18.0,Air Core,https://www.soundimports.eu/en/jantzen-audio-000-1962.html,33.44
Jantzen Audio 000-2449,"Jantzen Audio 000-2449 | 10 mH | 0,53 Ω | 3% | 15 AWG",10.0,0.53,15.0,Air Core,https://www.soundimports.eu/en/jantzen-audio-000-2449.html,35.45
Monacor LSI-100T,"Monacor LSI-100T | 10 mH | 0,19 Ω | 5% | 15 AWG",10.0,0.19,15.0,Air Core,https://www.soundimports.eu/en/monacor-lsi-100t.html,37.45
Intertechnik HQ58/10/118,"Intertechnik HQ58/10/118 | 10 mH | 0,40 Ω | 5% | 17 AWG",10.0,0.4,17.0,Air Core,https://www.soundimports.eu/en/it-intertechnik-hq58-10-118.html,43.45
Dayton Audio LW1810,Dayton Audio LW1810 | 10 mH | 2.03 Ω | 3% | 18 AWG,10.0,2.03,18.0,Air Core,https://www.soundimports.eu/en/dayton-audio-lw1810.html,43.95
Mundorf L100-10,"Mundorf L100-10 | 10 mH | 1,91 Ω | 2% | 18 AWG",10.0,1.91,18.0,Air Core,https://www.soundimports.eu/en/mundorf-l100-10.html,44.95
Jantzen Audio 000-6470,"Jantzen Audio 000-6470 | 10 mH | 0,19 Ω | 5% | 17 AWG",10.0,0.19,17.0,Air Core,https://www.soundimports.eu/en/jantzen-audio-000-6470.html,46.45
Jantzen Audio 000-1681,"Jantzen Audio 000-1681 | 10 mH | 1,63 Ω | 3% | 17 AWG",10.0,1.63,17.0,Air Core,https://www.soundimports.eu/en/jantzen-audio-000-1681.html,53.45
Jantzen Audio 000-6480,"Jantzen Audio 000-6480 | 10 mH | 0,16 Ω | 5% | 15 AWG",10.0,0.16,15.0,Air Core,https://www.soundimports.eu/en/jantzen-audio-000-6480.html,56.95
Jantzen Audio 000-6485,"Jantzen Audio 000-6485 | 10 mH | 0,11 Ω | 5% | 14 AWG",10.0,0.11,14.0,Air Core,https://www.soundimports.eu/en/jantzen-audio-000-6485.html,64.44
Intertechnik DR56/10/140,"Intertechnik DR56/10/140 | 10 mH | 0,371 Ω | 5% | 15 AWG",10.0,0.371,15.0,Air Core,https://www.soundimports.eu/en/it-intertechnik-dr56-10-140.html,65.45
Jantzen Audio 000-1601,"Jantzen Audio 000-1601 | 10 mH | 1,20 Ω | 3% | 15 AWG",10.0,1.2,15.0,Air Core,https://www.soundimports.eu/en/jantzen-audio-000-1601.html,75.46
Jantzen Audio 000-6500,"Jantzen Audio 000-6500 | 10 mH | 0,09 Ω | 5% | 12 AWG",10.0,0.09,12.0,Air Core,https://www.soundimports.eu/en/jantzen-audio-000-6500.html,95.44
Audyn CO92/10.0/140,"Audyn CO92/10.0/140 | 10 mH | 0,87 Ω | 5% | 15 AWG",10.0,0.87,15.0,Air Core,https://www.soundimports.eu/en/audyn-co92-10-0-140.html,99.95
Jantzen Audio 000-7990,"Jantzen Audio 000-7990 | 10 mH | 1,54 Ω | 2% | 16 AWG",10.0,1.54,16.0,Air Core,https://www.soundimports.eu/en/jantzen-audio-000-7990.html,103.46
Intertechnik TRI120/10.0/0.50,"Intertechnik TRI120/10.0/0.50 | 10 mH | 1,39 Ω | 1% | 7 x 24 AWG",10.0,1.39,7.0,Air Core,https://www.soundimports.eu/en/it-intertechnik-tri120-10-0-0-50.html,119.95
Intertechnik LU120/100/20,"Intertechnik LU120/100/20 | 10 mH | 0,69 Ω | 3% | 12 AWG",10.0,0.69,12.0,Air Core,https://www.soundimports.eu/en/it-intertechnik-lu120-100-20.html,227.95
Jantzen Audio 000-8260,"Jantzen Audio 000-8260 | 10 mH | 0,72 Ω | 2% | 12 AWG",10.0,0.72,12.0,Air Core,https://www.soundimports.eu/en/jantzen-audio-000-8260.html,262.45
Intertechnik TRI120/10.0/0.60,"Intertechnik TRI120/10.0/0.60 | 10 mH | 1,09 Ω | 1% | 7 x 23 AWG",10.0,1.09,7.0,Air Core,https://www.soundimports.eu/en/it-intertechnik-tri120-10-0-0-60.html,299.95
Jantzen Audio 000-5208,"Jantzen Audio 000-5208 | 10,5 mH | 0,65 Ω | 3% | 18 AWG",10.5,0.65,18.0,Air Core,https://www.soundimports.eu/en/jantzen-audio-000-5208.html,19.44
Jantzen Audio 000-5019,"Jantzen Audio 000-5019 | 12 mH | 0,79 Ω | 3% | 18 AWG",12.0,0.79,18.0,Air Core,https://www.soundimports.eu/en/jantzen-audio-000-5019.html,19.44
Jantzen Audio 000-5454,"Jantzen Audio 000-5454 | 12 mH | 0,67 Ω | 3% | 18 AWG",12.0,0.67,18.0,Air Core,https://www.soundimports.eu/en/jantzen-audio-000-5454.html,19.44
Jantzen Audio 000-5150,"Jantzen Audio 000-5150 | 12 mH | 0,54 Ω | 3% | 17 AWG",12.0,0.54,17.0,Air Core,https://www.soundimports.eu/en/jantzen-audio-000-5150.html,26.45
Jantzen Audio 000-2527,"Jantzen Audio 000-2527 | 12 mH | 0,70 Ω | 3% | 17 AWG",12.0,0.7,17.0,Air Core,https://www.soundimports.eu/en/jantzen-audio-000-2527.html,29.45
Jantzen Audio 000-5356,"Jantzen Audio 000-5356 | 12 mH | 0,47 Ω | 3% | 15 AWG",12.0,0.47,15.0,Air Core,https://www.soundimports.eu/en/jantzen-audio-000-5356.html,36.45
Jantzen Audio 000-1971,"Jantzen Audio 000-1971 | 12 mH | 2,25 Ω | 3% | 18 AWG",12.0,2.25,18.0,Air Core,https://www.soundimports.eu/en/jantzen-audio-000-1971.html,37.45
Intertechnik HQ58/12/118,"Intertechnik HQ58/12/118 | 12 mH | 0,45 Ω | 5% | 17 AWG",12.0,0.45,17.0,Air Core,https://www.soundimports.eu/en/it-intertechnik-hq58-12-118.html,45.96
Mundorf L100-12,"Mundorf L100-12 | 12 mH | 2,14 Ω | 2% | 18 AWG",12.0,2.14,18.0,Air Core,https://www.soundimports.eu/en/mundorf-l100-12.html,49.95
Jantzen Audio 000-1715,"Jantzen Audio 000-1715 | 12 mH | 1,85 Ω | 3% | 17 AWG",12.0,1.85,17.0,Air Core,https://www.soundimports.eu/en/jantzen-audio-000-1715.html,57.45
Jantzen Audio 000-6515,"Jantzen Audio 000-6515 | 12 mH | 0,11 Ω | 5% | 14 AWG",12.0,0.11,14.0,Air Core,https://www.soundimports.eu/en/jantzen-audio-000-6515.html,66.45
Intertechnik DR56/12/140,"Intertechnik DR56/12/140 | 12 mH | 0,411 Ω | 5% | 15 AWG",12.0,0.411,15.0,Air Core,https://www.soundimports.eu/en/it-intertechnik-dr56-12-140.html,68.45
Monacor LSI-12T,"Monacor LSI-12T | 12 mH | 0,14 Ω | 5% | 16 AWG",12.0,0.14,16.0,Air Core,https://www.soundimports.eu/en/monacor-lsi-12t.html,79.94
Jantzen Audio 000-6530,"Jantzen Audio 000-6530 | 12 mH | 0,14 Ω | 5% | 13 AWG",12.0,0.14,13.0,Air Core,https://www.soundimports.eu/en/jantzen-audio-000-6530.html,87.95
Audyn CO92/12.0/140,"Audyn CO92/12.0/140 | 12 mH | 0,99 Ω | 5% | 15 AWG",12.0,0.99,15.0,Air Core,https://www.soundimports.eu/en/audyn-co92-12-0-140.html,107.45
Intertechnik TRI120/12.0/0.50,"Intertechnik TRI120/12.0/0.50 | 12 mH | 1,54 Ω | 1% | 7 x 24 AWG",12.0,1.54,7.0,Air Core,https://www.soundimports.eu/en/it-intertechnik-tri120-12-0-0-50.html,124.94
Jantzen Audio 000-8517,"Jantzen Audio 000-8517 | 12 mH | 1,16 Ω | 2% | 14 AWG",12.0,1.16,14.0,Air Core,https://www.soundimports.eu/en/jantzen-audio-000-8517.html,188.95
Intertechnik TRI120/12.0/0.60,"Intertechnik TRI120/12.0/0.60 | 12 mH | 1,21 Ω | 1% | 7 x 23 AWG",12.0,1.21,7.0,Air Core,https://www.soundimports.eu/en/it-intertechnik-tri120-12-0-0-60.html,319.95
Jantzen Audio 000-5259,"Jantzen Audio 000-5259 | 14 mH | 0,52 Ω | 3% | 15 AWG",14.0,0.52,15.0,Air Core,https://www.soundimports.eu/en/jantzen-audio-000-5259.html,37.95
Jantzen Audio 000-5222,"Jantzen Audio 000-5222 | 15 mH | 0,89 Ω | 3% | 18 AWG",15.0,0.89,18.0,Air Core,https://www.soundimports.eu/en/jantzen-audio-000-5222.html,21.45
Jantzen Audio 000-2333,"Jantzen Audio 000-2333 | 15 mH | 1,03 Ω | 3% | 18 AWG",15.0,1.03,18.0,Air Core,https://www.soundimports.eu/en/jantzen-audio-000-2333.html,23.45
Jantzen Audio 000-5157,"Jantzen Audio 000-5157 | 15 mH | 0,63 Ω | 3% | 17 AWG",15.0,0.63,17.0,Air Core,https://www.soundimports.eu/en/jantzen-audio-000-5157.html,29.45
Jantzen Audio 000-5241,"Jantzen Audio 000-5241 | 15 mH | 0,55 Ω | 3% | 15 AWG",15.0,0.55,15.0,Air Core,https://www.soundimports.eu/en/jantzen-audio-000-5241.html,40.45
Intertechnik HQ58/15/112,"Intertechnik HQ58/15/112 | 15 mH | 0,57 Ω | 5% | 17 AWG",15.0,0.57,17.0,Air Core,https://www.soundimports.eu/en/it-intertechnik-hq58-15-112.html,45.96
Jantzen Audio 000-5609,"Jantzen Audio 000-5609 | 15 mH | 0,39 Ω | 3% | 14 AWG",15.0,0.39,14.0,Air Core,https://www.soundimports.eu/en/jantzen-audio-000-5609.html,46.45
Mundorf L100-15,"Mundorf L100-15 | 15 mH | 2,41 Ω | 2% | 18 AWG",15.0,2.41,18.0,Air Core,https://www.soundimports.eu/en/mundorf-l100-15.html,56.95
Jantzen Audio 000-1716,"Jantzen Audio 000-1716 | 15 mH | 2,18 Ω | 3% | 17 AWG",15.0,2.18,17.0,Air Core,https://www.soundimports.eu/en/jantzen-audio-000-1716.html,61.95
Intertechnik DR56/15/132,"Intertechnik DR56/15/132 | 15 mH | 0,531 Ω | 5% | 16 AWG",15.0,0.531,16.0,Air Core,https://www.soundimports.eu/en/it-intertechnik-dr56-15-132.html,62.94
Jantzen Audio 000-6555,"Jantzen Audio 000-6555 | 15 mH | 0,31 Ω | 5% | 17 AWG",15.0,0.31,17.0,Air Core,https://www.soundimports.eu/en/jantzen-audio-000-6555.html,64.95
Jantzen Audio 000-6565,"Jantzen Audio 000-6565 | 15 mH | 0,16 Ω | 5% | 14 AWG",15.0,0.16,14.0,Air Core,https://www.soundimports.eu/en/jantzen-audio-000-6565.html,84.95
Intertechnik TRI120/15.0/0.50,"Intertechnik TRI120/15.0/0.50 | 15 mH | 1,75 Ω | 1% | 7 x 24 AWG",15.0,1.75,7.0,Air Core,https://www.soundimports.eu/en/it-intertechnik-tri120-15-0-0-50.html,124.94
Jantzen Audio 000-7590,"Jantzen Audio 000-7590 | 15 mH | 1,23 Ω | 2% | 14 AWG",15.0,1.23,14.0,Air Core,https://www.soundimports.eu/en/jantzen-audio-000-7590.html,205.45
Intertechnik TRI120/15.0/0.60,"Intertechnik TRI120/15.0/0.60 | 15 mH | 1,35 Ω | 1% | 7 x 23 AWG",15.0,1.35,7.0,Air Core,https://www.soundimports.eu/en/it-intertechnik-tri120-15-0-0-60.html,369.95
Jantzen Audio 000-5468,"Jantzen Audio 000-5468 | 15,5 mH | 0,65 Ω | 3% | 17 AWG",15.5,0.65,17.0,Air Core,https://www.soundimports.eu/en/jantzen-audio-000-5468.html,29.95
Jantzen Audio 000-5328,"Jantzen Audio 000-5328 | 16 mH | 0,82 Ω | 3% | 18 AWG",16.0,0.82,18.0,Air Core,https://www.soundimports.eu/en/jantzen-audio-000-5328.html,21.45
Jantzen Audio 000-0873,"Jantzen Audio 000-0873 | 16 mH | 2,66 Ω | 3% | 18 AWG",16.0,2.66,18.0,Air Core,https://www.soundimports.eu/en/jantzen-audio-000-0873.html,44.95
Jantzen Audio 000-6577,"Jantzen Audio 000-6577 | 16 mH | 0,16 Ω | 5% | 14 AWG",16.0,0.16,14.0,Air Core,https://www.soundimports.eu/en/jantzen-audio-000-6577.html,87.95
Jantzen Audio 000-7998,"Jantzen Audio 000-7998 | 16 mH | 1,95 Ω | 2% | 16 AWG",16.0,1.95,16.0,Air Core,https://www.soundimports.eu/en/jantzen-audio-000-7998.html,145.45
Jantzen Audio 000-5160,"Jantzen Audio 000-5160 | 18 mH | 0,87 Ω | 3% | 18 AWG",18.0,0.87,18.0,Air Core,https://www.soundimports.eu/en/jantzen-audio-000-5160.html,22.45
Intertechnik DR56/18/112,"Intertechnik DR56/18/112 | 18 mH | 0,748 Ω | 5% | 17 AWG",18.0,0.748,17.0,Air Core,https://www.soundimports.eu/en/it-intertechnik-dr56-18-112.html,50.95
Jantzen Audio 000-6588,"Jantzen Audio 000-6588 | 18 mH | 0,30 Ω | 5% | 17 AWG",18.0,0.3,17.0,Air Core,https://www.soundimports.eu/en/jantzen-audio-000-6588.html,71.45
Jantzen Audio 000-1717,"Jantzen Audio 000-1717 | 18 mH | 2,3 Ω | 3% | 17 AWG",18.0,2.3,17.0,Air Core,https://www.soundimports.eu/en/jantzen-audio-000-1717.html,73.45
Jantzen Audio 000-6595,"Jantzen Audio 000-6595 | 18 mH | 0,17 Ω | 5% | 14 AWG",18.0,0.17,14.0,Air Core,https://www.soundimports.eu/en/jantzen-audio-000-6595.html,89.95
Jantzen Audio 000-5466,"Jantzen Audio 000-5466 | 18,5 mH | 0,60 Ω | 3% | 17 AWG",18.5,0.6,17.0,Air Core,https://www.soundimports.eu/en/jantzen-audio-000-5466.html,31.45
Jantzen Audio 000-6603,"Jantzen Audio 000-6603 | 20 mH | 0,23 Ω | 5% | 15 AWG",20.0,0.23,15.0,Air Core,https://www.soundimports.eu/en/jantzen-audio-000-6603.html,93.45
Jantzen Audio 000-5079,"Jantzen Audio 000-5079 | 22 mH | 1,0 Ω | 3% | 18 AWG",22.0,1.0,18.0,Air Core,https://www.soundimports.eu/en/jantzen-audio-000-5079.html,24.45
Jantzen Audio 000-5542,"Jantzen Audio 000-5542 | 22 mH | 0,70 Ω | 3% | 17 AWG",22.0,0.7,17.0,Air Core,https://www.soundimports.eu/en/jantzen-audio-000-5542.html,33.95
Jantzen Audio 000-5534,"Jantzen Audio 000-5534 | 22 mH | 0,572 Ω | 3% | 15 AWG",22.0,0.572,15.0,Air Core,https://www.soundimports.eu/en/jantzen-audio-000-5534.html,45.0
Intertechnik DR56/22/112,"Intertechnik DR56/22/112 | 22 mH | 0,845 Ω | 5% | 17 AWG",22.0,0.845,17.0,Air Core,https://www.soundimports.eu/en/it-intertechnik-dr56-22-112.html,50.95
Jantzen Audio 000-1725,"Jantzen Audio 000-1725 | 22 mH | 2,7 Ω | 3% | 17 AWG",22.0,2.7,17.0,Air Core,https://www.soundimports.eu/en/jantzen-audio-000-1725.html,82.45
Mundorf BS140-22,"Mundorf BS140-22 | 22 mH | 0,57 Ω | 3% | 15 AWG",22.0,0.57,15.0,Air Core,https://www.soundimports.eu/en/mundorf-bs140-22.html,93.94
Jantzen Audio 000-5589,"Jantzen Audio 000-5589 | 25 mH | 0,65 Ω | 3% | 15 AWG",25.0,0.65,15.0,Air Core,https://www.soundimports.eu/en/jantzen-audio-000-5589.html,45.45
Jantzen Audio 000-5126,"Jantzen Audio 000-5126 | 27 mH | 1,11 Ω | 3% | 18 AWG",27.0,1.11,18.0,Air Core,https://www.soundimports.eu/en/jantzen-audio-000-5126.html,27.45
Intertechnik DR56/27/112,"Intertechnik DR56/27/112 | 27 mH | 0,96 Ω | 5% | 17 AWG",27.0,0.96,17.0,Air Core,https://www.soundimports.eu/en/it-intertechnik-dr56-27-112.html,50.95
Jantzen Audio 000-5128,"Jantzen Audio 000-5128 | 33 mH | 1,28 Ω | 3% | 18 AWG",33.0,1.28,18.0,Air Core,https://www.soundimports.eu/en/jantzen-audio-000-5128.html,29.45
Jantzen Audio 000-0874,"Jantzen Audio 000-0874 | 34 mH | 4,18 Ω | 3% | 18 AWG",34.0,4.18,18.0,Air Core,https://www.soundimports.eu/en/jantzen-audio-000-0874.html,63.45
255-198,Jantzen 1804 0.025mH 18 AWG Air Core Inductor,0.025,0.07,18.0,Air Core,https://www.parts-express.com/Jantzen-1804-0.025mH-18-AWG-Air-Core-Inductor-255-198,
257-600,Dayton Audio CF16-05 0.05mH 16 AWG Copper Foil,0.05,0.08,16.0,Copper Foil,https://www.parts-express.com/Dayton-Audio-CF16-05-0.05mH-16-AWG-Copper-Foil-Inductor-257-600,24.98
255-200,Jantzen 1947 0.05mH 18 AWG Air Core Inductor,0.05,0.09,18.0,Air Core,https://www.parts-express.com/Jantzen-1947-0.05mH-18-AWG-Air-Core-Inductor-255-200,
257-798,Dayton Audio LW18-05 0.05mH 18 AWG Perfect Layer,0.05,0.1,18.0,Air Core,https://www.parts-express.com/Dayton-Audio-LW18-05-0.05mH-18-AWG-Perfect-Layer-Inductor-257-798,3.29
255-900,Jantzen L-0010 0.10mH 15 AWG Litz Wire Air Core,0.1,0.09,15.0,Air Core,https://www.parts-express.com/Jantzen-L-0010-0.10mH-15-AWG-Litz-Wire-Air-Core-Inductor-255-900,12.12
255-202,Jantzen 1948 0.10mH 18 AWG Air Core Inductor,0.1,0.13,18.0,Air Core,https://www.parts-express.com/Jantzen-1948-0.10mH-18-AWG-Air-Core-Inductor-255-202,6.56
257-800,Dayton Audio LW18-10 0.10mH 18 AWG Perfect Layer,0.1,0.14,18.0,Air Core,https://www.parts-express.com/Dayton-Audio-LW18-10-0.10mH-18-AWG-Perfect-Layer-Inductor-257-800,
255-654,Jantzen 7283 0.11mH 14 AWG Copper Foil Inductor,0.11,0.08,14.0,Copper Foil,https://www.parts-express.com/Jantzen-7283-0.11mH-14-AWG-Copper-Foil-Inductor-255-654,
255-604,Jantzen 7622 0.11mH 16 AWG Copper Foil Inductor,0.11,0.11,16.0,Copper Foil,https://www.parts-express.com/Jantzen-7622-0.11mH-16-AWG-Copper-Foil-Inductor-255-604,
257-604,Dayton Audio CF16-11 0.11mH 16 AWG Copper Foil,0.11,0.11,16.0,Copper Foil,https://www.parts-express.com/Dayton-Audio-CF16-11-0.11mH-16-AWG-Copper-Foil-Inductor-257-604,24.98
255-204,Jantzen 1949 0.13mH 18 AWG Air Core Inductor,0.13,0.16,18.0,Air Core,https://www.parts-express.com/Jantzen-1949-0.13mH-18-AWG-Air-Core-Inductor-255-204,6.9
257-802,Dayton Audio LW18-13 0.13mH 18 AWG Perfect Layer,0.13,0.16,18.0,Air Core,https://www.parts-express.com/Dayton-Audio-LW18-13-0.13mH-18-AWG-Perfect-Layer-Inductor-257-802,
257-300,Dayton Audio LW14-15 0.15mH 14 AWG Perfect Layer,0.15,0.08,14.0,Air Core,https://www.parts-express.com/Dayton-Audio-LW14-15-0.15mH-14-AWG-Perfect-Layer-Inductor-257-300,11.98
255-656,Jantzen 7295 0.15mH 14 AWG Copper Foil Inductor,0.15,0.09,14.0,Copper Foil,https://www.parts-express.com/Jantzen-7295-0.15mH-14-AWG-Copper-Foil-Inductor-255-656,10.75
255-902,Jantzen L-0015 0.15mH 15 AWG Litz Wire Air Core,0.15,0.11,15.0,Air Core,https://www.parts-express.com/Jantzen-L-0015-0.15mH-15-AWG-Litz-Wire-Air-Core-Inductor-255-902,
255-501,Jantzen 8530 0.15mH 16 AWG Copper Foil Wax Coil,0.15,0.12,16.0,Copper Foil,https://www.parts-express.com/Jantzen-8530-0.15mH-16-AWG-Copper-Foil-Wax-Coil-255-501,57.25
255-206,Jantzen 1130 0.15mH 18 AWG Air Core Inductor,0.15,0.16,18.0,Air Core,https://www.parts-express.com/Jantzen-1130-0.15mH-18-AWG-Air-Core-Inductor-255-206,8.4
257-804,Dayton Audio LW18-15 0.15mH 18 AWG Perfect Layer,0.15,0.18,18.0,Air Core,https://www.parts-express.com/Dayton-Audio-LW18-15-0.15mH-18-AWG-Perfect-Layer-Inductor-257-804,
255-208,Jantzen 1289 0.18mH 18 AWG Air Core Inductor,0.18,0.18,18.0,Air Core,https://www.parts-express.com/Jantzen-1289-0.18mH-18-AWG-Air-Core-Inductor-255-208,8.77
257-302,Dayton Audio LW14-20 0.20mH 14 AWG Perfect Layer,0.2,0.1,14.0,Air Core,https://www.parts-express.com/Dayton-Audio-LW14-20-0.20mH-14-AWG-Perfect-Layer-Inductor-257-302,12.09
255-400,Jantzen 1507 0.20mH 15 AWG Air Core Inductor,0.2,0.13,15.0,Air Core,https://www.parts-express.com/Jantzen-1507-0.20mH-15-AWG-Air-Core-Inductor-255-400,13.81
255-904,Jantzen L-0020 0.20mH 15 AWG Litz Wire Air Core,0.2,0.13,15.0,Air Core,https://www.parts-express.com/Jantzen-L-0020-0.20mH-15-AWG-Litz-Wire-Air-Core-Inductor-255-904,16.02
255-210,Jantzen 1822 0.20mH 18 AWG Air Core Inductor,0.2,0.2,18.0,Air Core,https://www.parts-express.com/Jantzen-1822-0.20mH-18-AWG-Air-Core-Inductor-255-210,7.73
257-806,Dayton Audio LW18-20 0.20mH 18 AWG Perfect Layer,0.2,0.21,18.0,Air Core,https://www.parts-express.com/Dayton-Audio-LW18-20-0.20mH-18-AWG-Perfect-Layer-Inductor-257-806,7.73
255-504,Jantzen 8540 0.22mH 16 AWG Copper Foil Wax Coil,0.22,0.148,16.0,Copper Foil,https://www.parts-express.com/Jantzen-8540-0.22mH-16-AWG-Copper-Foil-Wax-Coil-255-504,57.25
255-212,Jantzen 1015 0.22mH 18 AWG Air Core Inductor,0.22,0.21,18.0,Air Core,https://www.parts-express.com/Jantzen-1015-0.22mH-18-AWG-Air-Core-Inductor-255-212,7.87
257-808,Dayton Audio LW18-22 0.22mH 18 AWG Perfect Layer,0.22,0.22,18.0,Air Core,https://www.parts-express.com/Dayton-Audio-LW18-22-0.22mH-18-AWG-Perfect-Layer-Inductor-257-808,7.87
257-304,Dayton Audio LW14-24 0.24mH 14 AWG Perfect Layer,0.24,0.11,14.0,Air Core,https://www.parts-express.com/Dayton-Audio-LW14-24-0.24mH-14-AWG-Perfect-Layer-Inductor-257-304,
255-402,Jantzen 1155 0.25mH 15 AWG Air Core Inductor,0.25,0.14,15.0,Air Core,https://www.parts-express.com/Jantzen-1155-0.25mH-15-AWG-Air-Core-Inductor-255-402,14.9
255-906,Jantzen L-0025 0.25mH 15 AWG Litz Wire Air Core,0.25,0.15,15.0,Air Core,https://www.parts-express.com/Jantzen-L-0025-0.25mH-15-AWG-Litz-Wire-Air-Core-Inductor-255-906,17.6
255-214,Jantzen 1076 0.25mH 18 AWG Air Core Inductor,0.25,0.22,18.0,Air Core,https://www.parts-express.com/Jantzen-1076-0.25mH-18-AWG-Air-Core-Inductor-255-214,9.48
255-662,Jantzen 7307 0.27mH 14 AWG Copper Foil Inductor,0.27,0.12,14.0,Copper Foil,https://www.parts-express.com/Jantzen-7307-0.27mH-14-AWG-Copper-Foil-Inductor-255-662,
255-216,Jantzen 1446 0.27mH 18 AWG Air Core Inductor,0.27,0.23,18.0,Air Core,https://www.parts-express.com/Jantzen-1446-0.27mH-18-AWG-Air-Core-Inductor-255-216,8.31
257-810,Dayton Audio LW18-27 0.27mH 18 AWG Perfect Layer,0.27,0.25,18.0,Air Core,https://www.parts-express.com/Dayton-Audio-LW18-27-0.27mH-18-AWG-Perfect-Layer-Inductor-257-810,5.19
257-306,Dayton Audio LW14-30 0.30mH 14 AWG Perfect Layer,0.3,0.13,14.0,Air Core,https://www.parts-express.com/Dayton-Audio-LW14-30-0.30mH-14-AWG-Perfect-Layer-Inductor-257-306,15.59
255-908,Jantzen L-0030 0.30mH 15 AWG Litz Wire Air Core,0.3,0.17,15.0,Air Core,https://www.parts-express.com/Jantzen-L-0030-0.30mH-15-AWG-Litz-Wire-Air-Core-Inductor-255-908,18.42
255-218,Jantzen 1313 0.30mH 18 AWG Air Core Inductor,0.3,0.26,18.0,Air Core,https://www.parts-express.com/Jantzen-1313-0.30mH-18-AWG-Air-Core-Inductor-255-218,9.81
255-404,Jantzen 1310 0.33mH 15 AWG Air Core Inductor,0.33,0.16,15.0,Air Core,https://www.parts-express.com/Jantzen-1310-0.33mH-15-AWG-Air-Core-Inductor-255-404,
255-614,Jantzen 7676 0.33mH 16 AWG Copper Foil Inductor,0.33,0.18,16.0,Copper Foil,https://www.parts-express.com/Jantzen-7676-0.33mH-16-AWG-Copper-Foil-Inductor-255-614,
255-506,Jantzen 8555 0.33mH 16 AWG Copper Foil Wax Coil,0.33,0.187,16.0,Copper Foil,https://www.parts-express.com/Jantzen-8555-0.33mH-16-AWG-Copper-Foil-Wax-Coil-255-506,57.25
255-220,Jantzen 1022 0.33mH 18 AWG Air Core Inductor,0.33,0.26,18.0,Air Core,https://www.parts-express.com/Jantzen-1022-0.33mH-18-AWG-Air-Core-Inductor-255-220,10.04
257-812,Dayton Audio LW18-33 0.33mH 18 AWG Perfect Layer,0.33,0.28,18.0,Air Core,https://www.parts-express.com/Dayton-Audio-LW18-33-0.33mH-18-AWG-Perfect-Layer-Inductor-257-812,5.59
255-910,Jantzen L-0035 0.35mH 15 AWG Litz Wire Air Core,0.35,0.19,15.0,Air Core,https://www.parts-express.com/Jantzen-L-0035-0.35mH-15-AWG-Litz-Wire-Air-Core-Inductor-255-910,
255-222,Jantzen 1117 0.37mH 18 AWG Air Core Inductor,0.37,0.28,18.0,Air Core,https://www.parts-express.com/Jantzen-1117-0.37mH-18-AWG-Air-Core-Inductor-255-222,7.21
255-406,Jantzen 1895 0.39mH 15 AWG Air Core Inductor,0.39,0.17,15.0,Air Core,https://www.parts-express.com/Jantzen-1895-0.39mH-15-AWG-Air-Core-Inductor-255-406,18.38
257-308,Dayton Audio LW14-40 0.40mH 14 AWG Perfect Layer,0.4,0.15,14.0,Air Core,https://www.parts-express.com/Dayton-Audio-LW14-40-0.40mH-14-AWG-Perfect-Layer-Inductor-257-308,18.19
255-912,Jantzen L-0040 0.40mH 15 AWG Litz Wire Air Core,0.4,0.22,15.0,Air Core,https://www.parts-express.com/Jantzen-L-0040-0.40mH-15-AWG-Litz-Wire-Air-Core-Inductor-255-912,
257-814,Dayton Audio LW18-40 0.40mH 18 AWG Perfect Layer,0.4,0.29,18.0,Air Core,https://www.parts-express.com/Dayton-Audio-LW18-40-0.40mH-18-AWG-Perfect-Layer-Inductor-257-814,9.29
255-224,Jantzen 1950 0.40mH 18 AWG Air Core Inductor,0.4,0.29,18.0,Air Core,https://www.parts-express.com/Jantzen-1950-0.40mH-18-AWG-Air-Core-Inductor-255-224,9.29
255-226,Jantzen 1191 0.44mH 18 AWG Air Core Inductor,0.44,0.31,18.0,Air Core,https://www.parts-express.com/Jantzen-1191-0.44mH-18-AWG-Air-Core-Inductor-255-226,9.63
255-408,Jantzen 1518 0.47mH 15 AWG Air Core Inductor,0.47,0.2,15.0,Air Core,https://www.parts-express.com/Jantzen-1518-0.47mH-15-AWG-Air-Core-Inductor-255-408,
255-914,Jantzen L-0047 0.47mH 15 AWG Litz Wire Air Core,0.47,0.23,15.0,Air Core,https://www.parts-express.com/Jantzen-L-0047-0.47mH-15-AWG-Litz-Wire-Air-Core-Inductor-255-914,22.6
255-508,Jantzen 8580 0.47mH 16 AWG Copper Foil Wax Coil,0.47,0.231,16.0,Copper Foil,https://www.parts-express.com/Jantzen-8580-0.47mH-16-AWG-Copper-Foil-Wax-Coil-255-508,34.04
255-228,Jantzen 1031 0.47mH 18 AWG Air Core Inductor,0.47,0.32,18.0,Air Core,https://www.parts-express.com/Jantzen-1031-0.47mH-18-AWG-Air-Core-Inductor-255-228,9.85
257-816,Dayton Audio LW18-50 0.50mH 18 AWG Perfect Layer,0.5,0.33,18.0,Air Core,https://www.parts-express.com/Dayton-Audio-LW18-50-0.50mH-18-AWG-Perfect-Layer-Inductor-257-816,6.59
255-230,Jantzen 1401 0.50mH 18 AWG Air Core Inductor,0.5,0.34,18.0,Air Core,https://www.parts-express.com/Jantzen-1401-0.50mH-18-AWG-Air-Core-Inductor-255-230,10.0
257-310,Dayton Audio LW14-51 0.51mH 14 AWG Perfect Layer,0.51,0.17,14.0,Air Core,https://www.parts-express.com/Dayton-Audio-LW14-51-0.51mH-14-AWG-Perfect-Layer-Inductor-257-310,20.79
255-410,Jantzen 1036 0.55mH 15 AWG Air Core Inductor,0.55,0.22,15.0,Air Core,https://www.parts-express.com/Jantzen-1036-0.55mH-15-AWG-Air-Core-Inductor-255-410,19.21
255-916,Jantzen L-0056 0.56mH 15 AWG Litz Wire Air Core,0.56,0.24,15.0,Air Core,https://www.parts-express.com/Jantzen-L-0056-0.56mH-15-AWG-Litz-Wire-Air-Core-Inductor-255-916,26.0
255-509,Jantzen 8590 0.56mH 16 AWG Copper Foil Wax Coil,0.56,0.256,16.0,Copper Foil,https://www.parts-express.com/Jantzen-8590-0.56mH-16-AWG-Copper-Foil-Wax-Coil-255-509,
257-620,Dayton Audio CF16-56 0.56mH 16 AWG Copper Foil,0.56,0.26,16.0,Copper Foil,https://www.parts-express.com/Dayton-Audio-CF16-56-0.56mH-16-AWG-Copper-Foil-Inductor-257-620,24.98
255-232,Jantzen 1035 0.56mH 18 AWG Air Core Inductor,0.56,0.36,18.0,Air Core,https://www.parts-express.com/Jantzen-1035-0.56mH-18-AWG-Air-Core-Inductor-255-232,11.52
257-312,Dayton Audio LW14-60 0.60mH 14 AWG Perfect Layer,0.6,0.19,14.0,Air Core,https://www.parts-express.com/Dayton-Audio-LW14-60-0.60mH-14-AWG-Perfect-Layer-Inductor-257-312,28.98
255-412,Jantzen 1444 0.60mH 15 AWG Air Core Inductor,0.6,0.23,15.0,Air Core,https://www.parts-express.com/Jantzen-1444-0.60mH-15-AWG-Air-Core-Inductor-255-412,21.08
266-818,0.60mH 18 AWG Perfect Layer Inductor,0.6,0.36,18.0,Air Core,https://www.parts-express.com/0.60mH-18-AWG-Perfect-Layer-Inductor-266-818,
255-234,Jantzen 1951 0.60mH 18 AWG Air Core Inductor,0.6,0.37,18.0,Air Core,https://www.parts-express.com/Jantzen-1951-0.60mH-18-AWG-Air-Core-Inductor-255-234,7.29
257-818,Dayton Audio LW18-60 0.60mH 18 AWG Perfect Layer,0.6,0.38,18.0,Air Core,https://www.parts-express.com/Dayton-Audio-LW18-60-0.60mH-18-AWG-Perfect-Layer-Inductor-257-818,10.56
255-918,Jantzen L-0065 0.65mH 15 AWG Litz Wire Air Core,0.65,0.27,15.0,Air Core,https://www.parts-express.com/Jantzen-L-0065-0.65mH-15-AWG-Litz-Wire-Air-Core-Inductor-255-918,
255-236,Jantzen 1952 0.65mH 18 AWG Air Core Inductor,0.65,0.38,18.0,Air Core,https://www.parts-express.com/Jantzen-1952-0.65mH-18-AWG-Air-Core-Inductor-255-236,10.87
255-148,Jantzen 5817 0.68mH 13 AWG P-Core Inductor Crosso,0.68,0.05,13.0,Solid Core,https://www.parts-express.com/Jantzen-5817-0.68mH-13-AWG-P-Core-Inductor-Crossover-Coil-255-148,
255-414,Jantzen 1854 0.68mH 15 AWG Air Core Inductor,0.68,0.24,15.0,Air Core,https://www.parts-express.com/Jantzen-1854-0.68mH-15-AWG-Air-Core-Inductor-255-414,20.81
255-624,Jantzen 7766 0.68mH 16 AWG Copper Foil Inductor,0.68,0.27,16.0,Copper Foil,https://www.parts-express.com/Jantzen-7766-0.68mH-16-AWG-Copper-Foil-Inductor-255-624,
266-335,0.70mH 14 AWG Perfect Layer Inductor,0.7,0.18,14.0,Air Core,https://www.parts-express.com/0.70mH-14-AWG-Perfect-Layer-Inductor-266-335,
257-314,Dayton Audio LW14-70 0.70mH 14 AWG Perfect Layer,0.7,0.21,14.0,Air Core,https://www.parts-express.com/Dayton-Audio-LW14-70-0.70mH-14-AWG-Perfect-Layer-Inductor-257-314,23.98
255-238,Jantzen 1144 0.70mH 18 AWG Air Core Inductor,0.7,0.4,18.0,Air Core,https://www.parts-express.com/Jantzen-1144-0.70mH-18-AWG-Air-Core-Inductor-255-238,11.23
257-820,Dayton Audio LW18-70 0.70mH 18 AWG Perfect Layer,0.7,0.41,18.0,Air Core,https://www.parts-express.com/Dayton-Audio-LW18-70-0.70mH-18-AWG-Perfect-Layer-Inductor-257-820,7.69
255-416,Jantzen 1857 0.75mH 15 AWG Air Core Inductor,0.75,0.26,15.0,Air Core,https://www.parts-express.com/Jantzen-1857-0.75mH-15-AWG-Air-Core-Inductor-255-416,21.92
255-920,Jantzen L-0075 0.75mH 15 AWG Litz Wire Air Core,0.75,0.3,15.0,Air Core,https://www.parts-express.com/Jantzen-L-0075-0.75mH-15-AWG-Litz-Wire-Air-Core-Inductor-255-920,29.77
255-240,Jantzen 1075 0.75mH 18 AWG Air Core Inductor,0.75,0.42,18.0,Air Core,https://www.parts-express.com/Jantzen-1075-0.75mH-18-AWG-Air-Core-Inductor-255-240,11.46
257-316,Dayton Audio LW14-80 0.80mH 14 AWG Perfect Layer,0.8,0.22,14.0,Air Core,https://www.parts-express.com/Dayton-Audio-LW14-80-0.80mH-14-AWG-Perfect-Layer-Inductor-257-316,24.98
255-242,Jantzen 1285 0.80mH 18 AWG Air Core Inductor,0.8,0.43,18.0,Air Core,https://www.parts-express.com/Jantzen-1285-0.80mH-18-AWG-Air-Core-Inductor-255-242,12.31
257-822,Dayton Audio LW18-80 0.80mH 18 AWG Perfect Layer,0.8,0.44,18.0,Air Core,https://www.parts-express.com/Dayton-Audio-LW18-80-0.80mH-18-AWG-Perfect-Layer-Inductor-257-822,8.29
255-418,Jantzen 1897 0.82mH 15 AWG Air Core Inductor,0.82,0.27,15.0,Air Core,https://www.parts-express.com/Jantzen-1897-0.82mH-15-AWG-Air-Core-Inductor-255-418,23.77
255-626,Jantzen 7792 0.82mH 16 AWG Copper Foil Inductor,0.82,0.31,16.0,Copper Foil,https://www.parts-express.com/Jantzen-7792-0.82mH-16-AWG-Copper-Foil-Inductor-255-626,12.35
257-626,Dayton Audio CF16-82 0.82mH 16 AWG Copper Foil,0.82,0.31,16.0,Copper Foil,https://www.parts-express.com/Dayton-Audio-CF16-82-0.82mH-16-AWG-Copper-Foil-Inductor-257-626,12.35
255-922,Jantzen L-0085 0.85mH 15 AWG Litz Wire Air Core,0.85,0.32,15.0,Air Core,https://www.parts-express.com/Jantzen-L-0085-0.85mH-15-AWG-Litz-Wire-Air-Core-Inductor-255-922,
255-244,Jantzen 1284 0.85mH 18 AWG Air Core Inductor,0.85,0.44,18.0,Air Core,https://www.parts-express.com/Jantzen-1284-0.85mH-18-AWG-Air-Core-Inductor-255-244,
257-318,Dayton Audio LW14-90 0.90mH 14 AWG Perfect Layer,0.9,0.23,14.0,Air Core,https://www.parts-express.com/Dayton-Audio-LW14-90-0.90mH-14-AWG-Perfect-Layer-Inductor-257-318,
255-246,Jantzen 1953 0.90mH 18 AWG Air Core Inductor,0.9,0.46,18.0,Air Core,https://www.parts-express.com/Jantzen-1953-0.90mH-18-AWG-Air-Core-Inductor-255-246,12.25
257-824,Dayton Audio LW18-90 0.90mH 18 AWG Perfect Layer,0.9,0.48,18.0,Air Core,https://www.parts-express.com/Dayton-Audio-LW18-90-0.90mH-18-AWG-Perfect-Layer-Inductor-257-824,8.29
255-420,Jantzen 1862 0.91mH 15 AWG Air Core Inductor,0.91,0.29,15.0,Air Core,https://www.parts-express.com/Jantzen-1862-0.91mH-15-AWG-Air-Core-Inductor-255-420,23.9
255-248,Jantzen 1954 0.95mH 18 AWG Air Core Inductor,0.95,0.48,18.0,Air Core,https://www.parts-express.com/Jantzen-1954-0.95mH-18-AWG-Air-Core-Inductor-255-248,13.71
255-150,Jantzen 5806 1.0mH 13 AWG P-Core Inductor Crosso,1.0,0.066,13.0,Solid Core,https://www.parts-express.com/Jantzen-5806-1.0mH-13-AWG-P-Core-Inductor-Crossover-Coil-255-150,22.96
257-320,Dayton Audio LW141 1.0mH 14 AWG Perfect Layer,1.0,0.26,14.0,Air Core,https://www.parts-express.com/Dayton-Audio-LW141-1.0mH-14-AWG-Perfect-Layer-Inductor-257-320,29.98
255-100,Jantzen 5117 1.0mH 15 AWG P-Core Inductor,1.0,0.095,15.0,Solid Core,https://www.parts-express.com/Jantzen-5117-1.0mH-15-AWG-P-Core-Inductor-255-100,16.87
255-422,Jantzen 1898 1.0mH 15 AWG Air Core Inductor,1.0,0.3,15.0,Air Core,https://www.parts-express.com/Jantzen-1898-1.0mH-15-AWG-Air-Core-Inductor-255-422,26.38
255-926,Jantzen L-0100 1.00mH 15 AWG Litz Wire Air Core,1.0,0.35,15.0,Air Core,https://www.parts-express.com/Jantzen-L-0100-1.00mH-15-AWG-Litz-Wire-Air-Core-Inductor-255-926,34.4
255-628,Jantzen 7825 1.0mH 16 AWG Copper Foil Inductor,1.0,0.34,16.0,Copper Foil,https://www.parts-express.com/Jantzen-7825-1.0mH-16-AWG-Copper-Foil-Inductor-255-628,10.75
255-515,Jantzen 8630 1.0mH 16 AWG Copper Foil Wax Coil,1.0,0.368,16.0,Copper Foil,https://www.parts-express.com/Jantzen-8630-1.0mH-16-AWG-Copper-Foil-Wax-Coil-255-515,57.25
257-628,Dayton Audio CF161 1.0mH 16 AWG Copper Foil Inductor,1.0,0.37,16.0,Copper Foil,https://www.parts-express.com/Dayton-Audio-CF161-1.0mH-16-AWG-Copper-Foil-Inductor-257-628,24.98
255-250,Jantzen 1239 1.0mH 18 AWG Air Core Inductor,1.0,0.48,18.0,Air Core,https://www.parts-express.com/Jantzen-1239-1.0mH-18-AWG-Air-Core-Inductor-255-250,26.38
257-826,Dayton Audio LW181 1.0mH 18 AWG Perfect Layer,1.0,0.51,18.0,Air Core,https://www.parts-express.com/Dayton-Audio-LW181-1.0mH-18-AWG-Perfect-Layer-Inductor-257-826,8.98
255-928,Jantzen L-0110 1.10mH 15 AWG Litz Wire Air Core,1.1,0.37,15.0,Air Core,https://www.parts-express.com/Jantzen-L-0110-1.10mH-15-AWG-Litz-Wire-Air-Core-Inductor-255-928,36.29
255-252,Jantzen 1078 1.1mH 18 AWG Air Core Inductor,1.1,0.57,18.0,Air Core,https://www.parts-express.com/Jantzen-1078-1.1mH-18-AWG-Air-Core-Inductor-255-252,14.15
257-322,Dayton Audio LW141-2 1.2mH 14 AWG Perfect Layer,1.2,0.29,14.0,Air Core,https://www.parts-express.com/Dayton-Audio-LW141-2-1.2mH-14-AWG-Perfect-Layer-Inductor-257-322,35.99
255-565,Jantzen 8375 1.2mH 14 AWG Copper Foil Wax Coil,1.2,0.293,14.0,Copper Foil,https://www.parts-express.com/Jantzen-8375-1.2mH-14-AWG-Copper-Foil-Wax-Coil-255-565,
255-102,Jantzen 5004 1.2mH 15 AWG P-Core Inductor,1.2,0.11,15.0,Solid Core,https://www.parts-express.com/Jantzen-5004-1.2mH-15-AWG-P-Core-Inductor-255-102,17.88
255-424,Jantzen 1899 1.2mH 15 AWG Air Core Inductor,1.2,0.33,15.0,Air Core,https://www.parts-express.com/Jantzen-1899-1.2mH-15-AWG-Air-Core-Inductor-255-424,26.81
255-254,Jantzen 1901 1.2mH 18 AWG Air Core Inductor,1.2,0.6,18.0,Air Core,https://www.parts-express.com/Jantzen-1901-1.2mH-18-AWG-Air-Core-Inductor-255-254,10.17
255-932,Jantzen L-0130 1.30mH 15 AWG Litz Wire Air Core,1.3,0.4,15.0,Air Core,https://www.parts-express.com/Jantzen-L-0130-1.30mH-15-AWG-Litz-Wire-Air-Core-Inductor-255-932,41.17
255-256,Jantzen 1048 1.3mH 18 AWG Air Core Inductor,1.3,0.61,18.0,Air Core,https://www.parts-express.com/Jantzen-1048-1.3mH-18-AWG-Air-Core-Inductor-255-256,16.92
255-258,Jantzen 1955 1.4mH 18 AWG Air Core Inductor,1.4,0.65,18.0,Air Core,https://www.parts-express.com/Jantzen-1955-1.4mH-18-AWG-Air-Core-Inductor-255-258,17.04
257-324,Dayton Audio LW141-5 1.5mH 14 AWG Perfect Layer,1.5,0.32,14.0,Air Core,https://www.parts-express.com/Dayton-Audio-LW141-5-1.5mH-14-AWG-Perfect-Layer-Inductor-257-324,
255-104,Jantzen 5203 1.5mH 15 AWG P-Core Inductor,1.5,0.12,15.0,Solid Core,https://www.parts-express.com/Jantzen-5203-1.5mH-15-AWG-P-Core-Inductor-255-104,
255-426,Jantzen 1469 1.5mH 15 AWG Air Core Inductor,1.5,0.38,15.0,Air Core,https://www.parts-express.com/Jantzen-1469-1.5mH-15-AWG-Air-Core-Inductor-255-426,31.31
255-936,Jantzen L-0150 1.50mH 15 AWG Litz Wire Air Core,1.5,0.45,15.0,Air Core,https://www.parts-express.com/Jantzen-L-0150-1.50mH-15-AWG-Litz-Wire-Air-Core-Inductor-255-936,44.21
257-832,Dayton Audio LW181-5 1.5mH 18 AWG Perfect Layer,1.5,0.64,18.0,Air Core,https://www.parts-express.com/Dayton-Audio-LW181-5-1.5mH-18-AWG-Perfect-Layer-Inductor-257-832,10.39
255-260,Jantzen 1087 1.5mH 18 AWG Air Core Inductor,1.5,0.67,18.0,Air Core,https://www.parts-express.com/Jantzen-1087-1.5mH-18-AWG-Air-Core-Inductor-255-260,
255-262,Jantzen 1516 1.7mH 18 AWG Air Core Inductor,1.7,0.72,18.0,Air Core,https://www.parts-express.com/Jantzen-1516-1.7mH-18-AWG-Air-Core-Inductor-255-262,16.81
255-263,Jantzen 0157 1.75mH 18 AWG Air Core Inductor,1.75,0.69,18.0,Air Core,https://www.parts-express.com/Jantzen-0157-1.75mH-18-AWG-Air-Core-Inductor-255-263,17.94
255-428,Jantzen 1484 1.8mH 15 AWG Air Core Inductor,1.8,0.42,15.0,Air Core,https://www.parts-express.com/Jantzen-1484-1.8mH-15-AWG-Air-Core-Inductor-255-428,32.79
255-530,Jantzen 0180 1.8 mH 15AWG Wax Air Coil,1.8,0.49,15.0,Air Core,https://www.parts-express.com/Jantzen-L-0180-1.8-mH-15AWG-Wax-Air-Coil-255-530,40.21
255-264,Jantzen 1131 1.8mH 18 AWG Air Core Inductor,1.8,0.74,18.0,Air Core,https://www.parts-express.com/Jantzen-1131-1.8mH-18-AWG-Air-Core-Inductor-255-264,18.67
255-157,Jantzen 5811 2.0mH 13 AWG P-Core Inductor Crosso,2.0,0.093,13.0,Solid Core,https://www.parts-express.com/Jantzen-5811-2.0mH-13-AWG-P-Core-Inductor-Crossover-Coil-255-157,
257-328,Dayton Audio LW142 2.0mH 14 AWG Perfect Layer,2.0,0.38,14.0,Air Core,https://www.parts-express.com/Dayton-Audio-LW142-2.0mH-14-AWG-Perfect-Layer-Inductor-257-328,
255-430,Jantzen 1166 2.0mH 15 AWG Air Core Inductor,2.0,0.5,15.0,Air Core,https://www.parts-express.com/Jantzen-1166-2.0mH-15-AWG-Air-Core-Inductor-255-430,
255-938,Jantzen L-0200 2.00mH 15 AWG Litz Wire Air Core,2.0,0.52,15.0,Air Core,https://www.parts-express.com/Jantzen-L-0200-2.00mH-15-AWG-Litz-Wire-Air-Core-Inductor-255-938,42.06
257-834,Dayton Audio LW182 2.0mH 18 AWG Perfect Layer,2.0,0.79,18.0,Air Core,https://www.parts-express.com/Dayton-Audio-LW182-2.0mH-18-AWG-Perfect-Layer-Inductor-257-834,12.98
255-266,Jantzen 1063 2.0mH 18 AWG Air Core Inductor,2.0,0.8,18.0,Air Core,https://www.parts-express.com/Jantzen-1063-2.0mH-18-AWG-Air-Core-Inductor-255-266,18.52
255-808,Jantzen 6085 2.2mH 14 AWG C-Coil Toroidal Inductor,2.2,0.06,14.0,Solid Core,https://www.parts-express.com/Jantzen-6085-2.2mH-14-AWG-C-Coil-Toroidal-Inductor-255-808,
255-108,Jantzen 5010 2.2mH 15 AWG P-Core Inductor,2.2,0.15,15.0,Solid Core,https://www.parts-express.com/Jantzen-5010-2.2mH-15-AWG-P-Core-Inductor-255-108,41.04
255-432,Jantzen 1495 2.2mH 15 AWG Air Core Inductor,2.2,0.52,15.0,Air Core,https://www.parts-express.com/Jantzen-1495-2.2mH-15-AWG-Air-Core-Inductor-255-432,21.08
257-332,Dayton Audio LW142-5 2.5mH 14 AWG Perfect Layer,2.5,0.43,14.0,Air Core,https://www.parts-express.com/Dayton-Audio-LW142-5-2.5mH-14-AWG-Perfect-Layer-Inductor-257-332,46.98
255-270,Jantzen 1088 2.5mH 18 AWG Air Core Inductor,2.5,0.88,18.0,Air Core,https://www.parts-express.com/Jantzen-1088-2.5mH-18-AWG-Air-Core-Inductor-255-270,
257-836,Dayton Audio LW182-5 2.5mH 18 AWG Perfect Layer,2.5,0.91,18.0,Air Core,https://www.parts-express.com/Dayton-Audio-LW182-5-2.5mH-18-AWG-Perfect-Layer-Inductor-257-836,20.31
255-110,Jantzen 5118 2.7mH 15 AWG P-Core Inductor,2.7,0.155,15.0,Solid Core,https://www.parts-express.com/Jantzen-5118-2.7mH-15-AWG-P-Core-Inductor-255-110,22.38
255-434,Jantzen 1802 2.7mH 15 AWG Air Core Inductor,2.7,0.59,15.0,Air Core,https://www.parts-express.com/Jantzen-1802-2.7mH-15-AWG-Air-Core-Inductor-255-434,44.4
255-272,Jantzen 1307 2.7mH 18 AWG Air Core Inductor,2.7,0.92,18.0,Air Core,https://www.parts-express.com/Jantzen-1307-2.7mH-18-AWG-Air-Core-Inductor-255-272,21.13
255-436,Jantzen 1894 3.0mH 15 AWG Air Core Inductor,3.0,0.64,15.0,Air Core,https://www.parts-express.com/Jantzen-1894-3.0mH-15-AWG-Air-Core-Inductor-255-436,48.21
255-274,Jantzen 1068 3.0mH 18 AWG Air Core Inductor,3.0,0.99,18.0,Air Core,https://www.parts-express.com/Jantzen-1068-3.0mH-18-AWG-Air-Core-Inductor-255-274,21.69
257-838,Dayton Audio LW183 3.0mH 18 AWG Perfect Layer,3.0,1.0,18.0,Air Core,https://www.parts-express.com/Dayton-Audio-LW183-3.0mH-18-AWG-Perfect-Layer-Inductor-257-838,
255-812,Jantzen 6125 3.3mH 14 AWG C-Coil Toroidal Inductor,3.3,0.07,14.0,Solid Core,https://www.parts-express.com/Jantzen-6125-3.3mH-14-AWG-C-Coil-Toroidal-Inductor-255-812,56.06
255-112,Jantzen 5229 3.3mH 15 AWG P-Core Inductor,3.3,0.17,15.0,Solid Core,https://www.parts-express.com/Jantzen-5229-3.3mH-15-AWG-P-Core-Inductor-255-112,23.6
255-438,Jantzen 1494 3.3mH 15 AWG Air Core Inductor,3.3,0.66,15.0,Air Core,https://www.parts-express.com/Jantzen-1494-3.3mH-15-AWG-Air-Core-Inductor-255-438,
255-276,Jantzen 1070 3.3mH 18 AWG Air Core Inductor,3.3,1.04,18.0,Air Core,https://www.parts-express.com/Jantzen-1070-3.3mH-18-AWG-Air-Core-Inductor-255-276,22.81
255-278,Jantzen 1975 3.5mH 18 AWG Air Core Inductor,3.5,1.1,18.0,Air Core,https://www.parts-express.com/Jantzen-1975-3.5mH-18-AWG-Air-Core-Inductor-255-278,23.37
255-163,Jantzen 5836 3.6mH 13 AWG P-Core Inductor Crosso,3.6,0.15,13.0,Solid Core,https://www.parts-express.com/Jantzen-5836-3.6mH-13-AWG-P-Core-Inductor-Crossover-Coil-255-163,37.6
255-816,Jantzen 6170 3.9mH 14 AWG C-Coil Toroidal Inductor,3.9,0.069,14.0,Solid Core,https://www.parts-express.com/Jantzen-6170-3.9mH-14-AWG-C-Coil-Toroidal-Inductor-255-816,69.75
255-114,Jantzen 5228 3.9mH 15 AWG P-Core Inductor,3.9,0.19,15.0,Solid Core,https://www.parts-express.com/Jantzen-5228-3.9mH-15-AWG-P-Core-Inductor-255-114,24.94
255-440,Jantzen 1099 4.0mH 15 AWG Air Core Inductor,4.0,0.72,15.0,Air Core,https://www.parts-express.com/Jantzen-1099-4.0mH-15-AWG-Air-Core-Inductor-255-440,54.38
255-280,Jantzen 1956 4.0mH 18 AWG Air Core Inductor,4.0,1.15,18.0,Air Core,https://www.parts-express.com/Jantzen-1956-4.0mH-18-AWG-Air-Core-Inductor-255-280,
257-842,Dayton Audio LW184 4.0mH 18 AWG Perfect Layer,4.0,1.2,18.0,Air Core,https://www.parts-express.com/Dayton-Audio-LW184-4.0mH-18-AWG-Perfect-Layer-Inductor-257-842,
255-282,Jantzen 1957 4.5mH 18 AWG Air Core Inductor,4.5,1.25,18.0,Air Core,https://www.parts-express.com/Jantzen-1957-4.5mH-18-AWG-Air-Core-Inductor-255-282,
255-820,Jantzen 6225 4.7mH 14 AWG C-Coil Toroidal Inductor,4.7,0.072,14.0,Solid Core,https://www.parts-express.com/Jantzen-6225-4.7mH-14-AWG-C-Coil-Toroidal-Inductor-255-820,
255-116,Jantzen 5119 4.7mH 15 AWG P-Core Inductor,4.7,0.22,15.0,Solid Core,https://www.parts-express.com/Jantzen-5119-4.7mH-15-AWG-P-Core-Inductor-255-116,
255-284,Jantzen 1892 5.0mH 18 AWG Air Core Inductor,5.0,1.3,18.0,Air Core,https://www.parts-express.com/Jantzen-1892-5.0mH-18-AWG-Air-Core-Inductor-255-284,27.4
257-846,Dayton Audio LW185 5.0mH 18 AWG Perfect Layer,5.0,1.33,18.0,Air Core,https://www.parts-express.com/Dayton-Audio-LW185-5.0mH-18-AWG-Perfect-Layer-Inductor-257-846,
255-285,Jantzen 0805 5.4mH 18 AWG Air Core Inductor Crosso,5.4,1.33,18.0,Air Core,https://www.parts-express.com/Jantzen-0805-5.4mH-18-AWG-Air-Core-Inductor-Crossover-Coil-255-285,
257-848,Dayton Audio LW185-5 5.5mH 18 AWG Perfect Layer,5.5,1.47,18.0,Air Core,https://www.parts-express.com/Dayton-Audio-LW185-5-5.5mH-18-AWG-Perfect-Layer-Inductor-257-848,22.98
255-824,Jantzen 6295 5.6mH 14 AWG C-Coil Toroidal Inductor,5.6,0.078,14.0,Solid Core,https://www.parts-express.com/Jantzen-6295-5.6mH-14-AWG-C-Coil-Toroidal-Inductor-255-824,72.48
255-118,Jantzen 5176 5.6mH 15 AWG P-Core Inductor,5.6,0.25,15.0,Solid Core,https://www.parts-express.com/Jantzen-5176-5.6mH-15-AWG-P-Core-Inductor-255-118,28.44
255-286,Jantzen 1958 6.0mH 18 AWG Air Core Inductor,6.0,1.45,18.0,Air Core,https://www.parts-express.com/Jantzen-1958-6.0mH-18-AWG-Air-Core-Inductor-255-286,
257-850,Dayton Audio LW186 6.0mH 18 AWG Perfect Layer,6.0,1.48,18.0,Air Core,https://www.parts-express.com/Dayton-Audio-LW186-6.0mH-18-AWG-Perfect-Layer-Inductor-257-850,22.98
255-120,Jantzen 5173 6.8mH 15 AWG P-Core Inductor,6.8,0.29,15.0,Solid Core,https://www.parts-express.com/Jantzen-5173-6.8mH-15-AWG-P-Core-Inductor-255-120,31.23
255-446,Jantzen 1506 7.0mH 15 AWG Air Core Inductor,7.0,0.98,15.0,Air Core,https://www.parts-express.com/Jantzen-1506-7.0mH-15-AWG-Air-Core-Inductor-255-446,70.56
255-288,Jantzen 1959 7.0mH 18 AWG Air Core Inductor,7.0,1.6,18.0,Air Core,https://www.parts-express.com/Jantzen-1959-7.0mH-18-AWG-Air-Core-Inductor-255-288,
257-852,Dayton Audio LW187 7.0mH 18 AWG Perfect Layer,7.0,1.62,18.0,Air Core,https://www.parts-express.com/Dayton-Audio-LW187-7.0mH-18-AWG-Perfect-Layer-Inductor-257-852,24.98
255-290,Jantzen 1960 8.0mH 18 AWG Air Core Inductor,8.0,1.75,18.0,Air Core,https://www.parts-express.com/Jantzen-1960-8.0mH-18-AWG-Air-Core-Inductor-255-290,35.81
257-854,Dayton Audio LW188 8.0mH 18 AWG Perfect Layer,8.0,1.8,18.0,Air Core,https://www.parts-express.com/Dayton-Audio-LW188-8.0mH-18-AWG-Perfect-Layer-Inductor-257-854,24.98
255-832,Jantzen 6430 8.2mH 14 AWG C-Coil Toroidal Inductor,8.2,0.095,14.0,Solid Core,https://www.parts-express.com/Jantzen-6430-8.2mH-14-AWG-C-Coil-Toroidal-Inductor-255-832,74.46
255-122,Jantzen 5329 8.2mH 15 AWG P-Core Inductor,8.2,0.33,15.0,Solid Core,https://www.parts-express.com/Jantzen-5329-8.2mH-15-AWG-P-Core-Inductor-255-122,32.67
255-836,Jantzen 6485 10mH 14 AWG C-Coil Toroidal Inductor,10.0,0.102,14.0,Solid Core,https://www.parts-express.com/Jantzen-6485-10mH-14-AWG-C-Coil-Toroidal-Inductor-255-836,
255-124,Jantzen 5387 10mH 15 AWG P-Core Inductor,10.0,0.39,15.0,Solid Core,https://www.parts-express.com/Jantzen-5387-10mH-15-AWG-P-Core-Inductor-255-124,38.31
255-448,Jantzen 1601 10mH 15 AWG Air Core Inductor,10.0,1.2,15.0,Air Core,https://www.parts-express.com/Jantzen-1601-10mH-15-AWG-Air-Core-Inductor-255-448,88.88
255-294,Jantzen 1962 10mH 18 AWG Air Core Inductor,10.0,1.95,18.0,Air Core,https://www.parts-express.com/Jantzen-1962-10mH-18-AWG-Air-Core-Inductor-255-294,39.38
257-858,Dayton Audio LW1810 10mH 18 AWG Perfect Layer,10.0,2.03,18.0,Air Core,https://www.parts-express.com/Dayton-Audio-LW1810-10mH-18-AWG-Perfect-Layer-Inductor-257-858,31.98
255-840,Jantzen 6515 12mH 14 AWG C-Coil Toroidal Inductor,12.0,0.114,14.0,Solid Core,https://www.parts-express.com/Jantzen-6515-12mH-14-AWG-C-Coil-Toroidal-Inductor-255-840,78.9
255-296,Jantzen 1971 12mH 18 AWG Air Core Inductor,12.0,2.05,18.0,Air Core,https://www.parts-express.com/Jantzen-1971-12mH-18-AWG-Air-Core-Inductor-255-296,43.37
255-841,Jantzen 6540 13mH 12 AWG C-Coil Toroidal Inductor,13.0,0.1,12.0,Solid Core,https://www.parts-express.com/Jantzen-6540-13mH-12-AWG-C-Coil-Toroidal-Inductor-255-841,6.29
255-128,Jantzen 5241 15mH 15 AWG P-Core Inductor,15.0,0.55,15.0,Solid Core,https://www.parts-express.com/Jantzen-5241-15mH-15-AWG-P-Core-Inductor-255-128,46.98
255-842,Jantzen 6577 16mH 14 AWG C-Coil Toroidal Inductor,16.0,0.16,14.0,Solid Core,https://www.parts-express.com/Jantzen-6577-16mH-14-AWG-C-Coil-Toroidal-Inductor-255-842,122.85
255-298,Jantzen 0873 16mH 18 AWG Air Core Inductor,16.0,2.66,18.0,Air Core,https://www.parts-express.com/Jantzen-0873-16mH-18-AWG-Air-Core-Inductor-255-298,51.73
255-844,Jantzen 6595 18mH 14 AWG C-Coil Toroidal Inductor,18.0,0.174,14.0,Solid Core,https://www.parts-express.com/Jantzen-6595-18mH-14-AWG-C-Coil-Toroidal-Inductor-255-844,103.23
255-117,Jantzen 5489 5.500 mH 15 AWG Iron Core Wire Coil Wi,5.5,0.26,15.0,Solid Core,https://www.parts-express.com/Jantzen-5489-5.500-mH-15-AWG-Iron-Core-Wire-Coil-With-Discs-255-117,28.33
257-650,Dayton Audio IC181 1.0mH 18 AWG I Core Inductor,1.0,0.19,18.0,Solid core,https://www.parts-express.com/Dayton-Audio-IC181-1.0mH-18-AWG-Laminated-Iron-Core-Inductor-257-650,6.39
257-652,Dayton Audio IC181-5 1.5mH 18 AWG I Core Inductor,1.5,0.24,18.0,Solid core,https://www.parts-express.com/Dayton-Audio-IC181-5-1.5mH-18-AWG-Laminated-Iron-Core-Inductor-257-652,7.29
257-654,Dayton Audio IC182 2.0mH 18 AWG I Core Inductor,2.0,0.29,18.0,Solid core,https://www.parts-express.com/Dayton-Audio-IC182-2.0mH-18-AWG-Laminated-Iron-Core-Inductor-257-654,8.39
257-656,Dayton Audio IC182-5 2.5mH 18 AWG I Core Inductor,2.5,0.31,18.0,Solid core,https://www.parts-express.com/Dayton-Audio-IC182-5-2.5mH-18-AWG-Laminated-Iron-Core-Inductor-257-656,8.89
257-658,Dayton Audio IC183 3.0mH 18 AWG I Core Inductor,3.0,0.36,18.0,Solid core,https://www.parts-express.com/Dayton-Audio-IC183-3.0mH-18-AWG-Laminated-Iron-Core-Inductor-257-658,9.49
257-660,Dayton Audio IC183-5 3.5mH 18 AWG I Core Inductor,3.5,0.39,18.0,Solid core,https://www.parts-express.com/Dayton-Audio-IC183-5-3.5mH-18-AWG-Laminated-Iron-Core-Inductor-257-660,9.79
257-662,Dayton Audio IC184 4.0mH 18 AWG I Core Inductor,4.0,0.44,18.0,Solid core,https://www.parts-express.com/Dayton-Audio-IC184-4.0mH-18-AWG-Laminated-Iron-Core-Inductor-257-662,10.29
257-664,Dayton Audio IC184-5 4.5mH 18 AWG I Core Inductor,4.5,0.46,18.0,Solid core,https://www.parts-express.com/Dayton-Audio-IC184-5-4.5mH-18-AWG-Laminated-Iron-Core-Inductor-257-664,10.99
257-666,Dayton Audio IC184-7 4.7mH 18 AWG I Core Inductor,4.7,0.47,18.0,Solid core,https://www.parts-express.com/Dayton-Audio-IC184-7-4.7mH-18-AWG-Laminated-Iron-Core-Inductor-257-666,11.39
257-668,Dayton Audio IC185 5.0mH 18 AWG I Core Inductor,5.0,0.49,18.0,Solid core,https://www.parts-express.com/Dayton-Audio-IC185-5.0mH-18-AWG-Laminated-Iron-Core-Inductor-257-668,12.19
257-670,Dayton Audio IC185-5 5.5mH 18 AWG I Core Inductor,5.5,0.5,18.0,Solid core,https://www.parts-express.com/Dayton-Audio-IC185-5-5.5mH-18-AWG-Laminated-Iron-Core-Inductor-257-670,13.29
257-672,Dayton Audio IC186 6.0mH 18 AWG I Core Inductor,6.0,0.55,18.0,Solid core,https://www.parts-express.com/Dayton-Audio-IC186-6.0mH-18-AWG-Laminated-Iron-Core-Inductor-257-672,13.69
257-674,Dayton Audio IC187 7.0mH 18 AWG I Core Inductor,7.0,0.61,18.0,Solid core,https://www.parts-express.com/Dayton-Audio-IC187-7.0mH-18-AWG-Laminated-Iron-Core-Inductor-257-674,14.79
257-676,Dayton Audio IC188 8.0mH 18 AWG I Core Inductor,8.0,0.66,18.0,Solid core,https://www.parts-express.com/Dayton-Audio-IC188-8.0mH-18-AWG-Laminated-Iron-Core-Inductor-257-676,15.98
257-678,Dayton Audio IC189 9.0mH 18 AWG I Core Inductor,9.0,0.72,18.0,Solid core,https://www.parts-express.com/Dayton-Audio-IC189-9.0mH-18-AWG-Laminated-Iron-Core-Inductor-257-678,16.98
257-680,Dayton Audio IC1810 10mH 18 AWG I Core Inductor,10.0,0.78,18.0,Solid core,https://www.parts-express.com/Dayton-Audio-IC1810-10mH-18-AWG-Laminated-Iron-Core-Inductor-257-680,18.29
